timestamp,ch
108,52
108,69
108,70
108,114
308,12
308,13
308,39
308,40
507,32
507,42
507,43
706,29
706,30
706,31
706,32
706,35
706,36
706,37
706,38
706,39
706,40
706,41
905,6
905,7
905,36
905,37
905,38
905,39
905,42
905,63
1104,44
1104,65
1104,66
1303,10
1303,11
1701,30
1701,37
1701,76
1900,21
1900,22
1900,32
1900,33
2497,2
2497,26
2497,27
2696,51
2696,68
2895,13
3094,32
3094,43
3094,44
3293,20
3293,21
3293,35
3293,37
3293,38
3293,39
3293,84
3293,85
3492,6
3492,7
3492,52
3492,53
3492,63
3492,64
3691,65
3691,66
3691,83
3691,93
3691,94
3890,10
3890,11
4089,26
4089,33
4089,36
4089,37
4089,38
4288,30
4288,32
4288,33
4288,34
4288,35
4288,37
4288,38
4288,39
4288,40
4288,41
4288,44
4288,76
4487,21
4487,22
4487,32
4487,33
4487,38
4487,39
4487,40
4487,41
4487,42
4686,38
4686,39
4686,42
4885,115
5084,26
5084,27
5084,123
5084,124
5283,51
5283,52
5283,68
5283,69
5482,13
5482,14
5482,40
5482,98
5681,32
5681,43
5681,44
5681,49
5681,77
5681,78
5880,32
5880,39
5880,40
5880,41
5880,73
5880,74
6079,7
6079,25
6079,63
6079,64
6079,120
6278,41
6278,65
6278,66
6278,95
6477,10
6477,11
6477,35
6676,40
6676,121
6875,33
6875,34
6875,35
6875,37
6875,38
6875,39
6875,40
6875,41
6875,59
6875,76
7074,21
7074,22
7074,32
7074,33
7074,89
7074,90
7472,32
7472,33
7472,34
7472,35
7472,38
7472,40
7472,41
7671,26
7671,27
7671,34
7671,36
7671,37
7671,38
7671,39
7671,40
7671,41
7671,42
7671,43
7870,35
7870,36
7870,37
7870,38
7870,39
7870,41
7870,42
7870,51
7870,52
7870,68
7870,69
7870,114
8069,13
8069,14
8069,38
8069,39
8069,41
8069,42
8069,43
8069,44
8069,45
8268,32
8268,33
8268,43
8268,44
8467,31
8467,39
8467,41
8467,42
8467,43
8666,7
8666,8
8666,12
8666,25
8666,29
8666,31
8666,64
8865,29
8865,65
8865,66
9064,10
9064,11
9064,96
9064,97
9263,120
9263,121
9462,37
9462,76
9661,21
9661,22
9661,33
9661,34
9661,90
10059,117
10258,27
10258,43
10457,19
10457,20
10457,51
10457,52
10457,68
10457,69
10656,13
10656,14
10855,32
10855,33
10855,35
10855,36
10855,40
10855,41
10855,43
10855,44
10855,45
11054,30
11054,31
11054,32
11054,33
11054,36
11054,37
11054,38
11054,39
11054,41
11253,7
11253,8
11253,25
11253,29
11253,32
11253,33
11253,34
11253,64
11452,36
11452,38
11452,39
11452,40
11452,41
11452,42
11452,66
11452,67
11651,10
11651,11
11651,27
11651,37
11651,44
11850,33
11850,34
12049,37
12049,38
12049,65
12248,21
12248,22
12248,33
12248,34
12248,113
12646,71
12845,27
12845,28
12845,35
12845,36
13044,32
13044,51
13044,52
13044,68
13044,69
13243,13
13243,14
13243,29
13442,7
13442,32
13442,33
13442,43
13442,44
13641,85
13641,86
13840,7
13840,8
13840,10
13840,25
13840,64
13840,71
14039,66
14039,67
14238,11
14238,12
14238,13
14437,32
14437,33
14437,34
14437,35
14437,36
14437,37
14437,38
14437,39
14437,71
14636,24
14636,37
14636,38
14835,22
14835,30
14835,31
14835,32
14835,33
14835,34
14835,35
14835,36
14835,37
14835,38
15034,17
15034,42
15034,45
15233,72
15233,79
15432,27
15432,28
15432,34
15631,51
15631,52
15631,69
15830,13
15830,14
15830,29
15830,63
16029,32
16029,33
16029,34
16029,35
16029,36
16029,37
16029,44
16029,45
16427,7
16427,8
16427,25
16427,32
16427,38
16427,64
16427,71
16626,64
16626,65
16626,66
16626,67
16825,11
16825,12
16825,67
17223,29
17223,30
17223,31
17223,33
17223,34
17223,35
17223,36
17223,37
17223,38
17223,39
17223,40
17223,41
17223,42
17223,45
17422,22
17422,33
17422,34
17621,1
17621,2
17820,29
17820,30
17820,33
17820,34
17820,35
17820,39
17820,69
18019,27
18019,28
18019,34
18019,77
18218,28
18218,34
18218,37
18218,38
18218,39
18218,52
18218,53
18218,69
18218,70
18417,14
18417,15
18417,33
18417,34
18417,35
18417,38
18417,39
18417,40
18417,41
18616,32
18616,33
18616,43
18616,44
18616,45
19014,8
19014,25
19014,26
19014,64
19014,71
19213,42
19213,66
19213,67
19412,11
19412,12
19412,30
19412,31
19412,32
19412,33
19412,36
19412,37
19412,38
19412,39
19412,41
19412,42
19810,37
19810,38
19810,42
19810,94
19810,95
20009,22
20009,33
20009,34
20407,40
20606,25
20606,27
20606,28
20606,34
20805,52
20805,53
20805,69
20805,70
21004,14
21004,15
21203,33
21203,34
21203,44
21203,45
21402,105
21402,106
21601,8
21601,9
21601,25
21601,26
21601,35
21601,38
21601,39
21601,71
21800,29
21800,30
21800,31
21800,36
21800,37
21800,38
21800,39
21800,40
21800,41
21800,42
21800,43
21800,66
21800,67
21999,11
21999,12
21999,36
21999,37
21999,38
21999,39
22198,45
22397,29
22397,30
22397,31
22397,34
22397,38
22397,39
22397,40
22397,66
22397,67
22596,22
22596,34
22596,42
22795,43
22795,44
22795,45
22994,34
22994,35
22994,36
22994,39
22994,40
22994,41
22994,42
23193,26
23193,28
23193,34
23392,52
23392,53
23392,59
23392,69
23392,70
23591,14
23591,15
23790,2
23790,33
23790,34
23790,44
23790,45
23790,50
23989,33
24188,8
24188,9
24188,25
24188,26
24188,71
24387,67
24586,11
24586,12
24586,20
24984,21
24984,22
24984,32
24984,33
24984,34
24984,35
24984,36
24984,38
24984,39
24984,78
25183,22
25183,23
25183,33
25183,34
25183,35
25183,36
25183,37
25183,38
25183,39
25183,40
25183,41
25183,42
25183,43
25183,46
25183,63
25183,65
25183,66
25382,8
25382,32
25382,33
25382,34
25382,35
25382,38
25581,37
25581,38
25581,39
25581,40
25581,41
25581,42
25780,28
25780,29
25780,32
25780,33
25780,34
25780,36
25780,37
25780,42
25780,45
25979,2
25979,52
25979,53
25979,58
25979,59
25979,69
25979,70
26178,14
26178,15
26178,39
26178,40
26178,60
26178,61
26178,79
26377,5
26377,6
26377,7
26377,8
26377,33
26377,34
26377,44
26377,45
26576,41
26775,8
26775,9
26775,25
26775,26
26775,55
26775,65
26775,66
26775,71
26775,72
26974,16
26974,17
26974,27
26974,28
26974,67
26974,68
27173,12
27173,13
27173,32
27173,33
27173,36
27173,37
27173,38
27173,39
27173,40
27173,42
27173,83
27173,84
27372,32
27571,21
27571,22
27571,32
27571,33
27571,38
27571,39
27571,77
27571,78
27571,79
27770,23
27770,24
27770,34
27770,35
27770,46
27770,63
27969,2
27969,3
27969,8
28168,38
28367,28
28367,29
28367,34
28367,35
28367,45
28566,2
28566,6
28566,18
28566,19
28566,28
28566,29
28566,52
28566,53
28566,58
28566,59
28566,70
28765,14
28765,15
28765,28
28765,36
28765,60
28765,61
28765,63
28765,64
28964,5
28964,6
28964,33
28964,34
28964,35
28964,36
28964,37
28964,38
28964,41
28964,45
28964,46
29163,41
29163,42
29163,43
29163,44
29163,45
29362,8
29362,9
29362,25
29362,26
29362,34
29362,35
29362,65
29362,66
29362,71
29362,72
29561,16
29561,17
29561,24
29561,27
29561,28
29561,64
29561,67
29561,68
29760,12
29760,13
29760,15
29760,16
29760,40
29959,33
29959,34
29959,35
29959,38
29959,39
29959,40
30158,1
30158,21
30158,22
30158,32
30158,33
30158,38
30158,39
30158,40
30158,64
30158,78
30158,79
30357,23
30357,24
30357,34
30357,35
30357,46
30357,47
30357,63
30357,64
30556,8
30556,34
30556,35
30556,38
30755,38
30755,39
30755,110
30954,28
30954,29
30954,34
30954,35
30954,45
30954,53
30954,55
31153,2
31153,39
31153,53
31153,54
31153,58
31153,59
31153,70
31153,71
31352,15
31352,16
31352,39
31352,60
31352,61
31551,5
31551,6
31551,33
31551,34
31551,45
31551,46
31750,41
31750,42
31949,9
31949,14
31949,26
31949,27
31949,28
31949,29
31949,30
31949,33
31949,65
31949,66
31949,71
31949,72
32148,16
32148,17
32148,27
32148,28
32148,67
32148,68
32148,98
32347,12
32347,13
32347,28
32347,31
32347,32
32347,33
32347,34
32347,37
32347,38
32347,42
32546,36
32546,37
32546,38
32546,39
32546,40
32546,41
32546,46
32745,21
32745,22
32745,33
32745,38
32745,39
32745,41
32745,46
32745,78
32745,79
32944,23
32944,24
32944,34
32944,35
32944,46
32944,47
32944,63
32944,64
33143,8
33143,9
33143,33
33143,34
33143,35
33143,38
33143,39
33143,40
33143,41
33342,38
33342,39
33342,41
33342,42
33342,48
33541,28
33541,29
33541,34
33541,35
33541,39
33541,45
33740,2
33740,3
33740,19
33740,20
33740,27
33740,28
33740,29
33740,32
33740,33
33740,34
33740,53
33740,54
33740,59
33740,70
33740,71
33939,15
33939,16
33939,60
33939,61
34138,5
34138,6
34138,34
34138,35
34138,45
34138,46
34337,41
34337,42
34536,9
34536,10
34536,26
34536,27
34536,66
34536,67
34536,71
34536,72
34735,16
34735,17
34735,28
34735,30
34735,31
34735,67
34735,68
34934,12
34934,13
35133,44
35133,45
35332,21
35332,22
35332,32
35332,33
35332,39
35332,78
35332,79
35531,23
35531,24
35531,25
35531,28
35531,32
35531,33
35531,34
35531,35
35531,36
35531,43
35531,44
35531,46
35531,47
35531,49
35531,50
35531,63
35531,64
35730,8
35730,9
35730,11
35730,12
35730,33
35730,34
35730,35
35730,38
35730,39
35730,40
35730,41
35929,28
35929,31
35929,32
35929,33
35929,34
35929,35
35929,36
35929,37
35929,38
35929,39
35929,40
35929,41
35929,42
35929,46
36128,29
36128,34
36128,35
36128,36
36128,39
36128,42
36327,2
36327,3
36327,38
36327,39
36327,53
36327,54
36327,59
36327,60
36327,67
36327,68
36327,70
36327,71
36526,15
36526,16
36526,34
36526,36
36526,37
36526,38
36526,39
36526,42
36526,61
36725,5
36725,6
36725,34
36725,35
36725,45
36725,46
36924,33
36924,34
36924,35
36924,41
36924,42
37123,9
37123,10
37123,26
37123,27
37123,33
37123,66
37123,67
37123,71
37123,72
37322,16
37322,17
37322,28
37322,29
37322,38
37322,68
37521,12
37521,13
37521,25
37720,108
37720,110
37919,22
37919,23
37919,33
37919,39
37919,40
37919,79
38118,23
38118,24
38118,35
38118,36
38118,46
38118,47
38118,63
38118,64
38118,66
38118,67
38317,8
38317,9
38516,28
38516,38
38516,39
38715,29
38715,30
38715,34
38715,35
38715,37
38715,38
38914,2
38914,3
38914,34
38914,35
38914,39
38914,40
38914,53
38914,54
38914,59
38914,60
38914,70
38914,71
39113,15
39113,16
39113,34
39113,35
39113,36
39113,37
39113,40
39113,61
39113,62
39312,6
39312,7
39312,8
39312,9
39312,27
39312,32
39312,33
39312,34
39312,35
39312,36
39312,37
39312,38
39312,39
39312,42
39312,43
39312,44
39312,45
39312,46
39511,28
39511,29
39511,32
39511,33
39511,34
39511,36
39511,37
39511,38
39511,39
39511,40
39511,41
39511,42
39511,43
39511,44
39511,49
39511,87
39511,88
39710,9
39710,10
39710,19
39710,26
39710,27
39710,33
39710,42
39710,45
39710,66
39710,67
39710,72
39710,73
39909,17
39909,18
39909,28
39909,29
39909,68
39909,69
40108,13
40108,14
40307,34
40506,22
40506,23
40506,33
40506,39
40506,40
40506,79
40705,24
40705,25
40705,35
40705,36
40705,46
40705,47
40705,63
40705,64
40904,8
40904,9
41103,28
41103,29
41103,32
41103,35
41103,36
41103,37
41103,38
41103,39
41103,41
41103,42
41103,43
41302,29
41302,30
41302,35
41302,36
41501,2
41501,3
41501,35
41501,40
41501,41
41501,53
41501,54
41501,59
41501,60
41501,70
41501,71
41700,15
41700,16
41700,25
41700,26
41700,29
41700,30
41700,31
41700,34
41700,36
41700,37
41700,38
41700,61
41700,62
41700,64
41700,65
41899,6
41899,7
41899,34
41899,35
41899,46
41899,47
41899,51
42098,42
42098,87
42098,88
42098,99
42297,9
42297,10
42297,26
42297,27
42297,33
42297,35
42297,36
42297,66
42297,67
42297,72
42297,73
42496,17
42496,18
42496,28
42496,29
42496,31
42496,68
42496,69
42695,13
42695,14
42695,28
42695,29
42695,32
42695,33
42695,34
42695,35
42695,37
42894,28
42894,29
42894,30
42894,31
42894,34
42894,35
42894,36
43093,22
43093,23
43093,33
43093,36
43093,37
43093,38
43093,39
43093,40
43093,79
43292,24
43292,25
43292,35
43292,36
43292,47
43292,64
43292,65
43491,9
43690,28
43690,39
43690,40
43690,81
43889,29
43889,30
43889,35
43889,36
44088,2
44088,3
44088,54
44088,55
44088,59
44088,60
44088,71
44088,72
44287,16
44287,17
44287,61
44287,62
44486,6
44486,7
44486,19
44486,32
44486,34
44486,35
44486,37
44486,38
44486,39
44486,46
44486,47
44685,38
44685,39
44685,42
44685,65
44884,10
44884,27
44884,33
44884,66
44884,67
44884,72
44884,73
45083,17
45083,18
45083,28
45083,29
45083,68
45083,69
45083,86
45282,13
45282,14
45680,22
45680,23
45680,27
45680,32
45680,33
45680,36
45680,37
45680,38
45680,39
45680,40
45680,41
45680,42
45680,43
45680,44
45680,79
45879,3
45879,24
45879,25
45879,34
45879,35
45879,36
45879,47
45879,48
45879,64
45879,65
46078,9
46078,10
46078,28
46078,29
46078,30
46078,33
46078,34
46078,35
46277,28
46277,39
46277,40
46277,42
46277,43
46277,55
46476,29
46476,30
46476,31
46476,32
46476,33
46476,34
46476,35
46476,36
46476,37
46476,38
46476,39
46476,40
46675,3
46675,4
46675,34
46675,35
46675,39
46675,40
46675,41
46675,54
46675,55
46675,60
46675,71
46675,72
46675,116
46874,14
46874,16
46874,17
46874,40
46874,42
46874,61
46874,62
47073,6
47073,7
47073,35
47073,36
47073,46
47073,47
47272,39
47272,42
47471,10
47471,11
47471,27
47471,28
47471,33
47471,67
47471,72
47471,73
47670,17
47670,18
47670,29
47670,31
47670,32
47670,68
47670,69
47670,117
47869,13
47869,14
48068,77
48267,22
48267,23
48267,40
48267,79
48466,24
48466,25
48466,28
48466,29
48466,32
48466,33
48466,34
48466,35
48466,36
48466,37
48466,38
48466,39
48466,40
48466,47
48466,48
48466,50
48466,51
48466,64
48466,65
48665,9
48665,10
48665,12
48665,13
48864,28
48864,29
48864,39
48864,40
49063,30
49063,35
49063,36
49262,3
49262,4
49262,54
49262,55
49262,60
49262,61
49262,64
49262,68
49262,69
49262,71
49262,72
49461,16
49461,17
49461,29
49461,61
49461,62
49461,116
49660,6
49660,7
49660,35
49660,36
49660,46
49660,47
49859,28
49859,33
49859,34
49859,35
49859,36
49859,41
49859,42
50058,10
50058,11
50058,27
50058,28
50058,33
50058,34
50058,35
50058,36
50058,37
50058,38
50058,40
50058,41
50058,42
50058,46
50058,67
50058,72
50058,73
50257,17
50257,18
50257,29
50257,30
50257,42
50257,43
50257,44
50257,45
50257,47
50257,69
50456,13
50456,14
50854,40
50854,41
50854,68
50854,69
51053,16
51053,24
51053,25
51053,36
51053,37
51053,47
51053,48
51053,64
51053,65
51053,67
51053,68
51252,9
51252,10
51252,70
51252,71
51451,28
51451,29
51451,39
51451,40
51451,76
51451,77
51650,30
51650,31
51650,35
51650,36
51650,38
51650,39
51849,3
51849,4
51849,34
51849,36
51849,54
51849,55
51849,57
51849,60
51849,61
51849,67
51849,71
51849,72
52048,16
52048,17
52048,27
52048,62
52048,63
52247,7
52247,9
52247,10
52247,35
52247,36
52247,46
52247,47
52446,27
52446,28
52446,42
52645,10
52645,11
52645,19
52645,27
52645,28
52645,33
52645,34
52645,67
52645,73
52645,74
52844,18
52844,29
52844,30
52844,34
52844,69
52844,70
53043,11
53043,12
53043,14
53043,15
53043,80
53242,75
53242,76
53441,23
53441,24
53441,28
53441,30
53441,31
53441,32
53441,33
53441,36
53441,40
53441,41
53441,42
53441,43
53441,44
53441,45
53640,24
53640,25
53640,27
53640,28
53640,29
53640,36
53640,37
53640,38
53640,39
53640,40
53640,41
53640,47
53640,48
53640,49
53640,50
53640,51
53640,52
53640,55
53640,56
53640,64
53640,65
53839,9
53839,10
53839,45
53839,57
53839,58
53839,59
54038,28
54038,29
54038,40
54237,30
54237,31
54237,36
54237,37
54436,3
54436,4
54436,54
54436,55
54436,60
54436,61
54436,67
54436,71
54436,72
54436,104
54436,108
54635,16
54635,17
54635,62
54635,63
54635,65
54635,66
54834,7
54834,8
54834,35
54834,36
54834,47
54834,68
55033,34
55033,35
55033,36
55033,39
55033,40
55033,41
55033,42
55033,65
55033,66
55033,100
55232,10
55232,11
55232,27
55232,28
55232,33
55232,34
55232,36
55232,37
55232,67
55232,73
55232,74
55431,18
55431,19
55431,29
55431,30
55431,69
55431,70
55630,13
55630,14
55630,15
55630,35
55630,36
55630,39
55630,124
56028,23
56028,24
56028,40
56028,41
56028,69
56227,25
56227,34
56227,35
56227,36
56227,37
56227,39
56227,40
56227,48
56227,65
56227,66
56426,5
56426,10
56625,28
56625,29
56625,40
56625,41
56824,30
56824,31
56824,34
56824,35
56824,36
56824,37
56824,39
56824,40
56824,79
57023,3
57023,4
57023,31
57023,34
57023,37
57023,40
57023,55
57023,56
57023,60
57023,61
57023,67
57023,72
57023,73
57222,17
57222,18
57222,36
57222,37
57222,38
57222,41
57222,42
57222,43
57222,44
57222,62
57222,63
57421,7
57421,8
57421,35
57421,36
57421,47
57421,48
57819,10
57819,11
57819,28
57819,33
57819,34
57819,67
57819,73
57819,74
58018,18
58018,19
58018,29
58018,30
58018,69
58018,70
58217,14
58217,15
58416,29
58416,30
58416,32
58416,35
58416,42
58416,43
58416,47
58615,23
58615,24
58615,40
58615,41
58814,6
58814,7
58814,25
58814,36
58814,37
58814,48
58814,49
58814,65
58814,66
59013,4
59013,10
59013,11
59013,34
59013,36
59013,37
59013,40
59013,46
59212,29
59212,40
59212,41
59212,43
59212,44
59212,54
59411,30
59411,31
59411,32
59411,33
59411,34
59411,35
59411,36
59411,37
59411,74
59411,106
59411,107
59411,108
59411,113
59610,4
59610,5
59610,22
59610,53
59610,55
59610,56
59610,61
59610,67
59610,72
59610,73
59809,3
59809,14
59809,15
59809,17
59809,18
59809,62
59809,63
60008,7
60008,8
60008,36
60008,37
60008,47
60008,48
60207,28
60207,29
60207,30
60207,31
60207,34
60207,35
60207,36
60207,39
60207,40
60207,41
60207,42
60406,1
60406,11
60406,12
60406,16
60406,17
60406,28
60406,29
60406,33
60406,34
60406,35
60406,36
60406,37
60406,38
60406,39
60406,40
60406,41
60406,42
60406,73
60406,74
60605,18
60605,19
60605,30
60605,32
60605,33
60605,35
60605,36
60605,37
60605,38
60605,39
60605,40
60605,43
60605,44
60605,45
60605,46
60605,69
60605,70
60804,14
60804,15
61202,23
61202,24
61202,41
61401,25
61401,37
61401,40
61401,48
61401,49
61401,51
61401,52
61401,65
61401,66
61600,10
61600,11
61600,13
61600,14
61799,29
61799,30
61799,40
61799,41
61799,77
61799,78
61998,31
61998,36
61998,37
62197,4
62197,5
62197,22
62197,55
62197,56
62197,61
62197,62
62197,67
62197,69
62197,70
62197,72
62197,73
62396,17
62396,18
62396,27
62396,30
62396,33
62396,36
62396,37
62396,38
62396,39
62396,40
62396,41
62396,42
62396,62
62396,63
62595,7
62595,8
62595,36
62595,37
62595,40
62595,47
62595,48
62794,107
62993,11
62993,12
62993,17
62993,28
62993,29
62993,32
62993,33
62993,34
62993,35
62993,36
62993,37
62993,38
62993,41
62993,42
62993,43
62993,44
62993,55
62993,58
62993,59
62993,60
62993,61
62993,73
62993,74
62993,91
63192,15
63192,16
63192,17
63192,18
63192,19
63192,21
63192,28
63192,30
63192,31
63192,32
63192,33
63192,35
63192,36
63192,37
63192,38
63192,40
63192,41
63192,43
63192,70
63391,14
63391,15
63391,34
63391,35
63391,36
63391,40
63391,41
63391,42
63590,32
63590,35
63789,24
63789,25
63789,34
63789,37
63789,38
63789,39
63789,41
63789,42
63789,43
63988,1
63988,25
63988,33
63988,34
63988,35
63988,36
63988,37
63988,48
63988,49
63988,65
63988,66
63988,68
63988,69
64187,10
64187,11
64187,38
64187,39
64187,40
64187,41
64187,42
64187,46
64386,29
64386,30
64386,40
64386,41
64386,77
64386,78
64585,31
64585,36
64585,37
64585,39
64585,40
64784,4
64784,5
64784,22
64784,35
64784,55
64784,56
64784,61
64784,62
64784,67
64784,72
64784,73
64983,17
64983,18
64983,63
64983,64
65182,8
65182,10
65182,11
65182,36
65182,37
65182,47
65182,48
65381,47
65381,89
65381,90
65381,111
65580,11
65580,12
65580,20
65580,28
65580,29
65580,34
65580,35
65580,74
65580,75
65580,105
65580,106
65779,19
65779,28
65779,30
65779,31
65779,70
65779,71
65779,79
65779,107
65779,108
65978,15
65978,34
65978,35
65978,36
65978,37
65978,39
65978,40
65978,41
65978,42
66376,3
66376,24
66376,25
66376,27
66376,28
66376,29
66376,32
66376,33
66376,34
66376,35
66376,37
66376,41
66376,42
66376,69
66376,70
66376,108
66376,111
66376,112
66376,113
66575,33
66575,34
66575,35
66575,36
66575,37
66575,40
66575,41
66575,42
66575,48
66575,49
66575,65
66575,66
66774,10
66774,11
66774,25
66774,31
66973,29
66973,30
66973,41
66973,73
66973,74
67172,31
67172,36
67172,37
67172,38
67172,39
67172,40
67172,41
67371,4
67371,5
67371,22
67371,31
67371,55
67371,56
67371,61
67371,62
67371,67
67371,68
67371,72
67371,73
67570,17
67570,18
67570,31
67570,32
67570,33
67570,36
67570,37
67570,38
67570,39
67570,40
67570,41
67570,42
67570,43
67570,44
67570,45
67570,63
67570,64
67570,66
67570,67
67769,8
67769,9
67769,36
67769,37
67769,40
67769,41
67769,48
67968,41
68167,11
68167,12
68167,28
68167,29
68167,34
68167,35
68167,37
68167,38
68167,74
68167,75
68366,19
68366,20
68366,30
68366,31
68366,38
68366,39
68366,40
68366,70
68366,71
68565,15
68565,28
68565,29
68565,30
68565,31
68764,32
68963,24
68963,25
68963,31
68963,34
68963,38
68963,41
68963,42
68963,43
69162,14
69162,15
69162,17
69162,18
69162,28
69162,29
69162,30
69162,33
69162,34
69162,35
69162,36
69162,37
69162,38
69162,39
69162,40
69162,41
69162,42
69162,45
69162,46
69162,47
69162,49
69162,66
69162,67
69361,10
69361,11
69560,29
69560,30
69560,32
69560,33
69560,41
69560,42
69759,31
69759,37
69759,38
69958,4
69958,5
69958,22
69958,35
69958,38
69958,40
69958,41
69958,42
69958,56
69958,57
69958,61
69958,62
69958,67
69958,68
69958,73
69958,74
70157,18
70157,26
70157,63
70157,64
70356,8
70356,9
70356,36
70356,37
70356,48
70555,37
70555,40
70555,41
70555,42
70754,11
70754,12
70754,29
70754,34
70754,35
70754,74
70754,75
70953,19
70953,20
70953,27
70953,28
70953,29
70953,30
70953,31
70953,32
70953,33
70953,34
70953,35
70953,38
70953,39
70953,40
70953,41
70953,44
70953,45
70953,46
70953,70
70953,71
71152,15
71152,34
71152,35
71152,36
71152,37
71152,40
71152,41
71152,42
71351,42
71351,43
71351,44
71550,24
71550,25
71550,31
71550,41
71550,42
71550,70
71550,71
71749,37
71749,49
71749,50
71749,66
71749,67
71948,11
71948,12
72147,30
72147,34
72147,41
72147,42
72147,44
72147,45
72147,109
72147,110
72346,31
72346,33
72346,34
72346,35
72346,36
72346,37
72346,38
72346,39
72346,40
72346,41
72346,42
72346,45
72346,46
72545,5
72545,6
72545,22
72545,23
72545,53
72545,54
72545,56
72545,57
72545,61
72545,62
72545,67
72545,68
72545,73
72545,74
72744,15
72744,16
72744,18
72744,19
72744,34
72744,63
72744,64
72943,8
72943,9
72943,24
72943,27
72943,37
72943,38
72943,39
72943,40
72943,41
72943,44
72943,45
72943,48
72943,49
73341,12
73341,13
73341,29
73341,30
73341,34
73341,35
73341,74
73341,75
73540,19
73540,20
73540,30
73540,31
73540,32
73540,33
73540,34
73540,36
73540,37
73540,38
73540,39
73540,44
73540,45
73540,46
73540,70
73540,71
73739,15
73938,30
73938,31
73938,32
73938,33
73938,34
73938,35
73938,36
73938,38
73938,39
73938,42
73938,43
73938,44
74137,24
74137,25
74137,26
74137,31
74137,33
74137,34
74137,40
74137,41
74137,42
74336,14
74336,29
74336,30
74336,31
74336,34
74336,35
74336,36
74336,37
74336,38
74336,39
74336,40
74336,41
74336,49
74336,50
74336,52
74336,53
74336,56
74336,66
74336,67
74535,11
74535,12
74535,14
74535,15
74535,30
74535,31
74535,33
74535,36
74535,37
74535,38
74734,27
74734,28
74734,29
74734,30
74734,31
74734,33
74734,34
74734,37
74734,38
74734,39
74734,40
74734,41
74734,42
74933,37
74933,38
74933,45
75132,5
75132,6
75132,22
75132,23
75132,56
75132,57
75132,62
75132,63
75132,67
75132,68
75132,70
75132,71
75132,73
75132,74
75331,18
75331,19
75331,37
75331,63
75331,64
75331,71
75530,8
75530,9
75530,37
75530,38
75530,48
75928,12
75928,13
75928,29
75928,30
75928,35
75928,36
75928,37
75928,38
75928,39
75928,74
75928,75
76127,19
76127,20
76127,31
76127,32
76127,71
76326,15
76724,25
76724,26
76724,31
76724,42
76724,43
76923,49
76923,50
76923,56
76923,66
76923,67
76923,69
76923,70
77122,5
77122,11
77122,12
77122,36
77321,30
77321,31
77321,41
77321,42
77520,37
77520,38
77520,40
77520,41
77719,5
77719,6
77719,22
77719,23
77719,31
77719,32
77719,35
77719,36
77719,37
77719,38
77719,39
77719,41
77719,42
77719,43
77719,44
77719,56
77719,57
77719,62
77719,63
77719,68
77719,73
77719,74
77918,18
77918,19
77918,24
77918,25
77918,33
77918,34
77918,64
77918,65
78117,9
78117,11
78117,12
78117,33
78117,34
78117,35
78117,36
78117,37
78117,38
78117,39
78117,40
78117,41
78117,42
78117,45
78117,46
78117,48
78117,79
78117,97
78117,98
78316,41
78316,42
78316,43
78515,12
78515,13
78515,19
78515,21
78515,29
78515,30
78515,35
78515,36
78515,75
78515,76
78714,20
78714,31
78714,32
78714,45
78714,71
78714,89
78913,36
78913,37
78913,38
78913,39
78913,40
78913,41
78913,42
78913,43
78913,46
79311,25
79311,26
79311,31
79311,42
79311,43
79510,2
79510,49
79510,50
79510,56
79510,66
79510,67
79709,11
79709,12
79908,30
79908,31
79908,34
79908,41
79908,42
79908,110
79908,111
80107,38
80306,5
80306,6
80306,22
80306,23
80306,56
80306,57
80306,62
80306,63
80306,68
80306,69
80306,73
80306,74
80505,14
80505,18
80505,19
80505,24
80505,25
80505,38
80505,39
80505,40
80505,64
80505,65
80505,67
80505,68
80704,9
80704,10
80704,37
80704,38
80903,25
81102,12
81102,13
81102,18
81102,19
81102,29
81102,30
81102,35
81102,36
81102,38
81102,39
81102,75
81102,76
81301,20
81301,21
81301,31
81301,32
81301,71
81500,29
81500,31
81500,32
81500,35
81500,36
81500,37
81500,40
81500,41
81500,42
81699,34
81699,35
81699,36
81699,37
81699,38
81699,39
81898,25
81898,26
81898,31
81898,32
81898,40
81898,42
81898,43
81898,44
81898,45
81898,46
82097,50
82097,56
82097,67
82296,11
82296,12
82296,33
82296,36
82296,37
82296,38
82296,39
82296,42
82296,79
82495,30
82495,31
82495,32
82495,42
82495,43
82694,38
82694,39
82893,5
82893,6
82893,22
82893,23
82893,57
82893,62
82893,63
82893,68
82893,69
82893,74
83092,14
83092,19
83092,64
83092,65
83291,9
83291,10
83291,37
83291,38
83291,80
83689,12
83689,13
83689,19
83689,30
83689,33
83689,34
83689,35
83689,36
83689,37
83689,38
83689,39
83689,40
83689,75
83689,76
83888,20
83888,21
83888,31
83888,32
83888,71
83888,89
84286,31
84286,32
84286,33
84286,34
84485,25
84485,26
84485,29
84485,31
84485,32
84485,42
84485,43
84684,50
84684,51
84684,56
84684,67
84684,68
84883,12
84883,13
84883,32
84883,33
84883,36
84883,37
84883,38
84883,39
84883,41
84883,42
84883,43
84883,44
85082,28
85082,29
85082,30
85082,31
85082,32
85082,33
85082,34
85082,35
85082,38
85082,39
85082,40
85082,41
85082,42
85082,43
85082,44
85082,45
85082,46
85281,37
85281,38
85281,39
85281,40
85281,41
85281,46
85480,6
85480,7
85480,23
85480,24
85480,32
85480,33
85480,36
85480,37
85480,57
85480,58
85480,62
85480,63
85480,68
85480,69
85480,74
85679,14
85679,16
85679,17
85679,19
85679,64
85679,65
85878,9
85878,10
85878,38
85878,39
85878,40
85878,41
86077,42
86276,13
86276,19
86276,30
86276,31
86276,35
86276,36
86276,75
86276,76
86276,92
86276,93
86475,20
86475,21
86475,31
86475,32
86475,34
86475,35
86475,71
86475,82
86873,32
86873,33
86873,34
86873,37
86873,38
86873,39
86873,40
87072,25
87072,26
87072,31
87072,32
87072,42
87072,43
87271,50
87271,51
87271,53
87271,54
87271,56
87271,57
87271,67
87271,68
87470,2
87470,12
87470,13
87470,15
87470,16
87669,31
87669,32
87669,42
87669,43
87868,38
87868,39
88067,6
88067,7
88067,23
88067,24
88067,57
88067,58
88067,63
88067,64
88067,68
88067,69
88067,71
88067,72
88067,74
88266,14
88266,19
88266,26
88266,32
88266,35
88266,64
88266,65
88465,9
88465,10
88465,34
88465,35
88465,36
88465,37
88465,38
88465,39
88465,40
88465,41
88465,42
88465,45
88465,46
88465,49
88465,50
88664,31
88664,32
88664,33
88664,34
88664,35
88664,36
88664,37
88863,13
88863,19
88863,30
88863,31
88863,36
88863,37
88863,40
88863,41
88863,43
88863,75
88863,76
89062,20
89062,21
89062,32
89062,33
89062,71
89261,25
89460,28
89460,46
89659,6
89659,26
89659,27
89659,28
89659,30
89659,31
89659,32
89659,43
89659,44
89858,41
89858,50
89858,51
89858,56
89858,57
89858,67
89858,68
89858,70
89858,71
90057,6
90057,12
90057,13
90256,30
90256,31
90256,32
90256,40
90256,42
90256,43
90256,113
90256,114
90455,35
90455,38
90455,39
90455,41
90455,42
90455,43
90455,44
90455,46
90455,47
90654,6
90654,7
90654,13
90654,23
90654,24
90654,57
90654,58
90654,63
90654,64
90654,69
90654,74
90853,14
90853,19
90853,26
90853,33
90853,34
90853,35
90853,38
90853,39
90853,40
90853,41
90853,65
90853,66
91052,10
91052,12
91052,13
91052,30
91052,31
91052,34
91052,35
91052,36
91052,37
91052,38
91052,39
91052,40
91052,41
91052,42
91052,43
91052,46
91052,49
91052,50
91251,38
91251,39
91450,13
91450,19
91450,20
91450,22
91450,30
91450,31
91450,36
91450,37
91450,76
91450,77
91649,20
91649,21
91649,32
91649,33
91649,34
91649,35
91649,36
91848,27
91848,30
91848,33
91848,34
91848,35
91848,36
91848,37
91848,38
91848,39
92047,27
92047,28
92047,29
92047,32
92047,33
92047,34
92047,38
92047,39
92047,40
92246,26
92246,27
92246,32
92246,37
92246,38
92246,39
92246,40
92246,43
92246,44
92445,2
92445,3
92445,43
92445,44
92445,50
92445,51
92445,56
92445,57
92445,67
92445,68
92644,12
92644,13
92843,4
92843,31
92843,32
92843,42
92843,43
93042,39
93042,84
93241,6
93241,7
93241,23
93241,24
93241,52
93241,57
93241,58
93241,63
93241,64
93241,69
93241,70
93241,74
93241,106
93440,14
93440,15
93440,19
93440,26
93440,65
93440,66
93440,68
93440,69
93639,10
93639,11
93639,25
93639,38
93639,39
93838,27
93838,28
93838,30
93838,31
93838,32
93838,33
93838,36
93838,37
93838,38
93838,39
93838,103
93838,109
94037,13
94037,19
94037,20
94037,27
94037,28
94037,29
94037,30
94037,31
94037,32
94037,33
94037,34
94037,35
94037,36
94037,37
94037,39
94037,40
94037,76
94037,77
94236,21
94236,22
94236,29
94236,30
94236,32
94236,33
94435,39
94634,37
94833,26
94833,27
94833,32
94833,33
94833,43
94833,44
95032,51
95032,56
95032,57
95032,68
95032,105
95231,12
95231,13
95231,28
95231,29
95231,31
95231,32
95231,33
95231,34
95231,35
95231,36
95231,37
95231,38
95231,39
95231,40
95231,41
95231,43
95430,4
95430,31
95430,32
95430,34
95430,43
95430,44
95430,57
95629,30
95629,31
95629,32
95629,33
95629,35
95629,36
95629,37
95629,38
95629,39
95629,40
95629,41
95629,42
95629,84
95629,85
95828,6
95828,7
95828,23
95828,24
95828,37
95828,38
95828,39
95828,40
95828,42
95828,58
95828,63
95828,64
95828,69
95828,70
96027,14
96027,15
96027,26
96027,46
96027,47
96027,65
96027,66
96226,10
96226,11
96226,38
96226,39
96425,109
96425,120
96425,121
96624,13
96624,19
96624,20
96624,31
96624,36
96624,37
96624,76
96624,77
96823,21
96823,22
96823,32
96823,33
96823,34
96823,35
96823,36
96823,37
96823,40
96823,41
96823,89
97022,27
97221,28
97221,37
97420,26
97420,27
97420,29
97420,30
97420,31
97420,32
97420,33
97420,34
97420,35
97420,36
97420,37
97420,40
97420,41
97420,42
97420,43
97420,44
97420,45
97420,46
97619,1
97619,15
97619,51
97619,52
97619,56
97619,57
97619,68
97619,69
97619,116
97818,13
97818,14
98017,4
98017,31
98017,32
98017,43
98017,44
98017,46
98017,47
98017,52
98017,53
98017,56
98216,39
98216,40
98216,65
98415,7
98415,24
98415,25
98415,58
98415,63
98415,64
98415,69
98415,70
98614,14
98614,15
98614,17
98614,18
98614,25
98614,26
98614,65
98614,66
98813,10
98813,11
98813,39
99012,33
99012,34
99012,37
99012,38
99012,39
99012,42
99211,19
99211,20
99211,31
99211,32
99211,34
99211,35
99211,36
99211,37
99211,39
99211,40
99211,41
99211,44
99211,45
99211,46
99211,76
99211,77
99410,21
99410,22
99410,31
99410,32
99410,33
99410,35
99410,36
99609,8
99609,9
99808,27
99808,28
99808,29
99808,32
99808,34
99808,35
99808,36
99808,37
100007,26
100007,27
100007,32
100007,33
100007,43
100007,44
100206,47
100206,50
100206,51
100206,52
100206,53
100206,54
100206,55
100206,57
100206,58
100206,68
100206,69
100405,13
100405,14
100405,16
100405,17
100405,29
100405,32
100405,33
100405,34
100405,35
100405,36
100405,38
100405,39
100405,40
100405,41
100604,4
100604,32
100604,33
100604,43
100604,44
100803,39
100803,40
101002,7
101002,8
101002,24
101002,25
101002,58
101002,64
101002,65
101002,69
101002,70
101002,72
101002,73
101002,111
101002,112
101201,14
101201,15
101201,26
101201,27
101201,65
101201,66
101400,10
101400,11
101400,39
101400,40
101798,20
101798,31
101798,32
101798,37
101798,38
101798,76
101798,77
101997,21
101997,22
101997,29
101997,30
101997,31
101997,32
101997,33
101997,34
102196,3
102196,4
102196,5
102196,16
102196,19
102196,31
102196,39
102395,7
102395,10
102395,17
102395,37
102594,13
102594,27
102594,28
102594,29
102594,31
102594,32
102594,33
102594,34
102594,35
102594,36
102594,37
102594,38
102594,39
102594,40
102594,41
102594,42
102594,43
102594,44
102594,45
102793,36
102793,37
102793,38
102793,39
102793,40
102793,42
102793,51
102793,52
102793,57
102793,58
102793,68
102793,69
102793,71
102793,72
102992,13
102992,14
102992,43
102992,44
102992,45
102992,46
102992,118
103191,4
103191,32
103191,33
103191,43
103191,44
103191,81
103390,30
103390,31
103390,32
103390,38
103390,39
103390,40
103390,42
103390,44
103589,7
103589,8
103589,24
103589,25
103589,39
103589,40
103589,58
103589,64
103589,65
103589,70
103788,14
103788,15
103788,26
103788,27
103788,28
103788,29
103788,30
103788,33
103788,34
103788,35
103788,36
103788,39
103788,40
103788,41
103788,42
103788,43
103788,45
103788,66
103788,67
103987,10
103987,11
103987,13
103987,14
103987,31
103987,32
103987,35
103987,36
103987,37
103987,38
103987,39
103987,40
103987,41
103987,42
103987,43
103987,44
103987,47
103987,48
104186,27
104186,28
104186,31
104186,32
104186,33
104186,34
104186,43
104186,45
104186,103
104385,20
104385,21
104385,23
104385,31
104385,32
104385,33
104385,34
104385,35
104385,37
104385,38
104385,39
104385,40
104385,41
104385,77
104385,78
104385,94
104584,21
104584,22
104584,33
104584,34
104783,25
104783,26
104783,27
104783,28
104783,31
104783,48
104982,37
104982,39
104982,40
104982,41
104982,79
104982,80
105181,27
105181,28
105181,32
105181,33
105181,37
105181,44
105181,45
105380,3
105380,4
105380,27
105380,31
105380,51
105380,52
105380,57
105380,58
105380,68
105380,69
105579,13
105579,14
105579,28
105579,29
105579,33
105579,34
105579,35
105579,38
105579,39
105579,40
105579,41
105579,60
105778,4
105778,5
105778,32
105778,33
105778,34
105778,43
105778,44
105778,57
105977,32
105977,33
105977,36
105977,37
105977,38
105977,39
105977,40
105977,41
105977,42
105977,43
105977,44
105977,48
106176,7
106176,8
106176,24
106176,25
106176,26
106176,29
106176,32
106176,33
106176,34
106176,35
106176,38
106176,39
106176,40
106176,58
106176,64
106176,65
106176,70
106176,71
106375,1
106375,15
106375,16
106375,26
106375,27
106375,39
106375,40
106375,41
106375,42
106375,66
106375,67
106375,69
106574,11
106574,12
106574,39
106574,40
106773,9
106773,10
106773,11
106773,15
106773,17
106773,45
106773,66
106972,20
106972,21
106972,31
106972,32
106972,37
106972,38
106972,40
106972,41
106972,65
106972,66
106972,77
106972,78
107171,22
107171,23
107171,33
107171,34
107569,37
107569,38
107768,27
107768,28
107768,33
107768,34
107768,40
107768,41
107768,42
107768,44
107768,45
107967,28
107967,51
107967,52
107967,57
107967,58
107967,69
107967,106
108166,13
108166,14
108166,60
108365,4
108365,5
108365,32
108365,33
108365,44
108365,45
108564,40
108564,41
108763,7
108763,8
108763,24
108763,25
108763,39
108763,64
108763,65
108763,70
108763,71
108962,15
108962,16
108962,26
108962,27
108962,66
108962,67
108962,80
109161,11
109161,12
109161,39
109161,40
109360,28
109360,29
109360,32
109360,33
109360,34
109360,53
109360,80
109559,20
109559,21
109559,29
109559,30
109559,31
109559,32
109559,33
109559,34
109559,35
109559,36
109559,37
109559,38
109559,39
109559,40
109559,77
109559,78
109758,22
109758,23
109758,33
109758,34
109758,35
109758,36
109758,37
109758,38
109758,41
109758,42
109758,43
109758,44
109758,46
109758,63
109957,40
109957,43
110156,28
110156,29
110156,35
110156,36
110156,37
110156,38
110156,39
110156,40
110355,27
110355,28
110355,33
110355,34
110355,36
110355,37
110355,42
110355,43
110355,44
110355,45
110554,52
110554,53
110554,57
110554,58
110554,69
110554,70
110753,7
110753,10
110753,13
110753,14
110753,15
110753,22
110753,60
110952,4
110952,5
110952,32
110952,33
110952,44
110952,45
110952,47
110952,48
111151,40
111151,41
111350,6
111350,8
111350,25
111350,26
111350,34
111350,35
111350,38
111350,39
111350,40
111350,64
111350,65
111350,70
111350,71
111549,15
111549,16
111549,18
111549,19
111549,26
111549,27
111549,66
111549,67
111748,11
111748,12
111748,40
111748,54
111947,40
111947,43
112146,20
112146,21
112146,28
112146,29
112146,30
112146,31
112146,32
112146,33
112146,35
112146,36
112146,37
112146,38
112146,39
112146,40
112146,41
112146,42
112146,77
112146,78
112146,80
112345,22
112345,23
112345,33
112345,34
112345,35
112345,36
112345,37
112345,38
112345,41
112345,46
112345,63
112544,1
112544,2
112544,8
112544,26
112743,37
112743,38
112942,27
112942,28
112942,31
112942,32
112942,33
112942,34
112942,35
112942,44
112942,45
113141,2
113141,27
113141,28
113141,31
113141,32
113141,33
113141,34
113141,52
113141,53
113141,55
113141,56
113141,58
113141,69
113141,70
113340,14
113340,15
113340,17
113340,18
113340,21
113340,22
113340,23
113340,38
113340,39
113340,40
113340,41
113340,46
113340,60
113539,4
113539,5
113539,33
113539,34
113539,43
113539,44
113539,45
113539,46
113738,3
113738,32
113738,37
113738,38
113738,39
113738,40
113738,41
113738,42
113738,43
113738,44
113738,45
113937,8
113937,9
113937,25
113937,26
113937,65
113937,66
113937,70
113937,71
113937,73
113937,74
114136,15
114136,16
114136,27
114136,28
114136,31
114136,66
114136,67
114136,120
114136,121
114335,11
114335,12
114335,40
114733,1
114733,21
114733,32
114733,33
114733,38
114733,77
114733,78
114932,22
114932,23
114932,27
114932,30
114932,31
114932,32
114932,33
114932,34
114932,35
114932,36
114932,37
114932,38
114932,39
114932,46
114932,63
115131,8
115131,39
115330,33
115330,34
115330,35
115330,36
115330,37
115330,38
115529,28
115529,33
115529,34
115529,45
115728,2
115728,52
115728,53
115728,58
115728,59
115728,69
115728,70
115728,72
115728,73
115927,14
115927,15
115927,60
116126,4
116126,5
116126,33
116126,34
116126,44
116126,45
116325,22
116325,40
116325,41
116524,8
116524,9
116524,25
116524,26
116524,33
116524,35
116524,38
116524,39
116524,40
116524,41
116524,65
116524,66
116524,71
116723,15
116723,16
116723,27
116723,28
116723,29
116723,30
116723,31
116723,32
116723,34
116723,35
116723,36
116723,37
116723,40
116723,41
116723,42
116723,43
116723,46
116723,67
116922,11
116922,12
116922,14
116922,15
116922,37
116922,38
116922,39
116922,40
116922,42
116922,43
116922,101
117121,18
117121,46
117320,21
117320,22
117320,24
117320,32
117320,33
117320,38
117320,39
117320,66
117320,67
117320,78
117519,22
117519,23
117519,34
117519,35
117519,46
117519,50
117519,63
117718,8
117917,2
117917,37
117917,38
117917,106
117917,107
118116,28
118116,29
118116,32
118116,33
118116,34
118116,35
118116,45
118315,2
118315,4
118315,5
118315,18
118315,19
118315,27
118315,28
118315,29
118315,31
118315,32
118315,33
118315,34
118315,35
118315,36
118315,52
118315,53
118315,58
118315,59
118315,69
118315,70
118514,14
118514,15
118514,57
118514,60
118514,61
118713,5
118713,6
118713,33
118713,34
118713,44
118713,45
118912,41
119111,8
119111,9
119111,25
119111,26
119111,65
119111,66
119111,71
119111,72
119310,16
119310,17
119310,27
119310,28
119310,42
119310,67
119310,68
119310,70
119509,12
119509,13
119509,40
119708,81
119907,21
119907,22
119907,32
119907,33
119907,35
119907,36
119907,37
119907,38
119907,39
119907,41
119907,42
119907,78
119907,79
120106,23
120106,24
120106,27
120106,31
120106,32
120106,33
120106,34
120106,35
120106,36
120106,37
120106,38
120106,39
120106,40
120106,42
120106,43
120106,44
120106,46
120106,63
120305,8
120305,34
120305,35
120305,38
120305,39
120305,40
120305,41
120504,36
120504,37
120504,38
120504,40
120504,41
120504,42
120703,28
120703,29
120703,34
120703,35
120703,45
120703,107
120902,2
120902,22
120902,32
120902,33
120902,34
120902,37
120902,38
120902,39
120902,40
120902,52
120902,53
120902,58
120902,59
120902,70
121101,14
121101,15
121101,33
121101,34
121101,39
121101,40
121101,41
121101,42
121101,60
121101,61
121300,5
121300,6
121300,32
121300,33
121300,34
121300,35
121300,36
121300,37
121300,38
121300,41
121300,45
121300,46
121499,37
121499,38
121499,39
121499,40
121499,41
121499,42
121499,86
121499,87
121698,8
121698,9
121698,25
121698,26
121698,65
121698,66
121698,67
121698,71
121698,72
121897,16
121897,17
121897,27
121897,28
121897,67
121897,68
121897,87
122096,12
122096,13
122096,32
122096,33
122096,34
122096,37
122096,38
122096,39
122096,40
122096,42
122096,111
122494,21
122494,22
122494,32
122494,33
122494,38
122494,39
122494,78
122494,79
122693,23
122693,24
122693,34
122693,35
122693,46
122693,47
122693,63
122693,64
122892,8
123091,29
123091,30
123091,31
123091,34
123091,35
123091,36
123091,37
123091,38
123091,39
123091,40
123091,41
123091,42
123091,45
123091,46
123290,28
123290,29
123290,34
123290,35
123290,45
123489,2
123489,27
123489,28
123489,29
123489,32
123489,33
123489,34
123489,35
123489,53
123489,54
123489,58
123489,59
123489,70
123489,71
123489,115
123489,116
123688,15
123688,16
123688,22
123688,34
123688,35
123688,36
123688,38
123688,39
123688,40
123688,41
123688,42
123688,60
123688,61
123688,89
123887,5
123887,6
123887,33
123887,34
123887,35
123887,36
123887,37
123887,38
123887,39
123887,41
123887,42
123887,45
123887,46
123887,48
124086,41
124086,42
124086,43
124086,44
124086,45
124086,46
124285,9
124285,26
124285,27
124285,65
124285,66
124484,16
124484,17
124484,19
124484,20
124484,27
124484,28
124484,67
124484,68
124683,12
124683,13
124882,37
124882,38
124882,39
124882,40
124882,123
125081,21
125081,22
125081,33
125081,38
125081,39
125081,40
125081,57
125081,78
125081,79
125280,23
125280,24
125280,27
125280,28
125280,31
125280,32
125280,33
125280,34
125280,35
125280,36
125280,37
125280,39
125280,42
125280,43
125280,46
125280,47
125280,63
125280,64
125479,8
125479,9
125479,11
125479,12
125479,15
125678,28
125678,38
125678,39
125877,28
125877,29
125877,34
125877,35
125877,45
126076,2
126076,3
126076,53
126076,54
126076,56
126076,57
126076,59
126076,70
126076,71
126275,15
126275,16
126275,18
126275,19
126275,60
126275,61
126474,5
126474,6
126474,30
126474,34
126474,35
126474,45
126474,46
126673,39
126673,40
126673,41
126673,42
126673,78
126673,87
126673,88
126872,9
126872,10
126872,14
126872,15
126872,26
126872,27
126872,28
126872,29
126872,30
126872,31
126872,33
126872,34
126872,35
126872,36
126872,37
126872,38
126872,39
126872,40
126872,41
126872,42
126872,45
126872,46
126872,66
126872,67
126872,71
126872,72
126872,74
126872,75
127071,16
127071,17
127071,28
127071,29
127071,32
127071,42
127071,43
127071,67
127071,68
127270,3
127270,12
127270,13
127270,31
127270,32
127270,33
127270,34
127270,37
127270,38
127270,39
127270,40
127270,43
127469,38
127469,39
127469,40
127469,41
127668,22
127668,33
127668,39
127668,46
127668,78
127668,79
127867,23
127867,24
127867,35
127867,36
127867,46
127867,47
127867,63
127867,64
128066,8
128066,9
128265,28
128265,38
128265,39
128464,29
128464,34
128464,35
128663,2
128663,3
128663,39
128663,53
128663,54
128663,59
128663,60
128663,70
128663,71
128663,73
128663,74
128862,15
128862,16
128862,61
129061,5
129061,6
129061,34
129061,35
129061,45
129061,46
129061,71
129061,72
129260,41
129260,42
129260,98
129459,9
129459,10
129459,26
129459,27
129459,33
129459,66
129459,67
129459,70
129459,71
129459,72
129658,16
129658,17
129658,28
129658,29
129658,64
129658,65
129658,68
129857,12
129857,13
129857,15
129857,34
129857,40
129857,44
129857,57
130056,2
130255,22
130255,23
130255,24
130255,25
130255,30
130255,31
130255,32
130255,33
130255,34
130255,35
130255,36
130255,37
130255,38
130255,39
130255,40
130255,42
130255,43
130255,46
130255,79
130454,23
130454,24
130454,31
130454,32
130454,35
130454,36
130454,37
130454,38
130454,39
130454,40
130454,42
130454,46
130454,47
130454,63
130454,64
130653,8
130653,9
130653,27
130653,36
130653,39
130653,40
130653,41
130852,28
130852,35
130852,36
130852,37
130852,38
130852,39
130852,40
130852,41
130852,42
130852,43
130852,46
131051,29
131051,30
131051,34
131051,35
131051,42
131051,45
131250,2
131250,3
131250,5
131250,6
131250,53
131250,54
131250,59
131250,60
131250,70
131250,71
131250,84
131449,15
131449,16
131449,34
131449,35
131449,36
131449,37
131449,40
131449,41
131449,42
131449,61
131449,62
131648,6
131648,7
131648,10
131648,31
131648,32
131648,34
131648,35
131648,36
131648,37
131648,38
131648,39
131648,42
131648,43
131648,45
131648,46
131847,42
132046,9
132046,10
132046,26
132046,27
132046,33
132046,39
132046,40
132046,41
132046,42
132046,45
132046,46
132046,66
132046,67
132046,72
132046,73
132245,17
132245,18
132245,28
132245,29
132245,68
132245,69
132245,71
132444,13
132444,14
132444,66
132444,67
132643,53
132643,80
132643,85
132643,86
132842,7
132842,8
132842,9
132842,12
132842,13
132842,14
132842,15
132842,22
132842,23
132842,33
132842,39
132842,40
132842,42
132842,43
132842,79
133041,14
133041,15
133041,16
133041,17
133041,20
133041,21
133041,22
133041,23
133041,24
133041,25
133041,35
133041,36
133041,46
133041,47
133240,4
133240,8
133240,9
133240,44
133240,56
133439,28
133439,39
133439,46
133439,47
133638,29
133638,30
133638,33
133638,35
133638,36
133638,38
133837,2
133837,3
133837,22
133837,23
133837,53
133837,54
133837,59
133837,60
133837,71
133837,72
133837,73
133837,74
133837,79
134036,12
134036,15
134036,16
134036,31
134036,34
134036,35
134036,36
134036,37
134036,61
134036,62
134036,81
134036,82
134235,6
134235,7
134235,27
134235,28
134235,33
134235,34
134235,35
134235,36
134235,37
134235,38
134235,39
134235,42
134235,43
134235,44
134235,45
134235,46
134235,47
134235,55
134235,56
134235,61
134434,38
134434,39
134434,40
134434,41
134434,42
134434,58
134434,61
134434,62
134633,9
134633,10
134633,26
134633,27
134633,33
134633,45
134633,46
134633,66
134633,67
134633,72
134633,73
134832,2
134832,17
134832,18
134832,28
134832,29
134832,53
134832,68
134832,69
135031,13
135031,14
135429,22
135429,23
135429,24
135429,33
135429,39
135429,40
135429,79
135628,24
135628,25
135628,35
135628,36
135628,37
135628,39
135628,47
135628,48
135628,64
135628,65
135628,80
135827,9
135827,39
135827,62
135827,63
135827,76
136026,28
136026,30
136026,31
136026,39
136026,40
136026,65
136026,107
136225,8
136225,29
136225,30
136225,35
136225,36
136424,2
136424,3
136424,18
136424,19
136424,54
136424,55
136424,59
136424,60
136424,71
136424,72
136623,16
136623,17
136623,40
136623,57
136623,61
136623,62
136822,6
136822,7
136822,34
136822,35
136822,46
136822,47
136822,57
136822,58
136822,59
136822,63
136822,64
136822,65
136822,67
136822,68
137021,42
137220,10
137220,27
137220,28
137220,29
137220,33
137220,34
137220,35
137220,36
137220,37
137220,40
137220,42
137220,66
137220,67
137220,72
137220,73
137220,75
137220,76
137419,17
137419,18
137419,20
137419,21
137419,28
137419,29
137419,68
137419,69
137618,2
137618,3
137618,4
137618,13
137618,14
137618,32
137618,33
137618,34
137618,41
137618,72
137618,83
137817,2
137817,31
137817,34
137817,35
137817,36
137817,37
137817,41
138016,22
138016,23
138016,38
138016,39
138016,40
138016,41
138016,42
138016,43
138016,67
138016,79
138215,24
138215,25
138215,35
138215,36
138215,46
138215,47
138215,48
138215,64
138215,65
138414,9
138414,10
138414,69
138414,70
138613,28
138613,39
138613,40
138613,81
138812,29
138812,30
138812,35
138812,36
138812,74
139011,2
139011,3
139011,4
139011,54
139011,55
139011,57
139011,58
139011,60
139011,71
139011,72
139011,73
139011,74
139011,75
139011,79
139210,16
139210,17
139210,19
139210,58
139210,61
139210,62
139409,6
139409,7
139409,35
139409,36
139409,46
139409,47
139409,71
139409,72
139409,73
139608,42
139608,65
139608,66
139608,69
139608,70
139608,117
139807,10
139807,11
139807,27
139807,28
139807,33
139807,67
139807,72
139807,73
139807,75
139807,76
139807,112
140006,17
140006,18
140006,26
140006,27
140006,29
140006,68
140006,69
140006,74
140006,75
140006,78
140006,79
140205,13
140205,14
140205,22
140205,63
140404,69
140603,22
140603,23
140603,40
140603,79
140802,24
140802,25
140802,29
140802,36
140802,37
140802,47
140802,48
140802,56
140802,63
140802,64
140802,65
140802,69
140802,77
141001,9
141001,10
141001,28
141001,29
141001,30
141001,31
141001,34
141001,35
141001,36
141001,37
141001,39
141001,40
141001,41
141001,59
141001,75
141001,79
141001,80
141200,25
141200,28
141200,29
141200,31
141200,32
141200,35
141200,36
141200,37
141200,38
141200,39
141200,40
141200,80
141200,81
141399,30
141399,34
141399,35
141399,36
141399,37
141399,38
141399,43
141399,44
141399,45
141598,3
141598,4
141598,41
141598,42
141598,54
141598,55
141598,60
141598,61
141598,71
141598,72
141598,74
141797,16
141797,17
141797,62
141797,73
141996,6
141996,7
141996,35
141996,36
141996,46
141996,47
141996,79
142195,42
142394,10
142394,11
142394,27
142394,28
142394,33
142394,34
142394,67
142394,72
142394,73
142593,17
142593,18
142593,29
142593,30
142593,46
142593,69
142792,13
142792,14
142991,63
142991,64
143190,2
143190,3
143190,23
143190,24
143190,25
143190,26
143190,40
143190,41
143190,71
143190,72
143190,73
143389,24
143389,25
143389,35
143389,36
143389,37
143389,38
143389,39
143389,47
143389,48
143389,64
143389,65
143389,81
143588,9
143588,10
143588,64
143588,65
143588,68
143588,69
143588,70
143787,28
143787,29
143787,33
143787,39
143787,40
143787,41
143787,42
143986,4
143986,30
143986,31
143986,36
143986,37
143986,77
143986,78
144185,3
144185,4
144185,6
144185,7
144185,33
144185,54
144185,55
144185,60
144185,61
144185,67
144185,71
144185,72
144384,16
144384,17
144384,30
144384,62
144384,63
144583,7
144583,8
144583,33
144583,35
144583,36
144583,46
144583,47
144583,56
144583,57
144583,62
144782,1
144782,27
144782,28
144782,29
144782,30
144782,33
144782,34
144782,35
144782,36
144782,39
144782,40
144782,41
144782,42
144782,47
144782,65
144782,66
144981,10
144981,11
144981,27
144981,28
144981,31
144981,32
144981,33
144981,34
144981,35
144981,36
144981,37
144981,38
144981,40
144981,41
144981,42
144981,43
144981,67
144981,73
144981,74
145180,18
145180,29
145180,30
145180,69
145180,70
145180,86
145180,98
145379,14
145379,15
145379,53
145379,62
145578,25
145578,80
145777,23
145777,24
145777,40
145777,41
145777,43
145777,44
145976,25
145976,33
145976,34
145976,35
145976,36
145976,37
145976,38
145976,39
145976,40
145976,47
145976,48
145976,64
145976,65
146175,9
146175,10
146175,25
146175,31
146175,34
146175,35
146175,36
146175,37
146175,62
146175,63
146175,64
146175,65
146175,96
146374,28
146374,29
146374,39
146374,40
146374,75
146573,30
146573,31
146573,36
146573,37
146573,66
146573,67
146573,80
146772,3
146772,4
146772,23
146772,24
146772,28
146772,34
146772,35
146772,36
146772,39
146772,40
146772,41
146772,54
146772,55
146772,60
146772,61
146772,67
146772,72
146772,109
146772,118
146971,16
146971,17
146971,24
146971,25
146971,26
146971,27
146971,62
146971,63
146971,65
146971,70
146971,79
147170,7
147170,8
147170,11
147170,35
147170,36
147170,45
147170,47
147170,48
147369,37
147369,105
147369,106
147369,117
147568,10
147568,11
147568,27
147568,28
147568,33
147568,34
147568,67
147568,71
147568,72
147568,73
147568,74
147767,18
147767,19
147767,28
147767,29
147767,30
147767,31
147767,32
147767,33
147767,34
147767,35
147767,36
147767,37
147767,38
147767,39
147767,40
147767,41
147767,42
147767,43
147767,44
147767,45
147767,69
147767,70
147767,86
147966,14
147966,15
147966,27
147966,67
148165,35
148165,36
148165,37
148364,23
148364,24
148364,31
148364,32
148364,33
148364,36
148364,37
148364,38
148364,39
148364,40
148364,41
148364,42
148364,43
148364,44
148364,45
148364,69
148563,25
148563,36
148563,37
148563,38
148563,39
148563,40
148563,41
148563,44
148563,48
148563,49
148563,65
148563,66
148762,3
148762,10
148961,25
148961,26
148961,27
148961,28
148961,29
148961,30
148961,31
148961,32
148961,33
148961,36
148961,40
148961,41
149160,30
149160,31
149160,34
149160,36
149160,37
149160,38
149160,69
149359,3
149359,4
149359,55
149359,56
149359,60
149359,61
149359,64
149359,67
149359,72
149359,73
149558,17
149558,18
149558,31
149558,62
149558,63
149757,7
149757,8
149757,35
149757,36
149757,47
149757,48
149956,29
149956,30
149956,31
149956,33
149956,34
149956,35
149956,36
149956,37
149956,38
149956,64
149956,65
149956,66
149956,100
149956,101
149956,106
150155,11
150155,28
150155,29
150155,33
150155,34
150155,37
150155,41
150155,42
150155,67
150155,69
150155,70
150155,73
150155,74
150354,18
150354,19
150354,21
150354,22
150354,28
150354,29
150354,30
150354,31
150354,32
150354,33
150354,34
150354,35
150354,48
150354,49
150354,69
150354,70
150354,86
150354,87
150553,14
150553,15
150752,21
150752,23
150752,24
150752,32
150752,37
150752,38
150752,41
150752,124
150752,125
150951,23
150951,24
150951,39
150951,40
150951,41
150951,43
150951,69
150951,70
150951,120
151150,3
151150,14
151150,15
151150,25
151150,33
151150,36
151150,37
151150,44
151150,48
151150,49
151150,65
151150,66
151349,10
151349,11
151548,22
151548,23
151548,24
151548,29
151548,31
151548,32
151548,39
151548,40
151548,41
151747,27
151747,28
151747,30
151747,31
151747,32
151747,33
151747,35
151747,36
151747,37
151747,38
151747,39
151747,40
151747,41
151747,44
151946,4
151946,5
151946,22
151946,34
151946,35
151946,36
151946,37
151946,38
151946,39
151946,40
151946,41
151946,42
151946,55
151946,56
151946,60
151946,61
151946,67
151946,72
151946,73
152145,17
152145,18
152145,25
152145,26
152145,62
152145,63
152145,76
152145,91
152145,92
152344,7
152344,8
152344,36
152344,37
152344,47
152543,34
152543,35
152543,66
152543,82
152543,106
152543,107
152543,117
152543,118
152742,11
152742,12
152742,23
152742,28
152742,29
152742,32
152742,33
152742,34
152742,38
152742,73
152742,74
152742,76
152742,77
152941,18
152941,19
152941,30
152941,33
152941,34
152941,37
152941,40
152941,44
152941,45
152941,46
152941,69
152941,70
153140,11
153140,14
153140,15
153140,22
153140,27
153140,28
153140,29
153140,30
153339,36
153339,124
153538,23
153538,24
153538,41
153538,63
153538,64
153538,65
153737,25
153737,26
153737,37
153737,48
153737,49
153737,56
153737,57
153737,65
153737,66
153737,73
153936,2
153936,3
153936,4
153936,5
153936,10
153936,11
153936,29
153936,30
153936,31
153936,32
153936,33
153936,34
153936,35
153936,36
153936,37
153936,38
153936,39
153936,40
153936,41
153936,42
153936,43
153936,46
153936,95
153936,96
154135,29
154135,30
154135,40
154135,41
154135,45
154334,31
154334,36
154334,37
154334,38
154334,80
154533,3
154533,4
154533,5
154533,6
154533,10
154533,22
154533,55
154533,56
154533,57
154533,61
154533,62
154533,72
154533,73
154732,17
154732,18
154732,62
154732,63
154732,115
154931,7
154931,8
154931,36
154931,37
154931,47
154931,48
154931,53
155130,30
155130,31
155130,34
155130,35
155130,36
155130,37
155130,38
155130,40
155329,1
155329,11
155329,12
155329,13
155329,28
155329,29
155329,30
155329,31
155329,32
155329,33
155329,34
155329,35
155329,36
155329,37
155329,38
155329,39
155329,40
155329,41
155329,42
155329,43
155329,56
155329,73
155329,74
155528,18
155528,19
155528,30
155528,31
155528,32
155528,33
155528,36
155528,37
155528,38
155528,39
155528,40
155528,41
155528,70
155727,14
155727,15
155926,42
155926,70
155926,71
156125,3
156125,9
156125,10
156125,24
156125,25
156125,26
156125,27
156125,41
156125,42
156324,25
156324,30
156324,33
156324,34
156324,37
156324,48
156324,49
156324,65
156324,66
156523,2
156523,10
156523,11
156523,95
156523,96
156722,29
156722,30
156722,40
156722,41
156722,60
156722,61
156722,79
156921,31
156921,33
156921,34
156921,35
156921,36
156921,37
156921,38
156921,39
156921,40
156921,74
156921,75
156921,78
157120,4
157120,5
157120,7
157120,8
157120,22
157120,26
157120,55
157120,56
157120,61
157120,62
157120,72
157120,73
157120,112
157319,17
157319,18
157319,26
157319,27
157319,28
157319,30
157319,31
157319,32
157319,33
157319,36
157319,38
157319,40
157319,41
157319,42
157319,43
157319,44
157319,45
157319,48
157319,63
157319,64
157518,8
157518,36
157518,37
157518,47
157518,48
157717,66
157717,67
157916,11
157916,12
157916,28
157916,29
157916,31
157916,32
157916,34
157916,35
157916,36
157916,37
157916,38
157916,39
157916,41
157916,43
157916,57
157916,58
157916,74
157916,75
158115,19
158115,30
158115,31
158115,69
158115,70
158115,71
158314,15
158314,36
158314,39
158314,40
158314,46
158314,47
158314,48
158513,30
158513,31
158513,33
158513,34
158513,35
158513,36
158513,37
158513,38
158513,39
158513,40
158513,41
158513,42
158513,43
158513,44
158712,24
158712,25
158712,28
158712,29
158712,31
158712,32
158712,33
158712,34
158712,37
158712,38
158712,41
158712,42
158712,44
158712,65
158712,68
158712,69
158712,70
158911,5
158911,10
158911,30
158911,32
158911,33
158911,34
158911,35
158911,36
158911,37
158911,39
158911,40
158911,42
158911,48
158911,49
158911,65
158911,66
158911,77
158911,78
159110,10
159110,11
159110,38
159110,39
159110,40
159110,41
159110,43
159309,29
159309,30
159309,41
159309,43
159309,44
159508,29
159508,30
159508,31
159508,37
159508,38
159508,39
159508,40
159508,44
159508,45
159508,46
159707,1
159707,4
159707,5
159707,22
159707,24
159707,25
159707,29
159707,40
159707,55
159707,56
159707,61
159707,62
159707,68
159707,72
159707,73
159707,112
159906,17
159906,18
159906,28
159906,63
159906,64
160105,8
160105,9
160105,11
160105,12
160105,30
160105,36
160105,37
160105,48
160105,54
160105,65
160304,29
160304,40
160304,41
160304,42
160503,11
160503,12
160503,28
160503,29
160503,32
160503,33
160503,34
160503,35
160503,36
160503,37
160503,38
160503,39
160503,74
160503,75
160503,92
160702,5
160702,6
160702,7
160702,19
160702,20
160702,30
160702,31
160702,70
160702,71
160702,74
160702,75
160702,78
160702,79
160702,80
160901,15
160901,63
160901,64
160901,69
160901,75
161299,11
161299,12
161299,24
161299,25
161299,31
161299,32
161299,33
161299,34
161299,37
161299,38
161299,39
161299,40
161299,41
161299,42
161498,37
161498,49
161498,66
161498,67
161498,70
161498,74
161697,7
161697,8
161697,9
161697,10
161697,11
161697,12
161697,13
161697,14
161697,68
161697,102
161896,10
161896,11
161896,14
161896,15
161896,29
161896,30
161896,31
161896,32
161896,33
161896,34
161896,37
161896,38
161896,39
161896,40
161896,41
161896,42
161896,43
161896,44
162095,31
162095,33
162095,34
162095,37
162095,38
162095,60
162294,4
162294,5
162294,22
162294,31
162294,35
162294,36
162294,43
162294,56
162294,57
162294,61
162294,62
162294,68
162294,73
162294,74
162493,18
162493,34
162493,37
162493,38
162493,39
162493,42
162493,43
162493,63
162493,64
162493,92
162692,7
162692,8
162692,9
162692,10
162692,11
162692,36
162692,37
162692,41
162692,44
162692,48
162692,53
163090,11
163090,12
163090,29
163090,34
163090,35
163090,74
163090,75
163289,19
163289,20
163289,22
163289,23
163289,30
163289,31
163289,70
163289,71
163289,99
163488,8
163488,15
163488,41
163687,39
163687,41
163687,42
163687,67
163886,24
163886,25
163886,27
163886,31
163886,35
163886,41
163886,42
164085,7
164085,11
164085,14
164085,37
164085,49
164085,50
164085,51
164085,65
164085,66
164085,67
164085,112
164284,11
164284,12
164284,13
164284,28
164284,30
164284,31
164483,30
164483,41
164483,42
164483,76
164682,7
164682,13
164682,31
164682,37
164682,38
164881,5
164881,6
164881,22
164881,23
164881,56
164881,62
164881,67
164881,68
164881,73
164881,74
164881,113
165080,18
165080,19
165080,62
165080,63
165080,64
165080,66
165080,67
165080,68
165279,8
165279,9
165279,35
165279,37
165279,38
165279,48
165279,67
165478,7
165478,26
165478,107
165677,3
165677,4
165677,8
165677,12
165677,13
165677,29
165677,30
165677,31
165677,32
165677,33
165677,34
165677,35
165677,36
165677,37
165677,38
165677,39
165677,57
165677,74
165677,75
165677,77
165677,78
165876,19
165876,20
165876,31
165876,32
165876,33
165876,34
165876,35
165876,36
165876,37
165876,38
165876,41
165876,42
165876,43
165876,70
165876,71
165876,87
166075,15
166075,35
166075,36
166075,37
166075,38
166075,39
166075,40
166075,41
166075,42
166274,36
166274,44
166473,24
166473,25
166473,31
166473,32
166473,33
166473,34
166473,35
166473,38
166473,39
166473,41
166473,42
166473,71
166473,72
166473,73
166473,115
166473,116
166672,11
166672,37
166672,40
166672,49
166672,50
166672,56
166672,57
166672,58
166672,66
166672,67
166871,11
166871,12
167070,30
167070,31
167070,41
167070,42
167070,61
167070,62
167070,63
167269,11
167269,31
167269,34
167269,36
167269,37
167269,38
167269,39
167269,41
167468,5
167468,6
167468,22
167468,23
167468,56
167468,57
167468,62
167468,63
167468,68
167468,73
167468,74
167468,102
167667,18
167667,19
167667,63
167667,64
167667,67
167866,8
167866,9
167866,37
167866,38
167866,48
168065,42
168065,43
168065,67
168065,68
168065,107
168065,118
168065,119
168264,2
168264,5
168264,12
168264,13
168264,19
168264,29
168264,30
168264,35
168264,36
168264,37
168264,74
168264,75
168463,19
168463,20
168463,31
168463,32
168463,71
168463,88
168662,2
168662,9
168662,15
168662,89
168662,102
168662,104
168861,16
168861,31
168861,32
168861,33
168861,34
168861,35
168861,36
168861,37
168861,38
168861,39
169060,10
169060,12
169060,25
169060,26
169060,27
169060,28
169060,31
169060,33
169060,34
169060,35
169060,40
169060,41
169060,42
169060,43
169259,12
169259,33
169259,34
169259,35
169259,36
169259,37
169259,38
169259,39
169259,40
169259,41
169259,42
169259,43
169259,44
169259,49
169259,50
169259,56
169259,66
169259,67
169259,113
169458,10
169458,11
169458,12
169458,27
169458,33
169458,34
169458,35
169458,36
169458,39
169458,40
169458,41
169458,42
169458,43
169657,30
169657,31
169657,32
169657,33
169657,34
169657,35
169657,36
169657,37
169657,39
169657,40
169657,41
169657,42
169657,43
169657,44
169657,48
169657,75
169856,0
169856,8
169856,11
169856,13
169856,31
169856,34
169856,35
169856,37
169856,38
169856,65
169856,80
170055,5
170055,6
170055,8
170055,9
170055,22
170055,23
170055,29
170055,32
170055,35
170055,36
170055,37
170055,38
170055,39
170055,40
170055,41
170055,42
170055,56
170055,57
170055,62
170055,63
170055,68
170055,73
170055,74
170055,103
170254,11
170254,12
170254,13
170254,18
170254,19
170254,31
170254,32
170254,33
170254,34
170254,37
170254,38
170254,39
170254,40
170254,43
170254,59
170254,64
170254,65
170453,9
170453,34
170453,35
170453,36
170453,37
170453,38
170453,39
170453,40
170453,41
170453,42
170453,48
170453,122
170652,7
170652,8
170652,9
170652,10
170652,12
170652,13
170652,14
170652,15
170652,18
170652,29
170652,30
170652,31
170652,32
170652,35
170652,36
170652,37
170652,38
170652,41
170652,42
170652,43
170652,79
170652,118
170652,119
170851,12
170851,13
170851,17
170851,19
170851,29
170851,30
170851,35
170851,36
170851,37
170851,38
170851,42
170851,43
170851,75
170851,76
170851,92
170851,93
171050,11
171050,12
171050,20
171050,31
171050,32
171050,33
171050,34
171050,35
171050,36
171050,39
171050,40
171050,41
171050,71
171050,75
171050,76
171249,8
171249,9
171249,12
171249,13
171249,14
171249,19
171249,31
171249,32
171249,37
171249,38
171249,39
171249,40
171249,41
171249,42
171249,69
171249,70
171249,90
171448,3
171448,5
171448,10
171448,12
171448,13
171448,14
171448,15
171448,16
171448,20
171448,31
171448,32
171448,33
171448,34
171448,35
171448,36
171448,37
171448,38
171448,39
171448,63
171448,64
171448,71
171448,91
171448,92
171448,120
171448,121
171647,5
171647,10
171647,11
171647,12
171647,15
171647,17
171647,18
171647,25
171647,26
171647,31
171647,32
171647,33
171647,34
171647,35
171647,38
171647,39
171647,40
171647,41
171647,42
171647,43
171647,45
171846,3
171846,6
171846,7
171846,10
171846,11
171846,13
171846,14
171846,17
171846,18
171846,27
171846,28
171846,31
171846,34
171846,35
171846,36
171846,37
171846,40
171846,41
171846,42
171846,49
171846,50
171846,56
171846,63
171846,64
171846,65
171846,66
171846,67
171846,113
172045,5
172045,6
172045,8
172045,9
172045,11
172045,12
172045,31
172045,36
172045,37
172045,39
172045,42
172045,68
172045,69
172244,5
172244,9
172244,10
172244,12
172244,13
172244,14
172244,18
172244,21
172244,22
172244,30
172244,31
172244,33
172244,34
172244,36
172244,38
172244,40
172244,42
172244,77
172244,121
172244,122
172443,2
172443,3
172443,5
172443,7
172443,9
172443,10
172443,14
172443,28
172443,29
172443,30
172443,38
172443,39
172642,5
172642,6
172642,11
172642,16
172642,17
172642,18
172642,22
172642,23
172642,25
172642,26
172642,32
172642,33
172642,34
172642,35
172642,36
172642,37
172642,38
172642,39
172642,40
172642,56
172642,57
172642,62
172642,63
172642,68
172642,69
172642,73
172642,74
172841,4
172841,7
172841,8
172841,11
172841,14
172841,18
172841,19
172841,33
172841,34
172841,36
172841,64
172841,65
172841,70
173040,9
173040,10
173040,12
173040,13
173040,16
173040,25
173040,33
173040,36
173040,37
173040,38
173040,39
173040,40
173040,41
173040,42
173239,8
173239,9
173239,31
173239,42
173239,43
173239,44
173438,3
173438,6
173438,7
173438,8
173438,11
173438,12
173438,13
173438,19
173438,22
173438,23
173438,29
173438,30
173438,35
173438,36
173438,75
173438,76
173438,115
173438,116
173637,20
173637,21
173637,31
173637,32
173637,36
173637,71
173836,14
173836,18
173836,19
173836,30
173836,31
173836,32
173836,37
173836,38
173836,39
173836,40
174035,10
174035,11
174035,12
174035,13
174035,17
174035,37
174035,51
174035,52
174234,6
174234,7
174234,8
174234,10
174234,11
174234,12
174234,13
174234,16
174234,17
174234,18
174234,25
174234,26
174234,31
174234,32
174234,42
174234,43
174433,6
174433,7
174433,8
174433,12
174433,13
174433,14
174433,50
174433,56
174433,67
174433,68
174632,11
174632,12
174632,14
174632,15
174632,16
174632,31
174632,32
174632,33
174632,39
174632,67
174831,7
174831,10
174831,13
174831,16
174831,17
174831,30
174831,31
174831,32
174831,33
174831,34
174831,35
174831,40
174831,41
174831,42
174831,43
174831,59
174831,60
174831,70
174831,71
174831,72
174831,73
174831,75
174831,77
174831,110
174831,111
175030,6
175030,7
175030,8
175030,9
175030,30
175030,34
175030,38
175030,39
175030,44
175030,58
175030,59
175030,69
175030,70
175229,5
175229,6
175229,9
175229,13
175229,14
175229,23
175229,31
175229,33
175229,36
175229,38
175229,41
175229,57
175229,58
175229,62
175229,63
175229,68
175229,69
175229,74
175428,6
175428,10
175428,11
175428,12
175428,14
175428,15
175428,19
175428,28
175428,29
175428,38
175428,64
175428,65
175627,6
175627,7
175627,9
175627,10
175627,12
175627,15
175627,18
175627,31
175627,37
175627,38
175627,112
175627,123
175627,124
175826,9
175826,30
175826,41
175826,42
175826,45
175826,46
176025,12
176025,13
176025,19
176025,29
176025,30
176025,35
176025,36
176025,67
176025,75
176025,76
176224,15
176224,16
176224,17
176224,18
176224,19
176224,20
176224,21
176224,23
176224,24
176224,31
176224,32
176224,36
176224,41
176224,42
176224,45
176224,71
176224,76
176224,77
176224,78
176224,83
176423,12
176423,14
176423,15
176423,29
176423,30
176423,31
176423,32
176423,35
176423,36
176423,37
176423,41
176423,42
176423,43
176622,8
176622,9
176622,10
176622,14
176622,15
176622,22
176622,31
176622,34
176622,37
176622,38
176622,39
176622,40
176622,41
176622,42
176622,43
176622,44
176821,25
176821,26
176821,30
176821,31
176821,32
176821,42
176821,43
176821,44
176821,45
177020,6
177020,7
177020,12
177020,13
177020,23
177020,50
177020,51
177020,56
177020,67
177020,68
177219,8
177219,9
177219,10
177219,12
177219,13
177219,14
177219,15
177219,16
177219,28
177219,32
177219,33
177418,7
177418,10
177418,11
177418,12
177418,15
177418,16
177418,17
177418,31
177418,42
177418,43
177617,11
177617,38
177617,39
177816,6
177816,7
177816,8
177816,9
177816,13
177816,14
177816,16
177816,23
177816,24
177816,32
177816,33
177816,36
177816,37
177816,38
177816,39
177816,40
177816,41
177816,42
177816,43
177816,44
177816,57
177816,58
177816,62
177816,63
177816,65
177816,66
177816,68
177816,69
177816,74
178015,4
178015,5
178015,6
178015,12
178015,14
178015,15
178015,16
178015,19
178015,64
178015,65
178015,78
178015,104
178214,6
178214,9
178214,10
178214,13
178214,14
178214,15
178214,38
178214,39
178413,33
178413,36
178413,37
178413,38
178413,41
178413,42
178413,43
178413,81
178612,13
178612,19
178612,30
178612,31
178612,32
178612,33
178612,34
178612,35
178612,36
178612,37
178612,38
178612,39
178612,40
178612,43
178612,51
178612,68
178612,69
178612,75
178612,76
178612,78
178612,79
178811,20
178811,21
178811,32
178811,37
178811,38
178811,39
178811,42
178811,45
178811,71
178811,80
179010,8
179010,9
179010,15
179010,31
179010,32
179010,35
179010,36
179010,37
179010,38
179010,39
179010,41
179010,42
179010,52
179209,10
179209,31
179209,32
179209,33
179209,34
179209,35
179209,36
179209,37
179209,38
179209,39
179209,40
179209,43
179209,51
179209,78
179408,10
179408,25
179408,26
179408,31
179408,32
179408,33
179408,34
179408,35
179408,36
179408,39
179408,40
179408,41
179408,42
179408,43
179408,72
179408,73
179607,13
179607,16
179607,28
179607,31
179607,32
179607,35
179607,36
179607,37
179607,38
179607,41
179607,42
179607,43
179607,50
179607,51
179607,56
179607,57
179607,58
179607,59
179607,67
179607,68
179806,8
179806,11
179806,12
179806,13
179806,14
179806,15
179806,17
179806,31
179806,32
179806,33
179806,34
179806,37
179806,42
180005,5
180005,11
180005,12
180005,13
180005,14
180005,15
180005,16
180005,17
180005,30
180005,31
180005,32
180005,33
180005,34
180005,35
180005,36
180005,37
180005,38
180005,39
180005,40
180005,41
180005,42
180005,43
180005,44
180005,58
180005,59
180204,1
180204,8
180204,9
180204,14
180204,18
180204,32
180204,34
180204,35
180204,36
180204,38
180204,39
180204,40
180204,41
180204,42
180204,43
180204,66
180204,101
180403,6
180403,7
180403,9
180403,10
180403,14
180403,15
180403,16
180403,23
180403,24
180403,51
180403,57
180403,58
180403,63
180403,64
180403,68
180403,69
180403,74
180602,5
180602,7
180602,10
180602,12
180602,14
180602,16
180602,19
180602,26
180602,33
180602,34
180602,35
180602,38
180602,41
180602,64
180602,65
180801,6
180801,7
180801,8
180801,9
180801,10
180801,12
180801,13
180801,14
180801,17
180801,18
180801,20
180801,28
180801,29
180801,31
180801,34
180801,37
180801,38
180801,39
180801,40
180801,41
180801,45
180801,49
180801,71
180801,72
180801,73
180801,96
181000,7
181000,9
181000,10
181000,15
181000,31
181000,32
181000,33
181000,36
181000,37
181000,39
181000,43
181000,47
181000,76
181000,119
181000,120
181199,0
181199,4
181199,6
181199,9
181199,10
181199,12
181199,13
181199,15
181199,19
181199,26
181199,27
181199,28
181199,30
181199,31
181199,32
181199,36
181199,37
181199,39
181199,66
181199,75
181199,76
181398,5
181398,7
181398,14
181398,17
181398,19
181398,20
181398,21
181398,27
181398,32
181398,33
181398,34
181398,35
181398,59
181398,69
181398,71
181398,77
181597,7
181597,8
181597,9
181597,10
181597,13
181597,14
181597,15
181597,25
181597,36
181597,64
181597,65
181597,66
181597,75
181796,5
181796,6
181796,9
181796,10
181796,12
181796,13
181796,16
181796,42
181796,43
181796,44
181995,8
181995,12
181995,17
181995,26
181995,27
181995,28
181995,29
181995,31
181995,32
181995,33
181995,34
181995,35
181995,36
181995,40
181995,41
181995,42
181995,43
181995,44
181995,63
182194,14
182194,25
182194,27
182194,35
182194,43
182194,50
182194,51
182194,56
182194,57
182194,67
182194,68
182194,70
182194,71
182194,72
182393,12
182393,13
182393,32
182393,33
182393,34
182393,37
182393,40
182393,42
182393,43
182393,44
182592,17
182592,31
182592,32
182592,33
182592,35
182592,36
182592,37
182592,42
182592,43
182592,46
182592,73
182592,80
182791,10
182791,12
182791,35
182791,37
182791,38
182791,39
182791,40
182791,60
182990,6
182990,7
182990,8
182990,9
182990,10
182990,16
182990,23
182990,24
182990,50
182990,57
182990,58
182990,60
182990,61
182990,62
182990,63
182990,64
182990,69
182990,74
183189,6
183189,7
183189,11
183189,12
183189,14
183189,15
183189,17
183189,18
183189,19
183189,26
183189,36
183189,37
183189,38
183189,39
183189,40
183189,41
183189,42
183189,44
183189,45
183189,65
183189,66
183189,80
183189,81
183388,7
183388,8
183388,9
183388,10
183388,13
183388,14
183388,15
183388,16
183388,17
183388,20
183388,23
183388,24
183388,30
183388,31
183388,38
183388,39
183587,11
183587,13
183587,14
183587,16
183587,33
183587,34
183587,35
183587,36
183587,37
183587,38
183587,39
183587,42
183587,50
183587,51
183587,79
183587,80
183786,5
183786,6
183786,11
183786,12
183786,13
183786,18
183786,19
183786,20
183786,30
183786,31
183786,36
183786,37
183786,65
183786,76
183786,77
183786,93
183786,94
183985,5
183985,11
183985,12
183985,13
183985,14
183985,21
183985,32
183985,33
183985,89
183985,90
184184,7
184184,8
184184,9
184184,10
184184,91
184383,61
184383,62
184383,66
184582,8
184582,9
184582,10
184582,12
184582,15
184582,16
184582,26
184582,27
184582,32
184582,35
184582,36
184582,43
184582,44
184781,0
184781,7
184781,11
184781,12
184781,15
184781,29
184781,32
184781,50
184781,51
184781,56
184781,57
184781,67
184781,68
184980,5
184980,6
184980,10
184980,12
184980,13
184980,15
184980,16
184980,26
184980,71
184980,72
184980,73
185179,4
185179,31
185179,32
185179,43
185179,68
185179,69
185179,70
185179,77
185378,6
185378,9
185378,10
185378,12
185378,15
185378,39
185577,6
185577,7
185577,11
185577,14
185577,20
185577,23
185577,24
185577,26
185577,27
185577,33
185577,34
185577,38
185577,39
185577,57
185577,58
185577,63
185577,64
185577,69
185577,70
185577,74
185776,14
185776,15
185776,19
185776,26
185776,35
185776,38
185776,39
185776,40
185776,41
185776,62
185776,63
185776,65
185776,66
185776,83
185776,94
185975,7
185975,8
185975,9
185975,10
185975,11
185975,13
185975,14
185975,15
185975,29
185975,30
185975,31
185975,34
185975,38
185975,39
185975,40
185975,41
185975,42
185975,81
186174,32
186174,33
186174,36
186174,37
186174,39
186174,42
186373,6
186373,7
186373,11
186373,13
186373,15
186373,19
186373,20
186373,27
186373,30
186373,31
186373,36
186373,37
186373,76
186373,77
186572,11
186572,13
186572,14
186572,18
186572,21
186572,22
186572,23
186572,30
186572,31
186572,32
186572,33
186572,44
186771,8
186771,33
186771,36
186771,37
186771,39
186771,41
186771,42
186771,43
186771,53
186970,10
186970,29
186970,32
186970,33
186970,34
186970,35
186970,37
186970,38
186970,39
186970,40
186970,43
186970,60
187169,6
187169,7
187169,13
187169,14
187169,17
187169,18
187169,26
187169,27
187169,32
187169,33
187169,36
187169,37
187169,38
187169,39
187169,40
187169,41
187169,42
187169,43
187169,44
187169,74
187169,75
187169,79
187169,80
187368,31
187368,32
187368,35
187368,36
187368,37
187368,38
187368,41
187368,47
187368,48
187368,51
187368,56
187368,57
187368,65
187368,68
187368,71
187368,79
187368,114
187567,13
187567,22
187567,32
187567,33
187567,34
187567,38
187567,58
187766,2
187766,4
187766,5
187766,28
187766,29
187766,30
187766,31
187766,32
187766,33
187766,34
187766,35
187766,36
187766,37
187766,43
187766,44
187766,49
187766,68
187766,69
187766,70
187766,73
187766,79
187766,80
187965,39
187965,40
187965,41
187965,42
188164,6
188164,7
188164,12
188164,13
188164,23
188164,24
188164,31
188164,32
188164,34
188164,39
188164,40
188164,42
188164,55
188164,56
188164,58
188164,63
188164,64
188164,69
188164,70
188164,71
188164,72
188363,10
188363,14
188363,15
188363,20
188363,26
188363,46
188363,52
188363,53
188363,59
188363,60
188363,61
188363,65
188363,66
188562,9
188562,10
188562,11
188562,31
188562,32
188562,35
188562,38
188562,39
188562,52
188562,53
188562,62
188562,63
188562,64
188562,69
188562,70
188562,71
188761,60
188761,61
188761,66
188761,67
188761,68
188761,108
188960,4
188960,5
188960,6
188960,10
188960,13
188960,15
188960,19
188960,20
188960,31
188960,32
188960,33
188960,34
188960,35
188960,36
188960,37
188960,38
188960,39
188960,40
188960,41
188960,59
188960,60
188960,76
188960,77
189159,17
189159,19
189159,21
189159,22
189159,24
189159,25
189159,31
189159,32
189159,33
189159,34
189159,35
189159,36
189159,37
189159,40
189159,41
189159,42
189358,9
189358,32
189358,33
189358,36
189358,37
189358,38
189358,39
189358,42
189358,59
189358,70
189557,22
189557,23
189557,32
189557,37
189557,38
189557,39
189557,40
189557,41
189756,2
189756,7
189756,8
189756,9
189756,12
189756,26
189756,27
189756,32
189756,33
189756,34
189756,35
189756,37
189756,40
189756,41
189756,43
189756,44
189955,7
189955,9
189955,10
189955,13
189955,14
189955,16
189955,17
189955,18
189955,19
189955,28
189955,29
189955,30
189955,31
189955,32
189955,33
189955,36
189955,37
189955,41
189955,51
189955,52
189955,56
189955,57
189955,59
189955,68
189955,69
189955,70
189955,71
190154,5
190154,6
190154,10
190154,11
190154,12
190154,13
190154,14
190154,16
190154,17
190154,32
190154,34
190154,38
190154,62
190154,71
190154,78
190154,79
190353,4
190353,31
190353,32
190353,33
190353,34
190353,35
190353,36
190353,37
190353,38
190353,39
190353,40
190353,41
190353,42
190353,43
190353,44
190353,45
190353,60
190353,61
190353,71
190353,83
190552,7
190552,9
190552,10
190552,11
190552,14
190552,15
190552,18
190552,19
190552,31
190552,32
190552,33
190552,34
190552,35
190552,36
190552,37
190552,38
190552,39
190552,40
190552,41
190552,42
190552,43
190552,44
190751,6
190751,7
190751,8
190751,9
190751,14
190751,15
190751,16
190751,24
190751,25
190751,34
190751,38
190751,40
190751,41
190751,42
190751,43
190751,44
190751,58
190751,63
190751,64
190751,69
190751,70
190950,0
190950,5
190950,11
190950,12
190950,13
190950,14
190950,15
190950,16
190950,26
190950,33
190950,34
190950,35
190950,36
190950,39
190950,40
190950,41
190950,65
190950,66
190950,73
190950,74
191149,6
191149,10
191149,11
191149,14
191149,30
191149,31
191149,39
191149,76
191149,77
191348,9
191348,14
191348,32
191348,33
191348,34
191348,37
191348,38
191348,39
191348,42
191348,44
191348,45
191348,63
191348,64
191348,70
191348,77
191547,9
191547,10
191547,13
191547,19
191547,20
191547,31
191547,32
191547,33
191547,34
191547,35
191547,36
191547,37
191547,38
191547,39
191547,40
191547,41
191547,76
191547,77
191547,79
191746,2
191746,3
191746,7
191746,21
191746,22
191746,31
191746,32
191746,33
191746,34
191746,35
191746,36
191746,37
191746,38
191746,39
191746,40
191746,43
191945,10
191945,11
191945,15
191945,31
191945,32
191945,33
191945,36
191945,37
191945,38
191945,39
191945,40
191945,41
191945,42
192144,7
192144,32
192144,33
192144,34
192144,35
192144,36
192144,37
192144,38
192144,39
192144,40
192144,41
192144,63
192144,64
192144,65
192144,74
192144,75
192144,76
192144,80
192144,81
192343,18
192343,26
192343,27
192343,31
192343,32
192343,33
192343,34
192343,35
192343,36
192343,37
192343,40
192343,41
192343,42
192343,43
192343,44
192343,74
192343,75
192343,107
192542,13
192542,32
192542,33
192542,36
192542,37
192542,38
192542,39
192542,42
192542,51
192542,52
192542,57
192542,58
192542,59
192542,60
192542,68
192542,69
192741,13
192741,14
192741,32
192741,33
192741,34
192741,35
192741,38
192741,39
192741,40
192741,66
192741,67
192940,4
192940,16
192940,31
192940,32
192940,33
192940,34
192940,35
192940,36
192940,37
192940,38
192940,39
192940,40
192940,41
192940,42
192940,43
192940,44
192940,63
193139,8
193139,9
193139,13
193139,14
193139,15
193139,19
193139,33
193139,35
193139,36
193139,37
193139,38
193139,39
193139,40
193139,41
193139,42
193338,7
193338,8
193338,9
193338,10
193338,11
193338,16
193338,24
193338,25
193338,32
193338,33
193338,37
193338,39
193338,40
193338,41
193338,58
193338,64
193338,65
193338,69
193338,70
193537,14
193537,15
193537,26
193537,27
193537,28
193537,33
193537,34
193537,39
193537,42
193537,65
193537,66
193537,94
193736,10
193736,11
193736,13
193736,14
193736,31
193736,32
193736,35
193736,36
193736,37
193736,38
193736,39
193736,40
193736,41
193736,42
193736,51
193736,57
193736,68
193736,69
193935,9
193935,13
193935,15
193935,17
193935,31
193935,32
193935,33
193935,34
193935,37
193935,38
193935,70
193935,71
193935,72
193935,120
194134,5
194134,7
194134,9
194134,13
194134,16
194134,17
194134,18
194134,20
194134,31
194134,32
194134,35
194134,36
194134,37
194134,38
194134,39
194134,40
194134,41
194134,45
194134,76
194134,77
194134,81
194333,4
194333,5
194333,21
194333,22
194333,26
194333,33
194333,34
194333,35
194333,36
194333,37
194333,38
194333,39
194333,40
194333,41
194333,43
194333,44
194333,65
194333,66
194333,78
194333,79
194532,3
194532,5
194532,9
194532,10
194532,27
194532,36
194532,37
194532,38
194532,41
194532,44
194731,4
194731,5
194731,6
194731,7
194731,10
194731,11
194731,13
194731,16
194731,17
194731,32
194731,33
194731,34
194731,35
194731,36
194731,37
194731,38
194731,39
194731,40
194731,41
194731,66
194930,7
194930,27
194930,28
194930,29
194930,30
194930,31
194930,32
194930,33
194930,34
194930,35
194930,36
194930,37
194930,40
194930,41
194930,44
194930,45
194930,60
194930,61
194930,66
195129,5
195129,6
195129,31
195129,32
195129,33
195129,36
195129,42
195129,51
195129,52
195129,56
195129,57
195129,58
195129,68
195129,69
195129,114
195328,13
195328,14
195328,17
195328,29
195328,32
195328,33
195328,34
195328,35
195328,38
195328,41
195527,4
195527,5
195527,7
195527,11
195527,17
195527,32
195527,33
195527,34
195527,35
195527,36
195527,37
195527,38
195527,39
195527,40
195527,41
195527,42
195527,43
195527,44
195527,61
195527,62
195726,8
195726,10
195726,13
195726,14
195726,15
195726,23
195726,31
195726,32
195726,33
195726,36
195726,37
195726,38
195726,39
195726,40
195726,66
195726,67
195726,102
195726,103
195925,5
195925,6
195925,7
195925,8
195925,9
195925,10
195925,11
195925,12
195925,15
195925,16
195925,17
195925,24
195925,25
195925,32
195925,33
195925,34
195925,37
195925,38
195925,39
195925,40
195925,53
195925,58
195925,64
195925,65
195925,70
195925,72
196124,5
196124,6
196124,7
196124,11
196124,12
196124,14
196124,15
196124,26
196124,27
196124,31
196124,33
196124,34
196124,36
196124,39
196124,42
196124,47
196124,48
196124,66
196124,67
196124,68
196124,69
196124,74
196124,75
196124,83
196124,84
196323,8
196323,10
196323,11
196323,15
196323,32
196323,35
196323,38
196323,39
196323,40
196323,41
196323,42
196323,53
196323,54
196323,55
196323,56
196323,57
196323,85
196323,113
196323,114
196323,125
196522,32
196522,33
196522,34
196522,37
196522,70
196522,109
196721,6
196721,9
196721,10
196721,12
196721,13
196721,16
196721,17
196721,20
196721,21
196721,29
196721,30
196721,31
196721,32
196721,33
196721,34
196721,35
196721,36
196721,37
196721,38
196721,39
196721,40
196721,41
196721,42
196721,44
196721,60
196721,61
196721,62
196721,66
196721,67
196721,77
196721,78
196721,117
196920,7
196920,12
196920,13
196920,15
196920,22
196920,31
196920,32
196920,33
196920,34
196920,36
196920,37
196920,41
196920,60
196920,91
197119,11
197119,14
197119,17
197119,40
197119,42
197318,14
197318,15
197318,16
197318,17
197318,22
197318,23
197318,24
197318,25
197318,33
197318,34
197318,35
197318,37
197318,38
197318,39
197318,40
197318,41
197318,71
197517,27
197517,28
197517,32
197517,33
197517,34
197517,35
197517,36
197517,37
197517,40
197517,41
197517,42
197517,44
197517,45
197517,66
197517,75
197716,16
197716,20
197716,38
197716,39
197716,42
197716,51
197716,52
197716,55
197716,56
197716,57
197716,58
197716,68
197716,69
197915,13
197915,14
197915,32
197915,33
197915,34
197915,35
197915,38
197915,46
197915,60
198114,3
198114,4
198114,5
198114,31
198114,32
198114,33
198114,34
198114,35
198114,36
198114,37
198114,38
198114,39
198114,40
198114,41
198114,42
198114,43
198114,44
198114,49
198114,83
198313,27
198313,28
198313,29
198313,32
198313,33
198313,36
198313,37
198313,38
198313,39
198313,40
198313,41
198512,7
198512,8
198512,24
198512,25
198512,27
198512,28
198512,35
198512,40
198512,64
198512,65
198512,70
198512,71
198711,13
198711,15
198711,16
198711,26
198711,27
198711,41
198711,66
198711,67
198711,83
198910,11
198910,12
198910,39
198910,40
198910,51
199109,21
199109,22
199109,32
199109,33
199109,34
199109,37
199109,38
199109,39
199109,40
199308,20
199308,21
199308,31
199308,32
199308,33
199308,34
199308,35
199308,36
199308,37
199308,38
199308,39
199308,40
199308,41
199308,42
199308,61
199308,67
199308,68
199308,69
199308,74
199308,75
199308,77
199308,78
199507,8
199507,9
199507,12
199507,13
199507,22
199507,23
199507,31
199507,32
199507,33
199507,34
199507,35
199507,37
199507,38
199507,41
199507,42
199706,9
199706,11
199706,14
199706,16
199706,17
199706,40
199706,42
199706,49
199706,50
199706,64
199706,65
199905,10
199905,11
199905,13
199905,16
199905,33
199905,34
199905,35
199905,36
199905,37
199905,38
199905,39
199905,40
199905,41
200104,7
200104,13
200104,27
200104,28
200104,31
200104,32
200104,33
200104,34
200104,35
200104,36
200104,37
200104,40
200104,44
200104,45
200104,59
200104,60
200303,15
200303,16
200303,32
200303,33
200303,36
200303,37
200303,38
200303,39
200303,42
200303,52
200303,57
200303,58
200303,69
200303,79
200303,80
200303,81
200303,114
200303,115
200502,4
200502,5
200502,7
200502,10
200502,11
200502,13
200502,14
200502,15
200502,16
200502,17
200502,18
200502,31
200502,32
200502,33
200502,34
200502,35
200502,38
200502,39
200502,40
200502,41
200502,60
200701,4
200701,5
200701,32
200701,33
200701,34
200701,35
200701,36
200701,37
200701,38
200701,39
200701,40
200701,41
200701,42
200701,44
200701,45
200701,49
200701,79
200701,95
200701,96
200900,31
200900,32
200900,33
200900,36
200900,37
200900,38
200900,39
200900,40
200900,41
200900,42
200900,54
200900,55
200900,56
201099,7
201099,8
201099,12
201099,15
201099,17
201099,24
201099,25
201099,31
201099,32
201099,33
201099,34
201099,35
201099,38
201099,39
201099,40
201099,41
201099,43
201099,64
201099,65
201099,70
201099,71
201298,15
201298,16
201298,26
201298,27
201298,31
201298,40
201298,41
201298,42
201298,46
201298,53
201298,66
201298,67
201298,94
201497,11
201497,12
201497,32
201497,33
201497,39
201497,40
201497,51
201497,60
201497,61
201696,32
201696,33
201696,34
201696,37
201696,38
201696,39
201696,40
201895,10
201895,20
201895,21
201895,31
201895,32
201895,33
201895,36
201895,37
201895,38
201895,39
201895,40
201895,41
201895,42
201895,77
201895,78
202094,7
202094,21
202094,22
202094,23
202094,25
202094,32
202094,33
202094,34
202094,35
202094,36
202094,37
202094,38
202094,41
202094,43
202094,46
202094,61
202094,63
202293,8
202293,10
202293,16
202293,33
202293,34
202293,37
202293,38
202293,39
202293,40
202293,51
202293,54
202492,4
202492,5
202492,33
202492,36
202492,37
202492,38
202492,39
202492,40
202492,41
202492,71
202492,72
202691,27
202691,28
202691,32
202691,33
202691,34
202691,35
202691,36
202691,37
202691,38
202691,42
202691,44
202691,45
202691,51
202691,52
202691,63
202691,64
202890,31
202890,32
202890,33
202890,34
202890,37
202890,38
202890,39
202890,42
202890,52
202890,53
202890,57
202890,58
202890,62
202890,69
202890,70
202890,71
203089,8
203089,11
203089,12
203089,14
203089,15
203089,29
203089,30
203089,32
203089,33
203089,34
203089,35
203089,38
203089,39
203089,40
203089,41
203089,42
203089,43
203089,60
203288,4
203288,5
203288,12
203288,13
203288,14
203288,31
203288,32
203288,33
203288,34
203288,35
203288,36
203288,37
203288,38
203288,40
203288,41
203288,42
203288,44
203288,45
203288,57
203288,95
203288,96
203487,9
203487,10
203487,31
203487,32
203487,33
203487,36
203487,37
203487,38
203487,39
203487,40
203487,41
203487,42
203487,79
203686,8
203686,9
203686,25
203686,26
203686,32
203686,33
203686,34
203686,35
203686,38
203686,39
203686,40
203686,41
203686,64
203686,65
203686,70
203686,71
203885,15
203885,16
203885,26
203885,27
203885,35
203885,36
203885,37
203885,40
203885,41
203885,42
203885,66
203885,67
203885,83
203885,84
204084,7
204084,8
204084,9
204084,11
204084,12
204084,14
204084,15
204084,16
204084,32
204084,33
204084,36
204084,37
204084,40
204084,42
204084,43
204084,59
204283,6
204283,9
204283,10
204283,11
204283,12
204283,14
204283,15
204283,16
204283,32
204283,33
204283,34
204283,35
204283,38
204283,39
204283,40
204482,5
204482,6
204482,7
204482,8
204482,12
204482,13
204482,14
204482,20
204482,21
204482,29
204482,31
204482,32
204482,33
204482,34
204482,35
204482,36
204482,37
204482,38
204482,39
204482,40
204482,41
204482,42
204482,77
204482,78
204681,8
204681,10
204681,14
204681,15
204681,22
204681,23
204681,33
204681,34
204681,35
204681,36
204681,37
204681,38
204681,41
204681,44
204681,46
204681,47
204681,55
204681,56
204681,63
204681,90
204880,8
204880,15
204880,32
204880,43
204880,44
205079,7
205079,8
205079,12
205079,13
205079,14
205079,15
205079,17
205079,33
205079,37
205079,38
205278,27
205278,28
205278,32
205278,33
205278,34
205278,35
205278,36
205278,44
205278,45
205278,74
205477,2
205477,11
205477,33
205477,34
205477,37
205477,38
205477,39
205477,40
205477,42
205477,52
205477,53
205477,58
205477,59
205477,60
205477,61
205477,69
205477,70
205676,2
205676,10
205676,11
205676,12
205676,14
205676,15
205676,33
205676,34
205676,35
205676,36
205676,39
205676,40
205676,41
205676,60
205676,66
205676,67
205875,4
205875,5
205875,9
205875,32
205875,33
205875,34
205875,35
205875,36
205875,37
205875,40
205875,41
205875,42
205875,44
205875,45
205875,75
205875,76
206074,9
206074,10
206074,14
206074,15
206074,23
206074,24
206074,31
206074,38
206074,40
206074,41
206074,42
206074,63
206074,64
206074,97
206273,8
206273,9
206273,10
206273,11
206273,12
206273,15
206273,25
206273,26
206273,34
206273,35
206273,38
206273,39
206273,40
206273,41
206273,63
206273,64
206273,65
206273,66
206273,70
206273,71
206472,7
206472,9
206472,12
206472,13
206472,14
206472,15
206472,16
206472,27
206472,28
206472,35
206472,36
206472,37
206472,66
206472,67
206671,8
206671,11
206671,12
206671,25
206671,26
206671,32
206671,33
206671,36
206671,37
206671,38
206671,39
206671,40
206671,42
206671,97
206671,98
206870,10
206870,12
206870,15
206870,28
206870,29
206870,32
206870,33
206870,34
206870,35
206870,36
206870,37
206870,38
206870,39
206870,40
206870,41
206870,44
206870,121
207069,7
207069,14
207069,21
207069,25
207069,32
207069,33
207069,38
207069,39
207069,77
207069,78
207268,7
207268,8
207268,13
207268,15
207268,16
207268,22
207268,23
207268,31
207268,32
207268,33
207268,34
207268,35
207268,36
207268,37
207268,38
207268,41
207268,42
207268,46
207268,63
207268,75
207268,76
207268,77
207467,8
207467,17
207666,13
207666,19
207666,22
207666,23
207666,33
207666,34
207666,35
207666,36
207666,37
207666,38
207666,39
207666,40
207666,41
207666,42
207666,71
207666,73
207666,74
207666,82
207865,9
207865,15
207865,28
207865,29
207865,30
207865,31
207865,32
207865,33
207865,34
207865,35
207865,36
207865,37
207865,38
207865,41
207865,42
207865,43
207865,44
207865,45
208064,2
208064,31
208064,32
208064,33
208064,34
208064,37
208064,38
208064,39
208064,40
208064,43
208064,44
208064,52
208064,53
208064,58
208064,59
208064,62
208064,65
208064,66
208064,69
208064,70
208064,77
208263,11
208263,14
208263,15
208263,36
208263,39
208263,42
208263,44
208263,60
208263,66
208462,4
208462,5
208462,32
208462,33
208462,34
208462,35
208462,36
208462,37
208462,38
208462,44
208462,45
208462,60
208462,61
208462,62
208661,12
208661,32
208661,33
208661,34
208661,40
208661,41
208860,1
208860,7
208860,8
208860,9
208860,10
208860,11
208860,12
208860,13
208860,25
208860,26
208860,33
208860,34
208860,35
208860,38
208860,39
208860,40
208860,41
208860,56
208860,57
208860,58
208860,65
208860,66
208860,71
209059,6
209059,15
209059,16
209059,17
209059,27
209059,28
209059,34
209059,35
209059,36
209059,37
209059,40
209059,41
209059,42
209059,67
209059,68
209258,8
209258,9
209258,11
209258,12
209258,13
209258,15
209258,16
209258,31
209258,32
209258,33
209258,36
209258,37
209258,38
209258,39
209258,40
209258,42
209258,52
209258,53
209457,16
209457,32
209457,33
209457,34
209457,35
209457,38
209457,39
209457,40
209457,41
209457,121
209457,122
209656,6
209656,7
209656,8
209656,10
209656,14
209656,17
209656,19
209656,21
209656,22
209656,32
209656,33
209656,38
209656,39
209656,41
209656,55
209656,78
209656,79
209656,96
209855,6
209855,15
209855,23
209855,25
209855,34
209855,35
209855,45
209855,46
209855,63
210054,4
210054,6
210054,8
210054,13
210054,15
210054,17
210054,18
210054,32
210054,33
210054,34
210054,35
210054,40
210054,41
210054,42
210054,43
210054,46
210253,6
210253,7
210253,8
210253,11
210253,13
210253,15
210253,16
210253,18
210253,19
210253,23
210253,24
210253,34
210253,35
210253,36
210253,37
210253,38
210253,39
210253,40
210253,41
210253,42
210452,8
210452,9
210452,10
210452,13
210452,15
210452,19
210452,28
210452,29
210452,31
210452,32
210452,33
210452,34
210452,35
210452,36
210452,37
210452,38
210452,41
210452,42
210452,45
210651,2
210651,9
210651,15
210651,32
210651,33
210651,34
210651,37
210651,38
210651,39
210651,40
210651,52
210651,53
210651,58
210651,59
210651,69
210651,70
210850,14
210850,15
210850,33
210850,35
210850,36
210850,39
210850,40
210850,41
210850,42
210850,60
210850,61
211049,5
211049,6
211049,32
211049,33
211049,34
211049,35
211049,36
211049,37
211049,38
211049,39
211049,40
211049,41
211049,42
211049,44
211049,45
211049,82
211248,8
211248,32
211248,33
211248,34
211248,37
211248,38
211248,39
211248,40
211248,41
211248,42
211447,8
211447,9
211447,12
211447,25
211447,26
211447,28
211447,29
211447,33
211447,34
211447,35
211447,36
211447,39
211447,40
211447,41
211447,55
211447,65
211447,66
211447,71
211447,72
211447,75
211447,76
211447,79
211447,80
211447,81
211646,16
211646,17
211646,27
211646,28
211646,32
211646,35
211646,36
211646,37
211646,40
211646,41
211646,42
211646,43
211646,49
211646,67
211646,68
211845,12
211845,13
211845,33
211845,39
211845,40
211845,41
211845,42
211845,76
211845,77
211845,78
212044,11
212044,32
212044,33
212044,34
212044,35
212044,38
212044,39
212044,40
212044,41
212044,70
212044,122
212243,21
212243,22
212243,32
212243,33
212243,34
212243,35
212243,36
212243,37
212243,38
212243,39
212243,40
212243,41
212243,42
212243,44
212243,45
212243,74
212243,75
212243,76
212243,78
212243,79
212442,15
212442,23
212442,24
212442,32
212442,33
212442,34
212442,35
212442,36
212442,37
212442,38
212442,39
212442,42
212442,46
212442,63
212442,92
212641,8
212641,9
212641,12
212641,32
212641,33
212641,34
212641,35
212641,38
212641,39
212641,40
212641,41
212840,8
212840,11
212840,12
212840,13
212840,34
212840,35
212840,36
212840,37
212840,38
212840,39
212840,40
212840,41
212840,42
212840,51
212840,72
212840,73
213039,9
213039,22
213039,23
213039,24
213039,28
213039,29
213039,31
213039,32
213039,33
213039,34
213039,35
213039,36
213039,37
213039,38
213039,42
213039,45
213238,2
213238,4
213238,9
213238,11
213238,12
213238,15
213238,16
213238,32
213238,33
213238,37
213238,38
213238,39
213238,40
213238,53
213238,58
213238,59
213238,62
213238,63
213238,70
213437,6
213437,7
213437,8
213437,11
213437,14
213437,15
213437,16
213437,17
213437,32
213437,33
213437,34
213437,35
213437,36
213437,39
213437,40
213437,41
213437,42
213437,60
213437,61
213437,62
213437,63
213437,64
213437,69
213437,70
213437,80
213437,88
213636,5
213636,6
213636,7
213636,8
213636,9
213636,10
213636,12
213636,13
213636,14
213636,15
213636,16
213636,18
213636,30
213636,31
213636,32
213636,33
213636,34
213636,35
213636,36
213636,37
213636,38
213636,45
213636,46
213835,5
213835,9
213835,10
213835,11
213835,15
213835,31
213835,32
213835,33
213835,34
213835,37
213835,38
213835,39
213835,40
213835,41
213835,42
213835,93
214034,8
214034,9
214034,11
214034,18
214034,25
214034,26
214034,33
214034,34
214034,35
214034,36
214034,39
214034,40
214034,41
214034,42
214034,51
214034,54
214034,55
214034,65
214034,66
214034,71
214034,72
214034,73
214034,74
214233,16
214233,17
214233,27
214233,28
214233,67
214233,68
214233,69
214233,70
214233,84
214432,8
214432,12
214432,13
214432,40
214631,23
214830,21
214830,22
214830,29
214830,32
214830,33
214830,34
214830,35
214830,36
214830,38
214830,39
214830,78
214830,79
215029,8
215029,11
215029,13
215029,15
215029,16
215029,23
215029,24
215029,28
215029,31
215029,32
215029,34
215029,35
215029,46
215029,47
215029,63
215029,64
215228,5
215228,8
215228,9
215228,10
215228,12
215228,16
215228,17
215228,18
215228,33
215228,34
215228,35
215228,38
215228,39
215228,40
215228,41
215427,6
215427,7
215427,12
215427,13
215427,14
215427,15
215427,31
215427,37
215427,38
215427,39
215427,42
215427,72
215427,123
215626,4
215626,7
215626,11
215626,13
215626,14
215626,19
215626,20
215626,21
215626,28
215626,29
215626,31
215626,32
215626,33
215626,34
215626,35
215626,36
215626,37
215626,38
215626,39
215626,45
215626,47
215825,2
215825,6
215825,10
215825,16
215825,17
215825,34
215825,35
215825,39
215825,40
215825,53
215825,54
215825,58
215825,59
215825,70
215825,71
216024,5
216024,11
216024,12
216024,13
216024,15
216024,16
216024,34
216024,35
216024,36
216024,39
216024,40
216024,41
216024,42
216024,60
216024,61
216024,70
216024,71
216024,89
216223,5
216223,6
216223,7
216223,8
216223,15
216223,31
216223,32
216223,33
216223,34
216223,35
216223,36
216223,37
216223,38
216223,41
216223,42
216223,45
216223,46
216223,59
216223,60
216422,6
216422,9
216422,10
216422,11
216422,14
216422,32
216422,33
216422,34
216422,37
216422,38
216422,39
216422,40
216422,41
216422,42
216422,73
216422,86
216422,87
216621,9
216621,26
216621,27
216621,33
216621,34
216621,40
216621,41
216621,42
216621,50
216621,65
216621,66
216621,71
216621,72
216820,9
216820,13
216820,14
216820,15
216820,16
216820,17
216820,24
216820,27
216820,28
216820,32
216820,35
216820,36
216820,37
216820,38
216820,41
216820,42
216820,64
216820,65
216820,66
216820,67
216820,68
217019,8
217019,9
217019,10
217019,11
217019,12
217019,13
217019,14
217019,15
217019,17
217019,32
217019,33
217019,34
217019,37
217019,38
217019,39
217019,78
217019,79
217218,7
217218,30
217218,33
217218,36
217218,39
217218,40
217218,41
217218,58
217218,122
217218,123
217417,21
217417,22
217417,31
217417,33
217417,38
217417,39
217417,40
217417,41
217417,42
217417,78
217417,79
217616,8
217616,9
217616,10
217616,11
217616,15
217616,23
217616,24
217616,32
217616,33
217616,34
217616,35
217616,36
217616,37
217616,38
217616,39
217616,42
217616,46
217616,47
217616,60
217616,61
217616,62
217616,63
217616,64
217815,8
217815,9
217815,32
217815,33
217815,34
217815,35
217815,38
217815,39
217815,40
217815,42
217815,44
218014,28
218014,31
218014,34
218014,35
218014,36
218014,37
218014,38
218014,39
218014,42
218213,1
218213,27
218213,28
218213,29
218213,31
218213,32
218213,33
218213,34
218213,35
218213,36
218213,37
218213,38
218213,39
218213,42
218213,45
218213,68
218213,69
218412,2
218412,3
218412,6
218412,9
218412,12
218412,16
218412,29
218412,35
218412,38
218412,39
218412,40
218412,41
218412,53
218412,54
218412,59
218412,60
218412,61
218412,62
218412,70
218412,71
218412,116
218611,7
218611,8
218611,11
218611,13
218611,15
218611,16
218611,28
218611,29
218611,30
218611,31
218611,34
218611,35
218611,36
218611,37
218611,40
218611,41
218611,42
218611,60
218611,61
218611,89
218810,5
218810,6
218810,7
218810,8
218810,9
218810,13
218810,14
218810,16
218810,34
218810,35
218810,36
218810,37
218810,38
218810,39
218810,40
218810,41
218810,42
218810,43
218810,45
218810,46
218810,51
218810,52
219009,10
219009,12
219009,15
219009,16
219009,17
219009,32
219009,34
219009,41
219009,42
219208,9
219208,10
219208,26
219208,27
219208,31
219208,33
219208,34
219208,35
219208,36
219208,39
219208,54
219208,55
219208,64
219208,66
219208,67
219208,71
219208,72
219407,1
219407,2
219407,3
219407,7
219407,8
219407,9
219407,12
219407,13
219407,16
219407,17
219407,28
219407,29
219407,32
219407,35
219407,36
219407,37
219407,38
219407,41
219407,61
219407,67
219407,68
219407,84
219407,96
219606,1
219606,9
219606,11
219606,12
219606,13
219606,32
219606,33
219606,34
219606,37
219606,38
219606,39
219606,40
219606,58
219606,59
219805,10
219805,11
219805,13
219805,14
219805,16
219805,17
219805,18
219805,33
219805,34
219805,35
219805,36
219805,39
219805,40
219805,41
219805,42
219805,45
220004,6
220004,7
220004,10
220004,13
220004,14
220004,15
220004,18
220004,19
220004,22
220004,26
220004,32
220004,33
220004,35
220004,36
220004,37
220004,38
220004,39
220004,40
220004,42
220004,43
220004,46
220004,47
220004,77
220004,78
220004,79
220004,96
220203,11
220203,14
220203,23
220203,24
220203,32
220203,34
220203,35
220203,36
220203,37
220203,38
220203,39
220203,42
220203,47
220203,48
220203,63
220203,64
220402,8
220402,9
220402,33
220402,34
220402,35
220402,38
220402,40
220402,41
220601,0
220601,1
220601,14
220601,25
220601,28
220601,38
220601,39
220601,40
220601,41
220601,42
220800,19
220800,29
220800,30
220800,31
220800,33
220800,34
220800,35
220800,36
220800,37
220800,38
220800,39
220800,42
220800,53
220800,60
220800,61
220999,0
220999,1
220999,2
220999,3
220999,9
220999,19
220999,20
220999,28
220999,29
220999,32
220999,33
220999,34
220999,35
220999,38
220999,39
220999,40
220999,41
220999,53
220999,54
220999,58
220999,59
220999,60
220999,70
220999,71
221198,15
221198,16
221198,37
221198,40
221198,61
221397,5
221397,6
221397,14
221397,31
221397,32
221397,33
221397,34
221397,35
221397,36
221397,38
221397,39
221397,40
221397,42
221397,43
221397,45
221397,46
221596,12
221596,13
221596,14
221596,15
221596,32
221596,33
221596,34
221596,35
221596,38
221596,39
221596,40
221596,41
221596,42
221596,64
221596,65
221795,9
221795,10
221795,12
221795,13
221795,15
221795,16
221795,18
221795,26
221795,27
221795,31
221795,33
221795,36
221795,39
221795,54
221795,66
221795,67
221795,72
221795,111
221994,10
221994,16
221994,17
221994,28
221994,29
221994,31
221994,32
221994,35
221994,36
221994,37
221994,38
221994,41
221994,42
221994,43
221994,68
221994,69
221994,81
222193,13
222193,15
222193,16
222193,32
222193,33
222193,34
222193,37
222193,38
222193,39
222193,40
222193,43
222193,44
222193,79
222193,98
222392,5
222392,6
222392,13
222392,16
222392,39
222392,40
222392,41
222392,42
222392,122
222392,123
222591,7
222591,8
222591,9
222591,10
222591,11
222591,14
222591,15
222591,18
222591,22
222591,23
222591,31
222591,33
222591,35
222591,36
222591,37
222591,38
222591,39
222591,40
222591,41
222591,42
222591,78
222591,79
222591,108
222790,8
222790,11
222790,15
222790,16
222790,24
222790,28
222790,29
222790,30
222790,31
222790,33
222790,34
222790,35
222790,36
222790,37
222790,38
222790,39
222790,40
222790,41
222790,42
222790,46
222790,47
222790,63
222790,64
222790,110
222790,120
222989,6
222989,7
222989,8
222989,9
222989,10
222989,11
222989,12
222989,16
222989,17
222989,28
222989,29
222989,30
222989,33
222989,34
222989,35
222989,36
222989,41
222989,64
222989,81
223188,7
223188,8
223188,9
223188,13
223188,14
223188,15
223188,16
223188,18
223188,28
223188,31
223188,32
223188,35
223188,36
223188,37
223188,38
223188,39
223188,40
223188,41
223188,42
223387,15
223387,29
223387,30
223387,31
223387,32
223387,33
223387,34
223387,35
223387,36
223387,37
223387,38
223387,39
223387,42
223387,43
223387,44
223387,77
223586,2
223586,3
223586,10
223586,15
223586,16
223586,17
223586,18
223586,32
223586,38
223586,39
223586,40
223586,41
223586,53
223586,54
223586,59
223586,60
223586,70
223586,71
223586,82
223586,105
223586,117
223785,8
223785,9
223785,13
223785,14
223785,15
223785,16
223785,19
223785,31
223785,40
223785,41
223785,42
223785,43
223785,61
223785,62
223984,6
223984,7
223984,8
223984,9
223984,10
223984,14
223984,15
223984,16
223984,19
223984,25
223984,31
223984,32
223984,33
223984,34
223984,35
223984,36
223984,37
223984,38
223984,39
223984,42
223984,43
223984,45
223984,46
224183,11
224183,12
224183,17
224183,18
224183,32
224183,33
224183,34
224183,35
224183,38
224183,39
224183,40
224183,41
224183,42
224382,6
224382,9
224382,10
224382,26
224382,27
224382,29
224382,30
224382,33
224382,35
224382,36
224382,40
224382,41
224382,42
224382,66
224382,67
224382,72
224382,73
224581,9
224581,17
224581,18
224581,28
224581,29
224581,31
224581,32
224581,33
224581,36
224581,37
224581,38
224581,41
224581,42
224581,43
224581,68
224581,69
224581,70
224780,1
224780,9
224780,10
224780,13
224780,14
224780,15
224780,17
224780,32
224780,33
224780,34
224780,37
224780,40
224780,43
224979,6
224979,7
224979,11
224979,12
224979,13
224979,16
224979,17
224979,27
224979,30
224979,31
224979,35
224979,36
224979,39
224979,40
224979,41
224979,42
224979,48
224979,51
225178,9
225178,10
225178,15
225178,18
225178,19
225178,22
225178,23
225178,31
225178,32
225178,33
225178,35
225178,36
225178,37
225178,38
225178,39
225178,40
225178,41
225178,42
225178,43
225178,46
225178,79
225377,4
225377,6
225377,8
225377,14
225377,15
225377,17
225377,22
225377,24
225377,25
225377,33
225377,35
225377,36
225377,46
225377,47
225377,63
225377,64
225377,121
225576,5
225576,6
225576,8
225576,9
225576,10
225576,11
225576,16
225576,19
225576,31
225576,32
225576,33
225576,34
225576,35
225576,36
225576,39
225576,40
225576,41
225576,42
225775,6
225775,7
225775,8
225775,13
225775,14
225775,17
225775,28
225775,30
225775,31
225775,32
225775,35
225775,36
225775,37
225775,38
225775,39
225775,40
225775,41
225775,42
225775,43
225775,45
225775,46
225775,47
225775,60
225775,61
225775,73
225775,74
225775,124
225974,8
225974,11
225974,29
225974,30
225974,35
225974,36
225974,42
225974,43
225974,44
225974,46
225974,50
225974,79
226173,2
226173,3
226173,6
226173,7
226173,10
226173,11
226173,12
226173,24
226173,33
226173,34
226173,35
226173,44
226173,45
226173,46
226173,50
226173,51
226173,53
226173,54
226173,59
226173,60
226173,71
226173,74
226173,75
226173,105
226173,106
226173,122
226372,6
226372,12
226372,15
226372,16
226372,25
226372,31
226372,32
226372,34
226372,35
226372,42
226372,61
226372,62
226571,6
226571,7
226571,31
226571,33
226571,34
226571,35
226571,36
226571,37
226571,38
226571,39
226571,42
226571,46
226571,47
226571,51
226571,52
226770,42
226770,49
226770,67
226770,68
226770,78
226770,79
226770,87
226770,88
226770,99
226770,100
226969,9
226969,10
226969,14
226969,25
226969,26
226969,27
226969,33
226969,56
226969,61
226969,66
226969,67
226969,72
226969,73
227168,5
227168,6
227168,15
227168,17
227168,18
227168,28
227168,29
227168,31
227168,32
227168,42
227168,67
227168,68
227168,69
227367,13
227367,14
227367,32
227367,40
227367,58
227367,59
227367,66
227367,67
227367,68
227367,69
227367,77
227367,99
227566,73
227566,74
227566,80
227765,22
227765,23
227765,39
227765,40
227765,71
227765,72
227765,79
227964,5
227964,9
227964,10
227964,11
227964,12
227964,14
227964,24
227964,25
227964,26
227964,35
227964,36
227964,47
227964,48
227964,64
227964,65
228163,7
228163,9
228163,35
228163,36
228362,12
228362,14
228362,28
228362,31
228362,32
228362,35
228362,38
228362,39
228362,40
228362,41
228362,42
228362,43
228362,60
228362,61
228561,14
228561,15
228561,29
228561,30
228561,31
228561,32
228561,34
228561,35
228561,36
228561,37
228561,38
228561,39
228561,40
228561,42
228561,79
228760,3
228760,5
228760,6
228760,7
228760,12
228760,16
228760,17
228760,18
228760,33
228760,54
228760,55
228760,59
228760,60
228760,71
228760,72
228959,14
228959,15
228959,16
228959,17
228959,29
228959,30
228959,31
228959,32
228959,33
228959,34
228959,35
228959,36
228959,37
228959,53
228959,61
228959,62
229158,6
229158,7
229158,10
229158,11
229158,14
229158,15
229158,16
229158,19
229158,31
229158,32
229158,33
229158,34
229158,35
229158,36
229158,46
229158,47
229158,50
229158,51
229158,53
229158,56
229357,6
229357,7
229357,10
229357,13
229357,18
229357,31
229357,32
229357,38
229357,39
229357,40
229357,41
229357,42
229556,8
229556,9
229556,10
229556,13
229556,14
229556,17
229556,27
229556,28
229556,31
229556,33
229556,35
229556,36
229556,41
229556,42
229556,56
229556,66
229556,67
229556,68
229556,69
229556,72
229556,73
229755,8
229755,9
229755,13
229755,16
229755,17
229755,18
229755,28
229755,29
229755,31
229755,32
229755,33
229755,36
229755,37
229755,38
229755,39
229755,42
229755,68
229755,69
229954,9
229954,13
229954,14
229954,16
229954,32
229954,33
229954,34
229954,35
229954,38
229954,39
229954,40
229954,41
229954,45
230153,29
230153,31
230153,37
230153,40
230153,41
230153,42
230153,72
230153,112
230352,22
230352,23
230352,39
230352,40
230352,42
230352,43
230352,44
230352,79
230551,24
230551,25
230551,26
230551,32
230551,33
230551,34
230551,35
230551,36
230551,37
230551,38
230551,47
230551,48
230551,64
230551,65
230750,9
230750,10
230949,28
230949,29
230949,30
230949,39
230949,40
230949,64
230949,66
230949,74
231148,5
231148,20
231148,27
231148,29
231148,30
231148,31
231148,32
231148,33
231148,35
231148,36
231148,37
231148,38
231148,39
231148,40
231148,44
231148,45
231148,71
231148,72
231347,3
231347,4
231347,10
231347,13
231347,18
231347,33
231347,34
231347,35
231347,36
231347,39
231347,40
231347,41
231347,42
231347,54
231347,55
231347,60
231347,62
231347,63
231347,71
231347,72
231546,9
231546,16
231546,17
231546,56
231546,61
231546,62
231546,90
231745,6
231745,7
231745,10
231745,31
231745,32
231745,33
231745,34
231745,35
231745,36
231745,37
231745,42
231745,46
231745,47
231745,74
231745,76
231944,13
231944,21
231944,22
231944,42
232143,3
232143,10
232143,11
232143,14
232143,17
232143,27
232143,28
232143,31
232143,33
232143,67
232143,72
232143,73
232342,5
232342,8
232342,10
232342,11
232342,15
232342,17
232342,18
232342,23
232342,29
232342,30
232342,31
232342,32
232342,33
232342,34
232342,35
232342,36
232342,37
232342,38
232342,39
232342,42
232342,55
232342,68
232342,69
232342,79
232342,115
232541,10
232541,11
232541,12
232541,13
232541,14
232541,32
232541,33
232541,34
232541,35
232541,38
232541,39
232541,40
232541,41
232541,59
232740,11
232740,13
232740,31
232740,34
232740,35
232740,36
232740,37
232939,14
232939,23
232939,39
232939,40
232939,41
232939,42
232939,43
232939,44
232939,59
232939,79
233138,4
233138,9
233138,10
233138,15
233138,24
233138,25
233138,32
233138,33
233138,34
233138,35
233138,36
233138,37
233138,38
233138,39
233138,40
233138,47
233138,48
233138,64
233138,65
233138,72
233337,6
233337,7
233337,9
233337,10
233337,13
233337,17
233337,25
233337,31
233337,34
233337,35
233337,36
233337,39
233337,40
233337,41
233536,9
233536,13
233536,27
233536,28
233536,29
233536,37
233536,38
233536,39
233536,40
233536,59
233536,64
233536,73
233536,74
233735,9
233735,11
233735,12
233735,16
233735,17
233735,30
233735,31
233735,35
233735,36
233735,59
233735,72
233735,80
233934,3
233934,4
233934,33
233934,34
233934,35
233934,39
233934,40
233934,41
233934,42
233934,54
233934,55
233934,60
233934,61
233934,62
233934,63
233934,71
233934,72
233934,118
234133,7
234133,13
234133,14
234133,16
234133,17
234133,31
234133,37
234133,38
234133,41
234133,43
234133,48
234133,60
234133,61
234133,62
234332,6
234332,7
234332,31
234332,32
234332,33
234332,34
234332,35
234332,36
234332,37
234332,38
234332,39
234332,40
234332,44
234332,46
234332,47
234332,62
234531,7
234531,10
234531,24
234531,42
234531,69
234531,70
234531,73
234730,7
234730,10
234730,11
234730,12
234730,13
234730,21
234730,22
234730,27
234730,28
234730,33
234730,34
234730,36
234730,37
234730,40
234730,41
234730,42
234730,67
234730,73
234929,8
234929,11
234929,14
234929,15
234929,16
234929,17
234929,18
234929,29
234929,30
234929,31
234929,32
234929,33
234929,36
234929,37
234929,38
234929,39
234929,42
234929,69
234929,70
235128,4
235128,5
235128,6
235128,10
235128,11
235128,12
235128,13
235128,14
235128,15
235128,27
235128,33
235128,34
235128,35
235128,38
235128,39
235128,40
235128,41
235128,81
235327,3
235327,4
235327,5
235327,6
235327,13
235327,28
235327,29
235327,30
235327,34
235327,35
235327,36
235327,37
235327,40
235327,41
235327,42
235327,43
235526,9
235526,10
235526,23
235526,24
235526,31
235526,32
235526,33
235526,36
235526,37
235526,38
235526,39
235526,40
235526,41
235526,42
235526,44
235725,4
235725,9
235725,17
235725,18
235725,24
235725,25
235725,26
235725,27
235725,28
235725,29
235725,33
235725,34
235725,35
235725,36
235725,37
235725,38
235725,47
235725,48
235725,64
235725,65
235924,9
235924,10
235924,31
235924,37
235924,76
235924,80
236123,28
236123,29
236123,31
236123,32
236123,33
236123,36
236123,39
236123,40
236123,125
236322,30
236322,31
236322,34
236322,35
236322,36
236322,37
236322,38
236322,39
236322,40
236322,43
236322,44
236322,72
236322,73
236521,3
236521,4
236521,5
236521,54
236521,55
236521,60
236521,61
236521,67
236521,71
236521,72
236720,16
236720,17
236720,30
236720,41
236720,62
236720,63
236919,7
236919,8
236919,10
236919,11
236919,35
236919,36
236919,39
236919,46
236919,47
237118,33
237118,34
237118,35
237118,36
237118,40
237118,41
237118,42
237118,56
237118,106
237317,10
237317,11
237317,27
237317,28
237317,30
237317,31
237317,32
237317,33
237317,34
237317,35
237317,36
237317,37
237317,38
237317,41
237317,42
237317,44
237317,45
237317,46
237317,67
237317,73
237317,74
237317,75
237317,76
237516,8
237516,9
237516,16
237516,18
237516,19
237516,29
237516,30
237516,37
237516,38
237516,39
237516,42
237516,62
237516,69
237516,70
237715,4
237715,5
237715,7
237715,11
237715,14
237715,15
237715,17
237715,116
237914,8
237914,9
237914,31
237914,32
237914,34
237914,35
237914,36
237914,37
237914,40
237914,42
237914,64
237914,65
237914,66
238113,3
238113,4
238113,5
238113,13
238113,14
238113,23
238113,24
238113,32
238113,33
238113,36
238113,37
238113,38
238113,39
238113,40
238113,41
238113,42
238113,43
238113,72
238113,73
238312,25
238312,32
238312,33
238312,34
238312,35
238312,36
238312,37
238312,38
238312,39
238312,40
238312,41
238312,47
238312,48
238312,64
238312,65
238312,73
238312,74
238312,75
238312,77
238312,81
238312,93
238312,94
238312,116
238312,117
238511,6
238511,7
238511,8
238511,9
238511,10
238511,13
238511,14
238511,29
238511,31
238511,34
238511,35
238511,36
238511,37
238511,40
238511,41
238511,42
238511,62
238511,63
238511,67
238511,69
238710,7
238710,9
238710,14
238710,15
238710,19
238710,28
238710,29
238710,32
238710,33
238710,36
238710,37
238710,38
238710,39
238710,40
238710,41
238710,42
238710,43
238710,44
238710,74
238710,75
238710,80
238710,81
238909,14
238909,15
238909,30
238909,31
238909,32
238909,33
238909,34
238909,35
238909,36
238909,37
238909,39
238909,40
238909,59
238909,87
239108,3
239108,4
239108,7
239108,12
239108,31
239108,34
239108,35
239108,36
239108,39
239108,40
239108,41
239108,42
239108,54
239108,55
239108,60
239108,61
239108,67
239108,72
239307,3
239307,14
239307,15
239307,16
239307,17
239307,24
239307,31
239307,32
239307,33
239307,35
239307,36
239307,37
239307,38
239307,41
239307,62
239307,63
239307,64
239307,103
239506,7
239506,8
239506,33
239506,35
239506,36
239506,38
239506,39
239506,40
239506,47
239506,48
239506,52
239506,53
239705,13
239705,29
239705,30
239705,33
239705,34
239705,35
239705,36
239705,39
239705,40
239705,41
239705,42
239705,76
239705,78
239705,88
239705,89
239705,100
239705,101
239904,9
239904,10
239904,11
239904,14
239904,27
239904,28
239904,32
239904,33
239904,34
239904,35
239904,36
239904,37
239904,38
239904,39
239904,40
239904,41
239904,42
239904,43
239904,56
239904,67
239904,73
239904,74
240103,5
240103,18
240103,19
240103,29
240103,30
240103,31
240103,32
240103,33
240103,39
240103,40
240103,69
240103,70
240103,115
240302,9
240302,14
240302,15
240302,18
240302,29
240302,30
240302,31
240302,32
240302,34
240302,35
240302,36
240302,39
240302,40
240302,41
240302,67
240302,68
240302,80
240302,81
240302,94
240501,16
240501,31
240501,32
240501,35
240501,36
240501,37
240501,40
240501,41
240501,42
240501,85
240700,5
240700,23
240700,24
240700,31
240700,32
240700,33
240700,34
240700,36
240700,37
240700,38
240700,40
240700,41
240899,6
240899,10
240899,16
240899,17
240899,25
240899,32
240899,33
240899,34
240899,35
240899,36
240899,37
240899,38
240899,40
240899,41
240899,48
240899,49
240899,65
240899,66
241098,6
241098,7
241098,9
241098,10
241098,12
241098,13
241098,17
241098,29
241098,30
241098,31
241098,43
241098,67
241098,68
241098,69
241098,101
241297,27
241297,28
241297,29
241297,31
241297,39
241297,40
241297,41
241297,47
241297,61
241496,5
241496,6
241496,11
241496,12
241496,13
241496,14
241496,15
241496,17
241496,18
241496,30
241496,31
241496,33
241496,34
241496,35
241496,36
241496,37
241496,39
241496,40
241496,84
241496,85
241695,3
241695,4
241695,7
241695,8
241695,11
241695,12
241695,13
241695,17
241695,18
241695,19
241695,31
241695,34
241695,35
241695,36
241695,37
241695,40
241695,41
241695,42
241695,55
241695,56
241695,60
241695,61
241695,64
241695,65
241695,67
241695,72
241695,73
241695,106
241894,7
241894,9
241894,10
241894,13
241894,14
241894,15
241894,17
241894,18
241894,30
241894,31
241894,32
241894,33
241894,34
241894,35
241894,36
241894,37
241894,38
241894,42
241894,62
241894,63
242093,5
242093,6
242093,7
242093,8
242093,10
242093,17
242093,32
242093,33
242093,34
242093,35
242093,36
242093,37
242093,38
242093,39
242093,40
242093,47
242093,48
242093,53
242292,5
242292,6
242292,7
242292,8
242292,11
242292,31
242292,33
242292,34
242292,35
242292,36
242292,39
242292,40
242292,41
242292,42
242292,66
242292,68
242292,69
242491,8
242491,9
242491,10
242491,11
242491,12
242491,15
242491,25
242491,26
242491,28
242491,29
242491,31
242491,32
242491,33
242491,34
242491,35
242491,36
242491,37
242491,38
242491,41
242491,42
242491,67
242491,73
242491,74
242690,14
242690,15
242690,16
242690,18
242690,19
242690,29
242690,30
242690,31
242690,32
242690,33
242690,34
242690,37
242690,38
242690,39
242690,43
242690,45
242690,61
242690,62
242690,69
242690,70
242889,10
242889,14
242889,15
242889,54
242889,55
243088,6
243088,7
243088,8
243088,13
243088,30
243088,31
243088,35
243088,36
243088,37
243088,38
243088,39
243088,40
243088,41
243088,42
243287,15
243287,16
243287,23
243287,24
243287,31
243287,32
243287,33
243287,34
243287,35
243287,37
243287,38
243287,39
243287,40
243287,41
243287,42
243486,7
243486,9
243486,10
243486,12
243486,13
243486,16
243486,17
243486,25
243486,36
243486,37
243486,40
243486,41
243486,42
243486,48
243486,49
243486,64
243486,65
243486,66
243685,10
243685,11
243685,42
243685,60
243685,61
243685,64
243685,65
243685,67
243685,68
243884,10
243884,11
243884,15
243884,16
243884,29
243884,30
243884,31
243884,32
243884,33
243884,38
243884,39
243884,40
243884,41
243884,42
243884,70
244083,6
244083,10
244083,11
244083,12
244083,27
244083,30
244083,31
244083,32
244083,33
244083,34
244083,35
244083,36
244083,37
244083,38
244083,39
244083,41
244083,50
244083,51
244282,2
244282,4
244282,5
244282,6
244282,7
244282,11
244282,12
244282,14
244282,22
244282,34
244282,35
244282,36
244282,37
244282,40
244282,41
244282,42
244282,55
244282,56
244282,61
244282,63
244282,64
244282,67
244282,72
244282,73
244282,106
244282,107
244282,118
244481,7
244481,10
244481,13
244481,14
244481,15
244481,16
244481,17
244481,18
244481,26
244481,31
244481,32
244481,33
244481,36
244481,37
244481,38
244481,39
244481,42
244481,43
244481,62
244481,63
244680,7
244680,8
244680,9
244680,12
244680,17
244680,28
244680,29
244680,30
244680,32
244680,34
244680,35
244680,36
244680,37
244680,38
244680,39
244680,40
244680,47
244680,48
244680,61
244680,62
244680,63
244879,6
244879,31
244879,34
244879,36
244879,39
244879,40
244879,41
244879,42
244879,62
244879,63
244879,64
244879,66
244879,67
244879,100
244879,101
245078,3
245078,6
245078,11
245078,12
245078,28
245078,29
245078,34
245078,56
245078,57
245078,73
245078,74
245078,75
245277,18
245277,19
245277,21
245277,30
245277,31
245277,32
245277,62
245277,69
245277,70
245476,14
245476,15
245476,58
245476,59
245476,60
245675,30
245675,31
245675,32
245675,38
245675,78
245675,124
245874,20
245874,24
245874,28
245874,31
245874,32
245874,33
245874,34
245874,35
245874,36
245874,37
245874,38
245874,39
245874,40
245874,41
245874,42
245874,43
245874,44
246073,2
246073,5
246073,10
246073,11
246073,12
246073,16
246073,25
246073,34
246073,35
246073,37
246073,39
246073,40
246073,48
246073,49
246073,65
246073,66
246073,74
246272,7
246272,9
246272,10
246272,11
246272,12
246272,13
246272,15
246272,31
246272,32
246272,35
246272,36
246272,37
246272,41
246272,42
246272,43
246272,47
246272,58
246272,59
246272,60
246272,80
246272,101
246272,102
246471,28
246471,29
246471,30
246471,31
246471,32
246471,33
246471,36
246471,37
246471,38
246471,40
246471,41
246471,42
246471,43
246471,71
246471,72
246471,77
246471,78
246670,31
246670,35
246670,36
246670,37
246670,38
246670,39
246670,40
246670,41
246670,76
246670,77
246670,78
246670,79
246869,4
246869,5
246869,22
246869,31
246869,34
246869,35
246869,36
246869,37
246869,40
246869,41
246869,42
246869,55
246869,56
246869,61
246869,62
246869,67
246869,72
246869,73
247068,9
247068,10
247068,14
247068,15
247068,16
247068,17
247068,18
247068,47
247068,48
247068,50
247068,63
247068,72
247068,73
247068,92
247267,7
247267,8
247267,36
247267,37
247267,47
247267,48
247267,54
247466,13
247466,31
247466,34
247466,35
247466,36
247466,37
247466,40
247466,41
247466,59
247466,81
247466,82
247665,11
247665,12
247665,13
247665,16
247665,28
247665,29
247665,31
247665,32
247665,33
247665,34
247665,35
247665,36
247665,37
247665,38
247665,41
247665,42
247665,57
247665,74
247864,9
247864,10
247864,11
247864,15
247864,18
247864,19
247864,30
247864,31
247864,70
248063,14
248063,15
248063,16
248063,33
248063,34
248063,35
248063,41
248063,42
248063,68
248063,69
248063,79
248063,80
248063,81
248262,9
248262,10
248262,12
248262,15
248262,31
248262,68
248262,69
248262,72
248461,10
248461,11
248461,14
248461,15
248461,16
248461,24
248461,25
248461,32
248461,33
248461,34
248461,35
248461,37
248461,38
248461,39
248461,40
248461,41
248461,42
248461,71
248660,12
248660,13
248660,16
248660,17
248660,25
248660,33
248660,34
248660,35
248660,36
248660,37
248660,39
248660,40
248660,41
248660,42
248660,48
248660,49
248660,65
248660,66
248859,10
248859,11
248859,12
248859,13
248859,14
248859,31
248859,32
248859,35
248859,36
248859,37
248859,38
248859,44
248859,60
248859,72
249058,4
249058,8
249058,10
249058,18
249058,20
249058,29
249058,30
249058,40
249058,41
249257,29
249257,30
249257,31
249257,33
249257,34
249257,35
249257,36
249257,37
249257,38
249257,39
249257,40
249257,41
249257,71
249456,4
249456,5
249456,22
249456,31
249456,51
249456,55
249456,56
249456,61
249456,62
249456,67
249456,68
249456,72
249456,73
249456,119
249655,11
249655,13
249655,17
249655,18
249655,31
249655,32
249655,36
249655,37
249655,38
249655,39
249655,42
249655,43
249655,61
249655,63
249655,64
249854,8
249854,9
249854,10
249854,36
249854,37
249854,38
249854,39
249854,40
249854,41
249854,47
249854,48
249854,80
250053,6
250053,30
250053,31
250053,36
250053,37
250053,40
250053,41
250053,42
250053,43
250053,64
250053,65
250252,11
250252,12
250252,28
250252,29
250252,31
250252,32
250252,33
250252,34
250252,35
250252,36
250252,37
250252,38
250252,65
250252,66
250252,74
250252,75
250451,9
250451,10
250451,11
250451,12
250451,15
250451,16
250451,19
250451,20
250451,30
250451,31
250451,37
250451,38
250451,39
250451,40
250451,43
250451,70
250451,71
250650,3
250650,15
250650,17
250650,31
250650,34
250650,35
250650,36
250650,39
250650,42
250650,69
250650,80
250849,9
250849,10
250849,21
250849,31
250849,32
250849,35
250849,36
250849,37
250849,38
250849,41
250849,42
250849,67
250849,79
250849,80
250849,81
251048,9
251048,10
251048,24
251048,25
251048,31
251048,32
251048,33
251048,34
251048,37
251048,38
251048,39
251048,40
251048,41
251048,42
251048,43
251247,37
251247,45
251247,48
251247,49
251247,65
251247,66
251446,7
251446,8
251446,9
251446,10
251446,11
251446,12
251446,13
251446,18
251446,19
251446,31
251446,32
251446,35
251446,36
251446,37
251446,38
251446,41
251446,42
251446,60
251446,68
251446,69
251446,70
251645,9
251645,11
251645,28
251645,29
251645,30
251645,32
251645,33
251645,34
251645,37
251645,38
251645,39
251645,40
251645,41
251645,43
251645,44
251645,45
251645,67
251645,68
251844,5
251844,12
251844,31
251844,33
251844,34
251844,35
251844,36
251844,37
251844,38
251844,39
251844,40
251844,41
252043,1
252043,4
252043,5
252043,9
252043,14
252043,22
252043,32
252043,35
252043,36
252043,37
252043,40
252043,41
252043,55
252043,56
252043,61
252043,62
252043,67
252043,68
252043,69
252043,73
252242,17
252242,18
252242,31
252242,32
252242,33
252242,36
252242,37
252242,42
252242,63
252242,64
252441,1
252441,6
252441,7
252441,8
252441,9
252441,15
252441,28
252441,29
252441,30
252441,33
252441,34
252441,36
252441,37
252441,38
252441,39
252441,40
252441,41
252441,48
252640,30
252640,31
252640,34
252640,35
252640,36
252640,37
252640,40
252640,41
252640,42
252640,60
252839,11
252839,12
252839,28
252839,29
252839,31
252839,32
252839,33
252839,34
252839,35
252839,36
252839,37
252839,38
252839,39
252839,42
252839,74
252839,75
253038,2
253038,19
253038,20
253038,27
253038,30
253038,31
253038,32
253038,34
253038,35
253038,36
253038,38
253038,39
253038,40
253038,41
253038,44
253038,45
253038,46
253038,63
253038,70
253038,71
253237,15
253237,28
253237,29
253237,30
253237,31
253237,34
253237,35
253237,36
253237,40
253237,41
253237,42
253436,2
253436,31
253436,32
253436,33
253436,36
253436,37
253436,38
253436,41
253436,42
253635,24
253635,25
253635,28
253635,29
253635,31
253635,33
253635,34
253635,37
253635,38
253635,39
253635,40
253635,41
253635,42
253635,62
253834,8
253834,11
253834,12
253834,13
253834,16
253834,31
253834,32
253834,33
253834,34
253834,35
253834,36
253834,37
253834,39
253834,40
253834,41
253834,42
253834,43
253834,45
253834,49
253834,50
253834,66
253834,67
253834,69
253834,70
253834,71
253834,72
254033,10
254033,11
254033,12
254033,13
254033,27
254033,32
254033,35
254033,37
254033,38
254033,41
254033,42
254033,43
254033,44
254033,75
254232,9
254232,10
254232,11
254232,17
254232,29
254232,30
254232,31
254232,32
254232,33
254232,34
254232,37
254232,40
254232,41
254232,42
254431,7
254431,11
254431,12
254431,13
254431,31
254431,33
254431,34
254431,37
254431,38
254431,39
254431,40
254431,41
254431,42
254431,86
254630,4
254630,5
254630,12
254630,13
254630,22
254630,31
254630,32
254630,35
254630,36
254630,37
254630,38
254630,41
254630,56
254630,57
254630,61
254630,62
254630,67
254630,68
254630,72
254630,73
254630,74
254630,76
254829,4
254829,5
254829,8
254829,9
254829,10
254829,14
254829,15
254829,31
254829,32
254829,33
254829,34
254829,37
254829,38
254829,39
254829,42
254829,60
254829,61
254829,62
254829,63
254829,64
254829,65
254829,66
254829,67
255028,6
255028,8
255028,9
255028,10
255028,11
255028,12
255028,16
255028,33
255028,34
255028,35
255028,36
255028,37
255028,38
255028,39
255028,40
255028,41
255028,48
255227,8
255227,9
255227,12
255227,13
255227,31
255227,32
255227,34
255227,35
255227,36
255227,37
255227,40
255227,41
255227,47
255227,52
255426,10
255426,11
255426,12
255426,14
255426,29
255426,30
255426,31
255426,32
255426,33
255426,34
255426,35
255426,36
255426,37
255426,38
255426,39
255426,42
255426,74
255426,75
255426,78
255426,79
255625,19
255625,20
255625,24
255625,30
255625,31
255625,32
255625,33
255625,34
255625,35
255625,38
255625,39
255625,40
255625,41
255625,70
255625,71
255824,15
255824,31
255824,34
255824,35
255824,36
255824,37
255824,40
255824,41
255824,42
255824,64
256023,10
256023,13
256023,15
256023,25
256023,31
256023,32
256023,33
256023,36
256023,37
256023,38
256023,42
256222,24
256222,25
256222,31
256222,33
256222,34
256222,35
256222,38
256222,39
256222,40
256222,41
256222,42
256222,66
256421,31
256421,34
256421,35
256421,36
256421,37
256421,39
256421,40
256421,41
256421,42
256421,49
256421,50
256421,66
256421,67
256620,10
256620,11
256620,12
256620,15
256620,31
256620,32
256620,33
256620,35
256620,36
256620,37
256620,38
256620,41
256620,42
256620,43
256620,59
256620,60
256620,103
256819,6
256819,10
256819,11
256819,16
256819,30
256819,31
256819,41
256819,42
256819,45
256819,46
257018,7
257018,8
257018,29
257018,31
257018,37
257018,38
257018,42
257217,1
257217,2
257217,3
257217,5
257217,6
257217,7
257217,8
257217,12
257217,13
257217,22
257217,23
257217,26
257217,29
257217,31
257217,32
257217,34
257217,35
257217,36
257217,37
257217,38
257217,39
257217,40
257217,41
257217,42
257217,43
257217,56
257217,57
257217,62
257217,64
257217,65
257217,67
257217,68
257217,73
257217,74
257217,107
257217,108
257416,9
257416,10
257416,11
257416,14
257416,15
257416,16
257416,18
257416,19
257416,26
257416,27
257416,31
257416,37
257416,38
257416,39
257416,40
257416,43
257416,63
257416,64
257615,4
257615,6
257615,7
257615,8
257615,9
257615,12
257615,13
257615,35
257615,37
257615,38
257615,48
257615,62
257615,63
257814,6
257814,7
257814,9
257814,14
257814,15
257814,31
257814,32
257814,37
258013,8
258013,10
258013,12
258013,13
258013,15
258013,16
258013,29
258013,30
258013,31
258013,32
258013,33
258013,34
258013,35
258013,38
258013,39
258013,42
258013,59
258013,60
258013,74
258013,75
258212,5
258212,6
258212,10
258212,19
258212,20
258212,23
258212,24
258212,31
258212,32
258212,33
258212,34
258212,35
258212,38
258212,39
258212,40
258212,41
258212,55
258212,70
258212,71
258212,80
258411,6
258411,8
258411,9
258411,13
258411,15
258411,26
258411,30
258411,31
258411,34
258411,35
258411,36
258411,37
258411,40
258411,41
258411,42
258411,59
258411,64
258411,74
258610,2
258610,32
258610,36
258610,103
258809,11
258809,25
258809,31
258809,42
258809,98
259008,49
259008,50
259008,56
259008,62
259008,66
259008,67
259008,74
259207,11
259207,12
259207,20
259207,21
259207,33
259207,56
259207,57
259207,61
259207,65
259207,66
259207,67
259207,70
259207,71
259406,30
259406,31
259406,41
259406,42
259406,63
259605,37
259605,38
259605,60
259605,61
259605,101
259804,5
259804,6
259804,8
259804,10
259804,14
259804,15
259804,22
259804,23
259804,56
259804,57
259804,62
259804,63
259804,64
259804,65
259804,67
259804,68
259804,71
259804,72
259804,73
259804,74
259804,75
260003,9
260003,18
260003,19
260003,24
260003,25
260003,28
260003,31
260003,32
260003,33
260003,34
260003,35
260003,36
260003,37
260003,38
260003,39
260003,40
260003,43
260003,48
260003,50
260003,64
260003,80
260202,8
260202,9
260202,37
260202,38
260202,39
260202,40
260202,41
260202,42
260202,47
260202,48
260202,52
260401,9
260401,31
260401,32
260401,35
260401,36
260401,37
260401,38
260401,41
260401,42
260600,10
260600,11
260600,12
260600,13
260600,14
260600,19
260600,29
260600,30
260600,31
260600,32
260600,33
260600,34
260600,35
260600,36
260600,37
260600,38
260600,39
260600,40
260600,42
260600,72
260600,73
260600,74
260600,75
260799,10
260799,12
260799,13
260799,19
260799,20
260799,29
260799,30
260799,31
260799,32
260799,33
260799,34
260799,35
260799,36
260799,37
260799,38
260799,39
260799,41
260799,63
260799,69
260799,70
260799,71
260799,88
260799,89
260998,6
260998,7
260998,15
260998,31
260998,32
260998,40
260998,42
260998,43
261197,8
261197,9
261197,10
261197,11
261197,13
261197,31
261197,32
261197,33
261197,36
261197,37
261197,38
261197,39
261197,40
261197,42
261197,50
261197,56
261197,70
261396,6
261396,10
261396,15
261396,16
261396,25
261396,26
261396,31
261396,32
261396,33
261396,34
261396,35
261396,38
261396,39
261396,40
261396,41
261396,42
261396,43
261396,69
261396,75
261396,76
261595,0
261595,1
261595,29
261595,30
261595,31
261595,32
261595,33
261595,34
261595,35
261595,40
261595,41
261595,42
261595,43
261595,49
261595,50
261595,56
261595,66
261595,67
261595,68
261794,7
261794,10
261794,11
261794,12
261794,14
261993,4
261993,5
261993,9
261993,10
261993,11
261993,15
261993,16
261993,30
261993,31
261993,32
261993,33
261993,34
261993,35
261993,38
261993,39
261993,40
261993,41
261993,42
261993,48
261993,64
261993,65
261993,75
261993,76
261993,77
261993,78
262192,1
262192,2
262192,6
262192,7
262192,12
262192,34
262192,37
262192,38
262192,72
262391,5
262391,6
262391,7
262391,8
262391,9
262391,13
262391,15
262391,22
262391,23
262391,56
262391,57
262391,62
262391,63
262391,68
262391,69
262391,73
262391,74
262590,6
262590,10
262590,11
262590,12
262590,16
262590,18
262590,19
262590,32
262590,33
262590,34
262590,37
262590,38
262590,39
262590,40
262590,64
262590,65
262590,68
262590,93
262789,8
262789,9
262789,10
262789,11
262789,12
262789,13
262789,16
262789,17
262789,33
262789,34
262789,35
262789,36
262789,37
262789,38
262789,39
262789,40
262789,41
262789,42
262789,48
262789,58
262789,80
262789,81
262789,82
262988,7
262988,8
262988,9
262988,12
262988,13
262988,15
262988,31
262988,32
262988,35
262988,36
262988,37
262988,38
262988,41
262988,42
262988,43
262988,91
262988,101
263187,11
263187,12
263187,13
263187,19
263187,29
263187,30
263187,32
263187,33
263187,34
263187,35
263187,36
263187,37
263187,75
263187,76
263187,77
263187,78
263386,11
263386,12
263386,13
263386,16
263386,20
263386,21
263386,23
263386,24
263386,31
263386,32
263386,33
263386,66
263386,67
263386,71
263386,82
263585,8
263585,9
263585,12
263585,13
263585,14
263585,15
263585,32
263585,35
263585,36
263585,37
263585,40
263585,64
263784,8
263784,9
263784,11
263784,16
263784,31
263784,32
263784,33
263784,36
263784,37
263784,38
263784,39
263784,40
263784,42
263784,43
263983,10
263983,25
263983,26
263983,29
263983,30
263983,31
263983,42
263983,43
264182,34
264182,35
264182,36
264182,37
264182,49
264182,50
264182,56
264182,66
264182,67
264381,11
264381,12
264381,13
264381,19
264381,31
264381,32
264381,33
264381,34
264381,35
264381,36
264381,37
264381,38
264381,39
264381,42
264381,60
264381,61
264381,69
264381,70
264381,71
264381,72
264381,73
264580,6
264580,9
264580,11
264580,12
264580,17
264580,30
264580,31
264580,40
264580,41
264580,42
264580,43
264580,44
264779,6
264779,11
264779,14
264779,31
264779,34
264779,35
264779,36
264779,37
264779,38
264779,39
264779,40
264779,41
264779,42
264978,5
264978,6
264978,8
264978,9
264978,13
264978,14
264978,22
264978,23
264978,47
264978,48
264978,56
264978,57
264978,62
264978,63
264978,68
264978,69
264978,74
264978,108
265177,14
265177,15
265177,16
265177,18
265177,19
265177,32
265177,33
265177,64
265177,65
265376,7
265376,9
265376,10
265376,11
265376,16
265376,31
265376,35
265376,36
265376,37
265376,38
265376,39
265376,40
265376,41
265376,42
265376,55
265575,9
265575,13
265575,14
265575,29
265575,30
265575,31
265575,32
265575,35
265575,36
265575,37
265575,38
265575,41
265575,42
265575,67
265575,76
265575,77
265575,78
265774,12
265774,13
265774,19
265774,21
265774,22
265774,27
265774,28
265774,29
265774,30
265774,31
265774,32
265774,33
265774,34
265774,35
265774,36
265774,37
265774,75
265774,76
265973,20
265973,21
265973,31
265973,32
265973,35
265973,40
265973,41
265973,42
265973,62
265973,63
265973,71
266172,0
266172,12
266172,13
266172,24
266172,32
266172,34
266172,35
266172,36
266172,37
266172,38
266172,41
266172,42
266172,46
266172,52
266172,53
266371,8
266371,9
266371,10
266371,14
266371,31
266371,32
266371,33
266371,34
266371,37
266371,38
266371,39
266570,25
266570,26
266570,31
266570,32
266570,42
266570,43
266769,7
266769,12
266769,13
266769,16
266769,29
266769,32
266769,33
266769,34
266769,35
266769,36
266769,40
266769,50
266769,51
266769,56
266769,65
266769,67
266769,68
266968,8
266968,9
266968,10
266968,12
266968,13
266968,14
266968,15
266968,31
266968,68
266968,69
267167,5
267167,6
267167,10
267167,12
267167,15
267167,26
267167,27
267167,30
267167,31
267167,42
267167,43
267167,51
267167,57
267167,58
267167,76
267167,77
267366,14
267366,34
267366,35
267366,36
267366,37
267366,38
267366,39
267366,40
267366,42
267366,72
267366,79
267565,2
267565,5
267565,6
267565,13
267565,15
267565,16
267565,23
267565,34
267565,35
267565,36
267565,37
267565,52
267565,57
267565,58
267565,62
267565,63
267565,68
267565,69
267565,74
267764,9
267764,14
267764,19
267764,29
267764,32
267764,33
267764,34
267764,47
267764,48
267764,49
267764,50
267764,51
267764,64
267764,65
267963,7
267963,8
267963,9
267963,10
267963,14
267963,31
267963,34
267963,35
267963,36
267963,37
267963,38
267963,39
267963,40
267963,41
267963,42
267963,45
268162,10
268162,13
268162,14
268162,32
268162,33
268162,35
268162,36
268162,38
268162,42
268162,43
268162,44
268162,58
268361,9
268361,10
268361,11
268361,13
268361,19
268361,30
268361,31
268361,32
268361,33
268361,34
268361,35
268361,36
268361,37
268361,38
268361,39
268361,40
268361,58
268361,75
268361,76
268560,20
268560,21
268560,31
268560,32
268560,33
268560,34
268560,35
268560,36
268560,39
268560,40
268560,41
268560,42
268560,53
268560,56
268560,61
268560,71
268759,1
268759,31
268759,32
268759,33
268759,34
268759,35
268958,26
268958,31
268958,32
268958,33
268958,38
268958,39
269157,4
269157,5
269157,8
269157,9
269157,10
269157,12
269157,16
269157,25
269157,26
269157,31
269157,32
269157,33
269157,34
269157,35
269157,36
269157,39
269157,40
269157,41
269157,42
269157,43
269157,74
269157,75
269157,99
269356,35
269356,36
269356,37
269356,43
269356,50
269356,51
269356,56
269356,67
269356,68
269555,2
269555,6
269555,12
269555,13
269555,31
269555,32
269555,42
269555,65
269555,66
269754,12
269754,31
269754,32
269754,33
269754,35
269754,38
269754,39
269754,40
269754,41
269754,42
269754,43
269754,76
269953,24
269953,25
269953,26
269953,31
269953,34
269953,35
269953,36
269953,38
269953,39
269953,40
269953,41
269953,42
269953,69
270152,6
270152,7
270152,23
270152,24
270152,31
270152,32
270152,33
270152,36
270152,37
270152,38
270152,39
270152,42
270152,43
270152,57
270152,58
270152,63
270152,65
270152,66
270152,68
270152,69
270152,74
270351,9
270351,14
270351,19
270351,21
270351,27
270351,28
270351,32
270351,33
270351,34
270351,35
270351,38
270351,39
270351,40
270351,41
270351,49
270351,50
270351,51
270351,64
270351,65
270550,9
270550,10
270550,19
270550,20
270550,21
270550,34
270550,35
270550,36
270550,37
270550,38
270550,39
270550,40
270550,41
270550,42
270550,76
270749,13
270749,14
270749,16
270749,42
270948,13
270948,19
270948,30
270948,31
270948,32
270948,33
270948,34
270948,35
270948,36
270948,37
270948,38
270948,39
270948,40
270948,59
270948,75
270948,76
270948,104
270948,105
271147,8
271147,12
271147,13
271147,20
271147,21
271147,32
271147,33
271147,46
271147,47
271147,71
271147,83
271147,84
271346,8
271346,9
271346,21
271346,25
271346,32
271346,33
271346,34
271346,35
271346,36
271346,37
271346,42
271545,22
271545,27
271545,28
271545,31
271545,32
271545,37
271545,38
271545,39
271545,40
271545,41
271545,43
271545,79
271744,11
271744,16
271744,25
271744,26
271744,31
271744,32
271744,43
271943,6
271943,7
271943,9
271943,25
271943,50
271943,51
271943,56
271943,57
271943,67
271943,68
271943,72
271943,81
272142,12
272142,13
272142,28
272142,36
272142,42
272142,59
272341,31
272341,32
272341,33
272341,34
272341,35
272341,38
272341,39
272341,40
272341,41
272341,42
272341,43
272341,78
272540,7
272540,8
272540,9
272540,25
272540,38
272540,39
272540,40
272540,42
272540,61
272739,6
272739,7
272739,16
272739,23
272739,24
272739,38
272739,39
272739,42
272739,43
272739,57
272739,58
272739,63
272739,64
272739,68
272739,69
272739,74
272739,97
272739,98
272938,14
272938,19
272938,26
272938,32
272938,33
272938,34
272938,35
272938,38
272938,39
272938,40
272938,41
272938,43
272938,65
272938,76
272938,77
273137,9
273137,10
273137,12
273137,30
273137,31
273137,34
273137,35
273137,36
273137,37
273137,38
273137,39
273137,40
273137,41
273137,42
273137,68
273137,69
273336,30
273336,31
273336,32
273336,33
273336,36
273336,37
273336,38
273336,39
273336,42
273535,13
273535,15
273535,19
273535,20
273535,30
273535,31
273535,32
273535,33
273535,34
273535,35
273535,36
273535,37
273535,38
273535,39
273535,40
273535,61
273535,62
273535,63
273535,75
273535,76
273734,20
273734,21
273734,31
273734,32
273734,33
273734,34
273734,35
273734,36
273734,39
273734,40
273734,41
273734,42
273734,63
273734,64
273734,69
273734,70
273933,30
273933,31
273933,32
273933,33
273933,35
273933,38
273933,54
273933,59
273933,60
274132,4
274132,32
274132,33
274132,34
274132,37
274132,38
274132,57
274132,87
274331,23
274331,26
274331,27
274331,31
274331,32
274331,33
274331,34
274331,35
274331,36
274331,39
274331,40
274331,41
274331,42
274331,43
274331,44
274530,17
274530,31
274530,32
274530,34
274530,35
274530,36
274530,37
274530,38
274530,41
274530,42
274530,50
274530,51
274530,56
274530,57
274530,67
274530,68
274729,12
274729,13
274729,14
274729,27
274729,28
274729,31
274729,32
274729,33
274729,34
274729,35
274729,36
274729,37
274729,38
274729,39
274729,40
274729,69
274729,70
274928,5
274928,6
274928,31
274928,32
274928,33
274928,34
274928,35
274928,36
274928,39
274928,40
274928,41
274928,42
274928,43
274928,77
275127,31
275127,32
275127,35
275127,36
275127,38
275127,39
275127,40
275127,41
275127,42
275127,43
275326,6
275326,7
275326,23
275326,24
275326,31
275326,32
275326,33
275326,34
275326,38
275326,39
275326,57
275326,58
275326,62
275326,63
275326,64
275326,69
275326,70
275326,74
275525,10
275525,13
275525,14
275525,15
275525,19
275525,26
275525,33
275525,34
275525,35
275525,38
275525,39
275525,40
275525,41
275525,65
275525,66
275525,83
275525,93
275525,94
275724,10
275724,11
275724,38
275724,39
275724,47
275724,48
275724,52
275724,89
275724,90
275923,8
275923,10
275923,14
275923,16
275923,62
275923,68
275923,108
276122,5
276122,13
276122,19
276122,20
276122,30
276122,31
276122,33
276122,36
276122,37
276122,76
276122,77
276122,121
276122,122
276321,21
276321,22
276321,31
276321,32
276321,33
276321,34
276321,35
276321,37
276321,40
276321,42
276520,31
276520,32
276520,33
276520,34
276520,35
276520,36
276520,37
276520,38
276719,9
276719,15
276719,32
276719,33
276719,34
276719,37
276719,38
276719,39
276719,40
276719,87
276719,88
276918,17
276918,26
276918,27
276918,30
276918,31
276918,32
276918,33
276918,34
276918,35
276918,36
276918,39
276918,40
276918,41
276918,42
276918,43
276918,44
276918,45
276918,46
277117,10
277117,35
277117,42
277117,50
277117,51
277117,56
277117,57
277117,67
277117,68
277316,12
277316,13
277316,14
277316,16
277316,21
277316,22
277316,23
277316,34
277316,35
277316,36
277316,37
277316,61
277316,62
277515,4
277515,29
277515,30
277515,31
277515,32
277515,33
277515,34
277515,35
277515,36
277515,39
277515,40
277515,41
277515,42
277515,43
277714,8
277714,9
277714,12
277714,31
277714,32
277714,35
277714,36
277714,37
277714,38
277714,39
277714,40
277714,41
277714,42
277714,43
277714,48
277714,54
277714,55
277714,61
277714,62
277714,102
277913,6
277913,7
277913,8
277913,9
277913,10
277913,11
277913,23
277913,24
277913,31
277913,32
277913,33
277913,34
277913,36
277913,37
277913,38
277913,39
277913,45
277913,57
277913,58
277913,63
277913,64
277913,69
277913,70
278112,10
278112,11
278112,12
278112,14
278112,15
278112,19
278112,26
278112,29
278112,30
278112,31
278112,32
278112,33
278112,34
278112,35
278112,36
278112,38
278112,39
278112,40
278112,41
278112,65
278112,66
278112,93
278112,94
278311,10
278311,11
278311,29
278311,30
278311,31
278311,32
278311,34
278311,35
278311,36
278311,37
278311,38
278311,39
278311,40
278311,47
278311,101
278311,102
278510,11
278510,13
278510,14
278510,15
278510,16
278510,21
278510,35
278510,36
278510,37
278510,38
278510,39
278510,42
278709,10
278709,11
278709,12
278709,13
278709,15
278709,18
278709,19
278709,20
278709,29
278709,30
278709,31
278709,32
278709,33
278709,34
278709,35
278709,36
278709,37
278709,38
278709,39
278709,40
278709,41
278709,44
278709,76
278709,77
278908,8
278908,11
278908,14
278908,21
278908,22
278908,23
278908,24
278908,32
278908,33
278908,34
278908,35
278908,36
278908,37
278908,40
278908,41
278908,42
279107,8
279107,9
279107,15
279107,20
279107,21
279107,31
279107,32
279107,33
279107,34
279107,35
279107,36
279107,37
279107,38
279107,39
279107,65
279107,91
279306,10
279306,11
279306,12
279306,15
279306,16
279306,17
279306,32
279306,33
279306,34
279306,35
279306,37
279306,38
279306,39
279306,62
279505,7
279505,8
279505,13
279505,14
279505,22
279505,23
279505,26
279505,27
279505,32
279505,33
279505,34
279505,35
279505,36
279505,39
279505,40
279505,41
279505,42
279505,43
279505,44
279704,33
279704,35
279704,36
279704,37
279704,38
279704,41
279704,42
279704,51
279704,52
279704,56
279704,57
279704,68
279704,69
279704,81
279704,96
279903,11
279903,12
279903,13
279903,32
279903,33
279903,34
279903,36
279903,37
279903,38
279903,39
279903,40
279903,72
279903,73
280102,4
280102,31
280102,32
280102,43
280102,44
280102,64
280102,83
280301,12
280301,31
280301,32
280301,35
280301,36
280301,37
280301,38
280301,39
280301,40
280301,41
280301,42
280301,62
280500,7
280500,8
280500,24
280500,31
280500,32
280500,33
280500,34
280500,37
280500,38
280500,39
280500,58
280500,63
280500,64
280500,69
280500,70
280699,2
280699,14
280699,15
280699,16
280699,17
280699,26
280699,30
280699,33
280699,34
280699,35
280699,36
280699,39
280699,40
280699,41
280699,65
280699,66
280898,10
280898,11
280898,15
280898,29
280898,30
280898,31
280898,32
280898,35
280898,36
280898,37
280898,38
280898,39
280898,40
280898,41
280898,42
281097,8
281097,9
281097,11
281097,14
281097,15
281097,31
281097,32
281097,33
281097,34
281097,36
281097,37
281097,38
281097,39
281097,42
281097,51
281296,11
281296,15
281296,16
281296,17
281296,19
281296,20
281296,30
281296,31
281296,32
281296,33
281296,35
281296,36
281296,37
281296,38
281296,39
281296,40
281296,66
281296,76
281296,77
281495,21
281495,22
281495,32
281495,33
281495,34
281495,35
281495,36
281495,37
281495,38
281495,40
281495,41
281495,42
281495,43
281694,8
281694,14
281694,15
281694,16
281694,30
281694,31
281694,32
281694,33
281694,34
281694,35
281694,36
281694,37
281694,38
281694,39
281694,42
281694,43
281694,44
281694,54
281694,79
281893,11
281893,15
281893,22
281893,32
281893,33
281893,34
281893,35
281893,37
281893,38
281893,39
281893,40
281893,41
281893,44
282092,11
282092,13
282092,18
282092,19
282092,26
282092,27
282092,32
282092,33
282092,37
282092,38
282092,39
282092,40
282092,41
282092,42
282092,43
282092,44
282291,16
282291,31
282291,32
282291,33
282291,43
282291,44
282291,45
282291,50
282291,51
282291,52
282291,56
282291,57
282291,68
282291,69
282490,13
282490,14
282490,21
282490,22
282490,32
282490,33
282490,34
282490,35
282490,36
282490,37
282490,38
282490,39
282490,40
282490,115
282490,116
282689,4
282689,11
282689,25
282689,31
282689,32
282689,33
282689,34
282689,35
282689,36
282689,39
282689,40
282689,41
282689,42
282689,43
282689,44
282888,32
282888,36
282888,37
282888,38
282888,39
282888,40
282888,41
282888,42
283087,7
283087,8
283087,9
283087,10
283087,11
283087,15
283087,24
283087,25
283087,27
283087,32
283087,33
283087,34
283087,37
283087,38
283087,39
283087,40
283087,43
283087,58
283087,64
283087,66
283087,67
283087,69
283087,70
283286,1
283286,2
283286,5
283286,14
283286,15
283286,16
283286,17
283286,26
283286,28
283286,29
283286,30
283286,33
283286,34
283286,35
283286,36
283286,39
283286,40
283286,41
283286,42
283286,47
283286,48
283286,56
283286,58
283286,59
283286,65
283286,66
283485,10
283485,11
283485,30
283485,31
283485,32
283485,33
283485,34
283485,35
283485,36
283485,37
283485,38
283485,39
283485,40
283485,43
283684,31
283684,32
283684,33
283684,34
283684,39
283684,42
283684,62
283684,67
283684,68
283883,10
283883,11
283883,12
283883,19
283883,20
283883,31
283883,32
283883,36
283883,37
283883,40
283883,41
283883,51
283883,52
283883,53
283883,76
283883,77
284082,13
284082,21
284082,22
284082,31
284082,32
284082,33
284082,34
284082,35
284082,36
284082,37
284082,40
284082,41
284082,42
284082,43
284082,47
284082,48
284281,9
284281,10
284281,36
284281,37
284281,38
284281,39
284281,42
284480,29
284480,32
284480,33
284480,34
284480,35
284480,37
284480,38
284480,39
284480,40
284480,41
284480,42
284480,74
284480,116
284480,117
284679,13
284679,26
284679,27
284679,30
284679,31
284679,32
284679,33
284679,34
284679,35
284679,36
284679,37
284679,40
284679,41
284679,42
284679,44
284878,2
284878,33
284878,34
284878,35
284878,36
284878,37
284878,38
284878,39
284878,42
284878,43
284878,51
284878,52
284878,57
284878,58
284878,68
284878,69
285077,12
285077,13
285077,14
285077,32
285077,33
285077,34
285077,35
285077,37
285077,38
285077,39
285077,40
285077,61
285077,62
285276,4
285276,32
285276,33
285276,34
285276,35
285276,36
285276,39
285276,40
285276,41
285276,42
285276,43
285276,44
285276,84
285475,14
285475,15
285475,16
285475,32
285475,33
285475,35
285475,38
285475,39
285475,40
285475,42
285475,63
285475,70
285475,103
285674,7
285674,8
285674,9
285674,10
285674,11
285674,12
285674,24
285674,25
285674,40
285674,41
285674,42
285674,43
285674,44
285674,58
285674,64
285674,65
285674,69
285674,70
285674,109
285674,110
285873,13
285873,15
285873,26
285873,27
285873,42
285873,65
285873,66
286072,9
286072,10
286072,11
286072,13
286072,32
286072,35
286072,36
286072,37
286072,38
286072,39
286072,40
286072,41
286072,42
286072,57
286271,32
286271,33
286271,34
286271,37
286271,38
286271,39
286271,40
286271,121
286470,7
286470,11
286470,20
286470,21
286470,31
286470,32
286470,37
286470,38
286470,39
286470,40
286470,41
286470,76
286470,77
286669,12
286669,13
286669,21
286669,22
286669,32
286669,33
286669,34
286669,35
286669,36
286669,37
286669,40
286669,41
286669,42
286669,64
286669,65
286868,32
286868,33
286868,34
286868,36
286868,37
286868,38
286868,39
286868,42
286868,91
286868,92
287067,10
287067,11
287067,12
287067,13
287067,33
287067,34
287067,35
287067,37
287067,38
287067,39
287067,40
287067,41
287067,63
287067,75
287067,76
287067,77
287067,117
287266,27
287266,28
287266,32
287266,33
287266,34
287266,35
287266,36
287266,37
287266,40
287266,41
287266,42
287266,44
287266,45
287266,70
287465,9
287465,10
287465,13
287465,14
287465,32
287465,33
287465,36
287465,37
287465,38
287465,39
287465,40
287465,41
287465,42
287465,43
287465,51
287465,52
287465,57
287465,58
287465,68
287465,69
287465,108
287465,109
287465,115
287664,11
287664,12
287664,13
287664,14
287664,32
287664,33
287664,34
287664,39
287664,40
287664,41
287664,60
287863,1
287863,4
287863,6
287863,7
287863,11
287863,14
287863,18
287863,32
287863,33
287863,34
287863,35
287863,36
287863,37
287863,40
287863,41
287863,42
287863,43
287863,44
288062,8
288062,10
288062,14
288062,15
288062,39
288062,40
288062,77
288062,78
288062,79
288261,7
288261,8
288261,12
288261,13
288261,14
288261,15
288261,24
288261,25
288261,26
288261,32
288261,33
288261,35
288261,36
288261,37
288261,38
288261,39
288261,40
288261,43
288261,52
288261,58
288261,64
288261,65
288261,70
288261,71
288460,7
288460,11
288460,15
288460,20
288460,21
288460,26
288460,27
288460,31
288460,32
288460,33
288460,34
288460,35
288460,36
288460,37
288460,38
288460,39
288460,40
288460,41
288460,42
288460,66
288460,67
288460,112
288659,9
288659,10
288659,11
288659,31
288659,32
288659,35
288659,36
288659,37
288659,38
288659,39
288659,40
288858,28
288858,29
288858,30
288858,31
288858,32
288858,33
288858,34
288858,37
288858,38
288858,39
288858,40
288858,43
289057,20
289057,21
289057,31
289057,32
289057,36
289057,37
289057,38
289057,39
289057,40
289057,41
289057,42
289057,77
289057,78
289256,22
289256,32
289256,33
289256,34
289256,35
289256,36
289256,37
289256,43
289256,101
289256,102
289455,26
289455,32
289455,34
289455,37
289455,38
289455,39
289455,42
289455,58
289455,64
289654,33
289654,34
289654,35
289654,36
289654,37
289654,38
289654,39
289654,40
289654,41
289654,117
289853,27
289853,28
289853,31
289853,33
289853,34
289853,35
289853,36
289853,37
289853,38
289853,39
289853,40
289853,42
289853,44
289853,45
290052,32
290052,33
290052,36
290052,37
290052,38
290052,42
290052,51
290052,52
290052,57
290052,58
290052,68
290052,69
290251,13
290251,14
290251,15
290251,32
290251,33
290251,34
290251,35
290251,38
290251,39
290251,40
290251,41
290251,60
290251,62
290251,63
290450,4
290450,5
290450,19
290450,20
290450,21
290450,23
290450,32
290450,33
290450,34
290450,35
290450,36
290450,37
290450,40
290450,44
290649,9
290649,26
290649,33
290649,40
290649,41
290649,64
290649,65
290649,66
290649,74
290848,7
290848,8
290848,12
290848,24
290848,25
290848,28
290848,32
290848,33
290848,34
290848,35
290848,38
290848,39
290848,40
290848,58
290848,64
290848,65
290848,70
290848,71
290848,73
291047,15
291047,16
291047,26
291047,27
291047,30
291047,31
291047,33
291047,34
291047,35
291047,36
291047,37
291047,38
291047,39
291047,40
291047,41
291047,42
291047,45
291047,66
291047,67
291246,11
291246,12
291246,31
291246,32
291246,33
291246,35
291246,36
291246,38
291246,39
291246,40
291246,41
291445,26
291445,32
291445,33
291445,34
291445,37
291445,38
291445,39
291644,20
291644,21
291644,31
291644,32
291644,33
291644,35
291644,36
291644,37
291644,38
291644,39
291644,40
291644,45
291644,77
291644,78
291843,22
291843,23
291843,32
291843,33
291843,34
291843,35
291843,36
291843,37
291843,38
291843,39
291843,40
291843,41
291843,42
291843,76
292042,14
292042,15
292042,32
292042,35
292042,36
292042,37
292042,39
292042,40
292042,60
292042,66
292042,92
292042,93
292241,33
292241,34
292241,37
292241,38
292241,39
292440,27
292440,28
292440,30
292440,31
292440,32
292440,33
292440,34
292440,35
292440,36
292440,37
292440,38
292440,40
292440,41
292440,42
292440,43
292440,44
292440,45
292440,68
292639,38
292639,39
292639,40
292639,52
292639,57
292639,58
292639,69
292639,70
292838,14
292838,28
292838,33
292838,34
292838,35
292838,36
292838,37
292838,38
292838,39
292838,45
292838,46
292838,47
292838,59
292838,60
293037,4
293037,5
293037,32
293037,33
293037,35
293037,44
293037,45
293037,65
293236,31
293236,32
293236,33
293236,40
293236,41
293435,7
293435,8
293435,25
293435,33
293435,34
293435,35
293435,64
293435,65
293435,70
293435,71
293634,7
293634,8
293634,15
293634,16
293634,26
293634,27
293634,34
293634,40
293634,41
293634,42
293634,54
293634,66
293634,67
293833,11
293833,12
293833,32
293833,33
293833,34
293833,36
293833,37
293833,38
293833,39
293833,40
293833,41
293833,42
293833,43
293833,70
293833,72
294032,32
294032,33
294032,34
294032,35
294032,37
294032,38
294032,39
294032,40
294032,43
294032,44
294032,45
294032,60
294231,18
294231,20
294231,21
294231,31
294231,32
294231,33
294231,34
294231,35
294231,36
294231,37
294231,38
294231,39
294231,40
294231,41
294231,42
294231,65
294231,66
294231,67
294231,68
294231,69
294231,77
294231,78
294430,15
294430,22
294430,23
294430,32
294430,33
294430,34
294430,35
294430,36
294430,37
294430,38
294430,41
294430,46
294629,8
294629,31
294629,32
294629,33
294629,34
294629,35
294629,36
294629,37
294629,38
294629,39
294629,40
294828,28
294828,37
294828,38
294828,39
294828,40
294828,41
294828,42
295027,27
295027,28
295027,32
295027,33
295027,34
295027,44
295027,45
295226,31
295226,32
295226,33
295226,34
295226,35
295226,36
295226,37
295226,38
295226,39
295226,42
295226,52
295226,53
295226,57
295226,58
295226,69
295226,70
295425,14
295425,15
295425,33
295425,34
295425,35
295425,36
295425,38
295425,39
295425,40
295425,60
295624,0
295624,4
295624,5
295624,29
295624,30
295624,31
295624,32
295624,33
295624,34
295624,35
295624,36
295624,37
295624,40
295624,41
295624,42
295624,43
295624,44
295624,45
295823,32
295823,33
295823,36
295823,37
295823,38
295823,39
295823,40
295823,41
295823,42
295823,106
296022,8
296022,9
296022,25
296022,26
296022,28
296022,33
296022,34
296022,35
296022,38
296022,39
296022,40
296022,41
296022,44
296022,65
296022,67
296022,70
296022,71
296221,15
296221,16
296221,26
296221,27
296221,29
296221,30
296221,35
296221,37
296221,40
296221,41
296221,42
296221,43
296221,51
296221,66
296221,67
296221,71
296420,8
296420,11
296420,12
296420,31
296420,32
296420,33
296420,34
296420,35
296420,36
296420,37
296420,38
296420,40
296420,59
296420,78
296420,79
296619,32
296619,33
296619,34
296619,35
296619,40
296619,43
296818,20
296818,21
296818,31
296818,32
296818,33
296818,34
296818,35
296818,36
296818,37
296818,38
296818,39
296818,40
296818,41
296818,42
296818,66
296818,67
296818,68
296818,69
296818,70
296818,77
296818,78
297017,22
297017,23
297017,25
297017,34
297017,35
297017,36
297017,37
297017,38
297017,41
297017,42
297017,43
297017,46
297017,48
297017,49
297017,63
297017,119
297216,8
297216,10
297216,11
297216,12
297216,32
297216,33
297216,34
297216,35
297216,36
297216,37
297216,38
297216,39
297216,40
297216,43
297216,55
297216,62
297415,33
297415,34
297415,35
297415,36
297415,37
297415,38
297415,39
297415,40
297415,41
297415,42
297415,95
297614,9
297614,12
297614,13
297614,26
297614,27
297614,28
297614,31
297614,32
297614,33
297614,34
297614,35
297614,36
297614,37
297614,38
297614,41
297614,42
297614,43
297614,45
297614,61
297614,101
297614,102
297813,2
297813,9
297813,31
297813,32
297813,33
297813,34
297813,37
297813,38
297813,39
297813,40
297813,43
297813,52
297813,53
297813,57
297813,58
297813,59
297813,67
297813,69
297813,70
297813,71
297813,72
298012,8
298012,9
298012,10
298012,14
298012,15
298012,33
298012,34
298012,35
298012,36
298012,37
298012,38
298012,39
298012,40
298012,41
298012,60
298012,71
298012,75
298211,4
298211,5
298211,33
298211,34
298211,35
298211,40
298211,41
298211,42
298211,43
298211,44
298211,45
298211,49
298211,69
298211,70
298211,71
298211,74
298410,9
298410,31
298410,32
298410,33
298410,34
298410,36
298410,39
298410,40
298410,41
298410,43
298410,74
298410,75
298609,7
298609,8
298609,9
298609,25
298609,26
298609,33
298609,34
298609,35
298609,38
298609,39
298609,40
298609,41
298609,65
298609,66
298609,70
298609,71
298808,14
298808,15
298808,16
298808,25
298808,26
298808,27
298808,28
298808,34
298808,35
298808,36
298808,37
298808,40
298808,41
298808,42
298808,43
298808,66
298808,67
298808,84
298808,118
298808,119
299007,11
299007,12
299007,30
299007,31
299007,32
299007,33
299007,34
299007,35
299007,36
299007,37
299007,38
299007,39
299007,40
299007,42
299007,43
299007,44
299007,45
299206,9
299206,15
299206,23
299206,24
299206,26
299206,27
299206,32
299206,33
299206,38
299206,39
299206,40
299206,41
299405,4
299405,5
299405,6
299405,21
299405,22
299405,28
299405,29
299405,30
299405,31
299405,32
299405,33
299405,34
299405,38
299405,39
299405,40
299405,41
299405,42
299405,77
299405,78
299604,13
299604,14
299604,19
299604,20
299604,22
299604,23
299604,24
299604,25
299604,34
299604,35
299604,36
299604,37
299604,38
299604,39
299604,41
299604,42
299604,44
299604,46
299604,65
299604,66
299803,8
299803,11
299803,12
299803,15
299803,43
299803,44
299803,45
299803,105
300002,9
300002,10
300002,11
300002,13
300002,37
300002,38
300201,9
300201,28
300201,29
300201,30
300201,31
300201,33
300201,34
300201,35
300201,36
300201,37
300201,38
300201,39
300201,40
300201,41
300201,42
300201,43
300201,44
300201,45
300201,124
300201,125
300400,2
300400,31
300400,32
300400,33
300400,34
300400,37
300400,38
300400,39
300400,40
300400,43
300400,52
300400,53
300400,58
300400,59
300400,69
300400,70
300400,109
300599,7
300599,10
300599,11
300599,12
300599,13
300599,14
300599,15
300599,24
300599,34
300599,35
300599,36
300599,37
300599,38
300599,39
300599,40
300599,41
300599,42
300599,61
300599,72
300599,73
300599,74
300798,5
300798,7
300798,8
300798,14
300798,15
300798,32
300798,33
300798,34
300798,35
300798,36
300798,37
300798,38
300798,41
300798,42
300798,43
300798,44
300798,45
300798,51
300997,32
300997,33
300997,34
300997,37
300997,38
300997,39
300997,40
300997,41
300997,48
300997,49
300997,64
301196,8
301196,9
301196,11
301196,25
301196,26
301196,33
301196,34
301196,35
301196,38
301196,39
301196,40
301196,64
301196,65
301196,66
301196,71
301196,72
301196,122
301196,123
301395,8
301395,9
301395,13
301395,16
301395,27
301395,28
301395,32
301395,34
301395,42
301395,67
301395,68
301594,12
301594,31
301594,32
301594,34
301594,35
301594,36
301594,37
301594,38
301594,39
301594,40
301594,42
301594,43
301793,11
301793,28
301793,29
301793,32
301793,33
301793,34
301793,35
301793,36
301793,37
301793,38
301793,39
301793,40
301793,41
301793,44
301793,105
301992,11
301992,21
301992,22
301992,32
301992,33
301992,38
301992,39
301992,64
301992,78
301992,79
302191,23
302191,31
302191,33
302191,34
302191,35
302191,38
302191,42
302191,43
302191,46
302191,63
302390,8
302390,40
302390,43
302390,80
302589,5
302589,6
302589,7
302589,31
302589,32
302589,33
302589,34
302589,35
302589,36
302589,37
302589,38
302589,39
302589,40
302589,41
302589,42
302589,51
302788,9
302788,13
302788,28
302788,29
302788,31
302788,32
302788,33
302788,34
302788,35
302788,36
302788,37
302788,38
302788,45
302788,47
302788,81
302987,2
302987,18
302987,19
302987,27
302987,28
302987,32
302987,33
302987,34
302987,35
302987,36
302987,37
302987,38
302987,39
302987,40
302987,43
302987,52
302987,53
302987,57
302987,58
302987,59
302987,69
302987,70
303186,2
303186,8
303186,11
303186,14
303186,15
303186,16
303186,33
303186,34
303186,35
303186,36
303186,38
303186,39
303186,40
303186,41
303186,42
303186,61
303186,63
303186,64
303385,5
303385,6
303385,31
303385,32
303385,33
303385,34
303385,35
303385,36
303385,37
303385,38
303385,45
303584,8
303584,31
303584,32
303584,33
303584,34
303584,37
303584,38
303584,39
303584,40
303584,41
303584,42
303584,43
303783,8
303783,9
303783,25
303783,26
303783,33
303783,34
303783,35
303783,36
303783,39
303783,40
303783,41
303783,64
303783,65
303783,66
303783,70
303783,71
303783,72
303982,16
303982,17
303982,27
303982,28
303982,40
303982,67
303982,68
303982,85
304181,12
304181,13
304181,14
304181,15
304181,31
304181,32
304181,33
304181,34
304181,35
304181,36
304181,37
304181,38
304181,39
304181,40
304181,42
304181,61
304181,62
304380,17
304380,33
304380,34
304380,35
304380,38
304380,39
304380,40
304380,41
304380,57
304579,4
304579,5
304579,14
304579,21
304579,22
304579,32
304579,33
304579,34
304579,35
304579,36
304579,37
304579,38
304579,39
304579,40
304579,41
304579,42
304579,43
304579,47
304579,48
304579,51
304579,78
304579,79
304778,4
304778,5
304778,23
304778,24
304778,32
304778,33
304778,34
304778,35
304778,36
304778,37
304778,38
304778,39
304778,42
304778,46
304778,63
304778,67
304977,1
304977,8
304977,15
304977,32
304977,33
304977,34
304977,35
304977,36
304977,38
304977,39
304977,40
304977,41
304977,72
305176,5
305176,31
305176,32
305176,33
305176,34
305176,35
305176,36
305176,37
305176,38
305176,39
305176,40
305176,41
305176,77
305375,6
305375,28
305375,29
305375,32
305375,33
305375,34
305375,35
305375,36
305375,37
305375,38
305375,41
305375,42
305375,43
305375,45
305375,55
305375,67
305574,2
305574,11
305574,26
305574,28
305574,32
305574,35
305574,37
305574,38
305574,39
305574,40
305574,43
305574,53
305574,58
305574,59
305574,70
305574,71
305773,8
305773,14
305773,15
305773,31
305773,34
305773,35
305773,36
305773,37
305773,38
305773,39
305773,40
305773,41
305773,42
305773,61
305972,5
305972,6
305972,10
305972,14
305972,15
305972,32
305972,33
305972,34
305972,35
305972,36
305972,37
305972,38
305972,41
305972,44
305972,45
305972,46
306171,9
306171,11
306171,31
306171,32
306171,33
306171,34
306171,37
306171,38
306171,39
306171,40
306171,41
306171,42
306171,43
306171,60
306370,8
306370,9
306370,12
306370,26
306370,33
306370,34
306370,35
306370,36
306370,37
306370,38
306370,39
306370,40
306370,42
306370,65
306370,66
306370,71
306370,72
306569,16
306569,17
306569,27
306569,28
306569,32
306569,33
306569,34
306569,35
306569,36
306569,37
306569,38
306569,39
306569,40
306569,41
306569,42
306569,43
306569,67
306569,68
306569,76
306569,77
306768,4
306768,12
306768,13
306768,32
306768,33
306768,34
306768,35
306768,36
306768,40
306768,42
306768,43
306768,69
306967,10
306967,11
306967,12
306967,16
306967,17
306967,33
306967,34
306967,35
306967,36
306967,38
306967,39
306967,40
306967,41
307166,12
307166,13
307166,14
307166,15
307166,17
307166,18
307166,21
307166,22
307166,31
307166,32
307166,33
307166,34
307166,35
307166,36
307166,37
307166,38
307166,39
307166,40
307166,41
307166,42
307166,43
307166,78
307166,79
307365,23
307365,24
307365,33
307365,34
307365,35
307365,36
307365,37
307365,38
307365,39
307365,42
307365,43
307365,46
307365,47
307365,64
307564,4
307564,8
307564,9
307564,11
307564,12
307564,28
307564,32
307564,33
307564,34
307564,35
307564,36
307564,39
307564,40
307564,41
307564,122
307763,6
307763,7
307763,10
307763,11
307763,12
307763,13
307763,32
307763,33
307763,34
307763,35
307763,36
307763,37
307763,38
307763,39
307763,40
307763,41
307763,42
307763,43
307763,51
307763,52
307763,53
307962,28
307962,29
307962,32
307962,33
307962,34
307962,35
307962,36
307962,37
307962,38
307962,39
307962,42
307962,45
307962,60
307962,61
308161,2
308161,15
308161,32
308161,33
308161,34
308161,35
308161,38
308161,39
308161,40
308161,43
308161,53
308161,54
308161,57
308161,58
308161,59
308161,62
308161,63
308161,66
308161,70
308161,71
308360,15
308360,16
308360,19
308360,31
308360,34
308360,35
308360,36
308360,37
308360,38
308360,39
308360,40
308360,41
308360,42
308360,47
308360,48
308360,49
308360,54
308360,61
308360,70
308360,71
308360,72
308559,5
308559,6
308559,9
308559,13
308559,14
308559,32
308559,33
308559,34
308559,36
308559,43
308559,45
308559,46
308758,3
308758,4
308758,9
308758,32
308758,33
308758,34
308758,37
308758,38
308758,39
308758,40
308758,41
308758,42
308758,43
308758,72
308758,75
308758,76
308957,9
308957,10
308957,13
308957,26
308957,27
308957,36
308957,39
308957,40
308957,41
308957,42
308957,66
308957,71
308957,72
309156,9
309156,16
309156,17
309156,27
309156,28
309156,30
309156,31
309156,32
309156,33
309156,34
309156,35
309156,36
309156,37
309156,38
309156,39
309156,40
309156,41
309156,42
309156,43
309156,67
309156,68
309156,118
309355,12
309355,13
309355,31
309355,32
309355,33
309355,34
309355,35
309355,36
309355,37
309355,40
309355,43
309554,33
309554,34
309554,35
309554,36
309554,41
309554,45
309753,9
309753,16
309753,21
309753,22
309753,25
309753,32
309753,33
309753,34
309753,35
309753,36
309753,37
309753,38
309753,39
309753,40
309753,41
309753,42
309753,43
309753,63
309753,64
309753,67
309753,68
309753,78
309753,79
309952,4
309952,23
309952,24
309952,31
309952,32
309952,33
309952,34
309952,35
309952,36
309952,37
309952,38
309952,39
309952,42
309952,43
309952,46
309952,47
309952,49
309952,50
309952,64
310151,8
310151,9
310151,11
310151,12
310151,21
310151,24
310151,33
310151,35
310151,36
310151,37
310151,38
310151,39
310151,40
310151,41
310151,44
310151,65
310350,28
310350,38
310350,39
310350,78
310350,79
310350,118
310350,119
310549,28
310549,29
310549,31
310549,32
310549,33
310549,34
310549,35
310549,36
310549,37
310549,38
310549,39
310549,40
310549,42
310549,43
310549,45
310748,2
310748,3
310748,15
310748,16
310748,32
310748,33
310748,34
310748,35
310748,38
310748,39
310748,40
310748,41
310748,53
310748,54
310748,59
310748,60
310748,67
310748,68
310748,70
310748,71
310748,98
310947,15
310947,16
310947,18
310947,19
310947,20
310947,34
310947,35
310947,36
310947,37
310947,38
310947,39
310947,40
310947,41
310947,42
310947,45
310947,60
310947,61
310947,80
311146,5
311146,6
311146,32
311146,34
311146,35
311146,36
311146,37
311146,38
311146,41
311146,42
311146,43
311146,44
311146,45
311146,46
311345,15
311345,32
311345,33
311345,34
311345,35
311345,37
311345,40
311345,41
311345,42
311345,43
311345,45
311345,46
311345,50
311345,51
311345,75
311345,104
311544,9
311544,10
311544,11
311544,26
311544,27
311544,33
311544,34
311544,35
311544,36
311544,39
311544,40
311544,41
311544,42
311544,66
311544,71
311544,72
311743,16
311743,17
311743,28
311743,29
311743,31
311743,32
311743,35
311743,36
311743,37
311743,38
311743,39
311743,40
311743,41
311743,43
311743,64
311743,65
311743,66
311743,67
311743,68
311743,78
311942,12
311942,13
311942,31
311942,32
311942,33
311942,34
311942,36
311942,37
311942,38
311942,39
311942,40
311942,43
311942,121
312141,11
312141,33
312141,34
312141,35
312141,36
312141,39
312141,40
312141,41
312141,42
312141,50
312141,51
312141,52
312340,7
312340,22
312340,23
312340,31
312340,32
312340,33
312340,35
312340,36
312340,37
312340,38
312340,39
312340,40
312340,41
312340,42
312340,43
312340,48
312340,49
312340,55
312340,124
312340,125
312539,11
312539,23
312539,24
312539,31
312539,32
312539,33
312539,35
312539,36
312539,37
312539,38
312539,39
312539,46
312539,47
312539,64
312539,66
312539,67
312738,1
312738,2
312738,3
312738,8
312738,9
312738,13
312738,34
312738,35
312738,36
312738,37
312738,38
312738,39
312738,40
312738,41
312738,58
312738,63
312937,6
312937,9
312937,28
312937,31
312937,34
312937,35
312937,36
312937,37
312937,38
312937,39
312937,40
312937,41
312937,42
312937,43
312937,56
312937,57
312937,58
313136,29
313136,30
313136,34
313136,35
313136,37
313136,38
313136,39
313136,42
313136,45
313335,2
313335,3
313335,11
313335,12
313335,17
313335,32
313335,33
313335,34
313335,35
313335,53
313335,54
313335,59
313335,60
313335,70
313335,71
313534,15
313534,16
313534,31
313534,34
313534,35
313534,36
313534,37
313534,38
313534,39
313534,40
313534,41
313534,42
313534,43
313534,61
313534,62
313733,5
313733,6
313733,8
313733,9
313733,10
313733,30
313733,34
313733,35
313733,38
313733,39
313733,42
313733,43
313733,44
313733,45
313733,46
313932,11
313932,12
313932,32
313932,33
313932,34
313932,35
313932,40
313932,41
313932,42
313932,52
313932,64
313932,74
313932,76
314131,9
314131,10
314131,11
314131,26
314131,27
314131,31
314131,33
314131,34
314131,35
314131,36
314131,37
314131,39
314131,40
314131,59
314131,66
314131,67
314131,72
314330,7
314330,13
314330,16
314330,17
314330,28
314330,29
314330,31
314330,32
314330,33
314330,35
314330,36
314330,37
314330,38
314330,41
314330,42
314330,43
314330,55
314330,67
314330,68
314330,69
314330,71
314330,72
314330,75
314330,85
314529,10
314529,13
314529,32
314529,33
314529,34
314529,36
314529,37
314529,38
314529,39
314529,40
314529,43
314529,44
314529,45
314529,59
314728,40
314728,62
314927,22
314927,23
314927,31
314927,32
314927,33
314927,35
314927,39
314927,40
314927,41
314927,42
314927,43
314927,70
314927,79
314927,80
315126,24
315126,31
315126,32
315126,33
315126,34
315126,35
315126,36
315126,37
315126,38
315126,39
315126,40
315126,43
315126,46
315126,47
315126,64
315325,8
315325,9
315325,33
315325,34
315325,35
315325,36
315325,37
315325,38
315325,39
315325,40
315325,41
315325,47
315325,67
315325,68
315325,69
315325,73
315524,1
315524,28
315524,32
315524,34
315524,35
315524,36
315524,37
315524,38
315524,39
315524,40
315524,41
315524,42
315524,43
315524,55
315524,73
315723,8
315723,9
315723,10
315723,16
315723,29
315723,30
315723,31
315723,32
315723,33
315723,34
315723,35
315723,36
315723,37
315723,38
315723,39
315723,42
315723,43
315922,2
315922,3
315922,32
315922,33
315922,34
315922,35
315922,38
315922,39
315922,40
315922,41
315922,53
315922,54
315922,59
315922,60
315922,70
315922,71
316121,15
316121,16
316121,39
316121,61
316121,62
316121,64
316121,65
316121,72
316320,6
316320,7
316320,32
316320,33
316320,34
316320,35
316320,36
316320,37
316320,38
316320,39
316320,42
316320,46
316320,51
316320,81
316519,1
316519,4
316519,5
316519,11
316519,12
316519,32
316519,33
316519,34
316519,35
316519,38
316519,39
316519,40
316519,41
316519,42
316519,50
316519,51
316519,52
316519,64
316519,65
316718,9
316718,10
316718,16
316718,26
316718,27
316718,33
316718,34
316718,35
316718,36
316718,37
316718,40
316718,41
316718,42
316718,66
316718,67
316718,72
316718,73
316917,14
316917,15
316917,17
316917,18
316917,28
316917,29
316917,31
316917,33
316917,36
316917,37
316917,38
316917,41
316917,68
316917,69
317116,6
317116,11
317116,13
317116,14
317116,32
317116,33
317116,34
317116,35
317116,36
317116,37
317116,38
317116,39
317116,40
317116,43
317116,98
317116,99
317315,11
317315,36
317315,39
317315,41
317315,42
317315,71
317315,72
317514,7
317514,8
317514,9
317514,10
317514,22
317514,23
317514,33
317514,36
317514,37
317514,38
317514,39
317514,40
317514,42
317514,55
317713,0
317713,14
317713,24
317713,25
317713,31
317713,32
317713,33
317713,34
317713,35
317713,36
317713,37
317713,38
317713,39
317713,40
317713,47
317713,64
317713,68
317713,74
317912,8
317912,9
317912,33
317912,34
317912,35
317912,36
317912,37
317912,38
317912,39
317912,40
317912,41
317912,42
317912,94
318111,8
318111,28
318111,32
318111,35
318111,36
318111,39
318111,40
318111,80
318111,81
318310,5
318310,8
318310,9
318310,11
318310,14
318310,15
318310,16
318310,17
318310,27
318310,28
318310,29
318310,30
318310,31
318310,32
318310,33
318310,34
318310,35
318310,36
318310,37
318310,38
318310,39
318310,42
318310,48
318310,49
318310,50
318310,51
318509,2
318509,3
318509,7
318509,10
318509,13
318509,16
318509,17
318509,36
318509,38
318509,39
318509,40
318509,41
318509,54
318509,59
318509,60
318509,71
318509,72
318708,7
318708,8
318708,9
318708,13
318708,16
318708,30
318708,31
318708,32
318708,34
318708,35
318708,36
318708,37
318708,40
318708,41
318708,42
318708,61
318708,62
318708,63
318907,6
318907,7
318907,9
318907,10
318907,11
318907,14
318907,15
318907,23
318907,34
318907,35
318907,36
318907,37
318907,38
318907,39
318907,42
318907,45
318907,46
318907,47
318907,70
318907,71
318907,72
318907,79
318907,97
319106,15
319106,27
319106,32
319106,33
319106,34
319106,35
319106,38
319106,39
319106,40
319106,41
319106,42
319305,2
319305,3
319305,4
319305,9
319305,10
319305,26
319305,27
319305,31
319305,33
319305,34
319305,35
319305,36
319305,37
319305,40
319305,41
319305,42
319305,66
319305,67
319305,69
319305,70
319305,71
319305,72
319305,73
319504,8
319504,9
319504,10
319504,13
319504,17
319504,18
319504,28
319504,29
319504,30
319504,32
319504,33
319504,36
319504,37
319504,42
319504,55
319504,58
319504,68
319504,69
319504,80
319703,13
319703,14
319703,32
319703,33
319703,34
319703,35
319703,36
319703,37
319703,38
319703,39
319703,40
319703,58
319703,59
319703,60
319902,6
319902,7
319902,8
319902,11
319902,12
319902,31
319902,34
319902,35
319902,36
319902,39
319902,40
319902,41
319902,42
320101,22
320101,23
320101,32
320101,33
320101,35
320101,36
320101,37
320101,38
320101,39
320101,40
320101,41
320101,42
320101,62
320101,63
320101,77
320101,79
320300,11
320300,24
320300,25
320300,34
320300,35
320300,36
320300,37
320300,38
320300,39
320300,40
320300,47
320300,48
320300,64
320300,65
320499,9
320499,10
320499,29
320499,30
320499,33
320499,34
320499,35
320499,36
320499,37
320499,39
320499,40
320499,41
320499,69
320499,70
320499,95
320499,106
320698,8
320698,9
320698,10
320698,11
320698,12
320698,28
320698,35
320698,36
320698,37
320698,38
320698,39
320698,40
320698,41
320698,42
320698,43
320698,54
320698,55
320698,75
320698,76
320897,8
320897,9
320897,10
320897,11
320897,17
320897,29
320897,30
320897,32
320897,33
320897,34
320897,35
320897,36
320897,37
320897,44
321096,3
321096,11
321096,12
321096,33
321096,34
321096,35
321096,36
321096,39
321096,41
321096,54
321096,55
321096,59
321096,60
321096,61
321096,62
321096,71
321096,72
321295,14
321295,16
321295,17
321295,32
321295,35
321295,41
321295,42
321295,61
321295,62
321295,73
321494,6
321494,7
321494,26
321494,33
321494,34
321494,35
321494,36
321494,37
321494,38
321494,39
321494,46
321494,47
321494,80
321494,81
321693,1
321693,10
321693,11
321693,35
321693,38
321693,39
321693,41
321693,42
321693,66
321693,76
321693,105
321693,110
321693,111
321892,10
321892,11
321892,13
321892,14
321892,18
321892,19
321892,27
321892,28
321892,29
321892,33
321892,34
321892,35
321892,36
321892,37
321892,40
321892,41
321892,42
321892,66
321892,67
321892,72
321892,73
321892,90
321892,123
322091,17
322091,18
322091,28
322091,29
322091,31
322091,32
322091,34
322091,37
322091,38
322091,39
322091,42
322091,68
322091,69
322091,120
322290,13
322290,14
322290,15
322290,28
322290,29
322290,32
322290,33
322290,34
322290,36
322290,38
322290,40
322290,65
322290,66
322489,12
322489,34
322489,35
322489,36
322489,37
322489,42
322489,72
322489,74
322688,22
322688,23
322688,39
322688,40
322688,66
322688,79
322887,22
322887,24
322887,25
322887,32
322887,33
322887,34
322887,35
322887,36
322887,37
322887,38
322887,47
322887,48
322887,50
322887,51
322887,64
322887,65
322887,92
322887,93
322887,115
322887,116
323086,6
323086,7
323086,9
323086,10
323086,12
323086,13
323086,39
323086,40
323086,41
323086,42
323086,48
323086,74
323086,95
323086,106
323285,9
323285,17
323285,18
323285,28
323285,29
323285,32
323285,35
323285,36
323285,37
323285,38
323285,39
323285,40
323285,41
323285,42
323285,61
323285,65
323285,79
323484,14
323484,26
323484,29
323484,30
323484,32
323484,33
323484,34
323484,35
323484,36
323484,37
323484,38
323484,39
323484,61
323484,71
323683,3
323683,4
323683,11
323683,12
323683,13
323683,31
323683,33
323683,34
323683,35
323683,36
323683,37
323683,38
323683,39
323683,40
323683,41
323683,42
323683,54
323683,55
323683,60
323683,61
323683,68
323683,69
323683,71
323683,72
323882,8
323882,9
323882,10
323882,16
323882,17
323882,22
323882,23
323882,32
323882,35
323882,36
323882,38
323882,41
323882,42
323882,61
323882,62
324081,6
324081,7
324081,31
324081,32
324081,33
324081,34
324081,35
324081,36
324081,37
324081,38
324081,39
324081,42
324081,43
324081,44
324081,46
324081,47
324280,10
324280,11
324280,12
324280,32
324280,33
324280,34
324280,35
324280,36
324280,38
324280,41
324280,42
324280,53
324280,64
324280,65
324280,66
324280,81
324280,117
324479,10
324479,11
324479,27
324479,28
324479,32
324479,33
324479,34
324479,35
324479,36
324479,37
324479,40
324479,41
324479,42
324479,49
324479,67
324479,72
324479,73
324479,112
324479,113
324479,124
324678,15
324678,17
324678,18
324678,26
324678,29
324678,30
324678,31
324678,32
324678,33
324678,34
324678,35
324678,36
324678,37
324678,38
324678,39
324678,42
324678,43
324678,45
324678,68
324678,69
324877,13
324877,14
324877,22
324877,32
324877,33
324877,34
324877,35
324877,36
324877,37
324877,41
324877,100
325076,8
325076,13
325076,14
325076,28
325076,29
325076,30
325076,31
325076,35
325076,36
325076,37
325076,40
325076,41
325076,42
325076,43
325275,9
325275,23
325275,36
325275,37
325275,38
325275,39
325275,40
325275,41
325275,42
325275,68
325275,69
325275,79
325474,24
325474,25
325474,27
325474,34
325474,36
325474,37
325474,47
325474,48
325474,61
325474,62
325474,64
325474,65
325474,67
325474,68
325673,8
325673,9
325673,10
325673,12
325673,13
325673,14
325673,34
325673,35
325673,36
325673,37
325673,39
325673,40
325872,7
325872,8
325872,10
325872,11
325872,13
325872,14
325872,15
325872,28
325872,29
325872,32
325872,33
325872,36
325872,37
325872,38
325872,39
325872,40
325872,41
325872,42
325872,43
325872,67
325872,68
325872,69
325872,108
326071,30
326071,31
326071,32
326071,33
326071,34
326071,35
326071,36
326071,37
326071,38
326071,39
326071,40
326270,3
326270,4
326270,5
326270,7
326270,24
326270,33
326270,34
326270,35
326270,38
326270,39
326270,42
326270,54
326270,55
326270,60
326270,61
326270,71
326270,72
326469,13
326469,14
326469,16
326469,17
326469,62
326469,63
326469,91
326668,0
326668,6
326668,7
326668,8
326668,9
326668,10
326668,14
326668,28
326668,31
326668,32
326668,33
326668,34
326668,35
326668,36
326668,37
326668,38
326668,39
326668,40
326668,43
326668,44
326668,46
326668,47
326668,52
326668,53
326867,9
326867,10
326867,11
326867,12
326867,32
326867,33
326867,34
326867,35
326867,36
326867,39
326867,40
326867,41
326867,42
326867,44
326867,45
326867,46
326867,50
326867,56
326867,105
326867,106
326867,116
327066,10
327066,11
327066,19
327066,27
327066,28
327066,32
327066,33
327066,34
327066,35
327066,36
327066,37
327066,38
327066,40
327066,41
327066,43
327066,67
327066,73
327066,113
327265,11
327265,17
327265,18
327265,29
327265,30
327265,31
327265,33
327265,34
327265,35
327265,36
327265,37
327265,38
327265,39
327265,40
327265,41
327265,42
327265,43
327265,44
327265,45
327265,69
327265,70
327464,11
327464,14
327464,33
327464,34
327464,35
327464,38
327464,39
327464,40
327464,41
327464,59
327663,34
327663,35
327663,36
327663,37
327663,40
327663,41
327663,42
327862,23
327862,24
327862,40
327862,41
327862,42
327862,43
327862,47
327862,63
327862,68
327862,69
328061,25
328061,32
328061,34
328061,35
328061,36
328061,37
328061,39
328061,40
328061,41
328061,47
328061,48
328061,55
328061,64
328061,65
328061,68
328061,69
328260,7
328260,9
328260,10
328260,11
328260,12
328260,17
328260,24
328260,34
328260,35
328260,36
328260,37
328260,40
328260,41
328260,42
328459,2
328459,28
328459,29
328459,32
328459,33
328459,36
328459,37
328459,38
328459,39
328459,40
328459,41
328459,108
328459,109
328658,10
328658,16
328658,17
328658,30
328658,31
328658,34
328658,36
328658,50
328658,57
328857,3
328857,4
328857,7
328857,8
328857,11
328857,12
328857,14
328857,16
328857,54
328857,55
328857,60
328857,61
328857,67
328857,71
328857,72
329056,4
329056,5
329056,14
329056,15
329056,16
329056,17
329056,31
329056,32
329056,35
329056,36
329056,37
329056,38
329056,41
329056,42
329056,62
329056,63
329056,65
329056,67
329056,73
329255,4
329255,5
329255,7
329255,8
329255,9
329255,14
329255,15
329255,16
329255,17
329255,32
329255,33
329255,35
329255,36
329255,37
329255,38
329255,39
329255,40
329255,47
329255,81
329454,5
329454,6
329454,7
329454,12
329454,29
329454,33
329454,34
329454,35
329454,36
329454,39
329454,40
329454,41
329454,42
329454,65
329653,7
329653,8
329653,10
329653,11
329653,12
329653,27
329653,28
329653,33
329653,34
329653,36
329653,37
329653,67
329653,73
329653,74
329852,14
329852,15
329852,18
329852,19
329852,29
329852,30
329852,32
329852,33
329852,34
329852,35
329852,36
329852,37
329852,38
329852,39
329852,42
329852,43
329852,69
329852,70
329852,121
330051,14
330051,15
330051,36
330051,41
330051,56
330051,57
330051,64
330051,88
330051,94
330250,31
330250,32
330250,34
330250,35
330250,36
330250,37
330250,40
330250,41
330250,42
330250,43
330250,54
330250,55
330250,56
330250,72
330449,23
330449,24
330449,32
330449,36
330449,37
330449,38
330449,39
330449,40
330449,41
330449,42
330449,67
330449,78
330449,79
330449,80
330449,125
330648,12
330648,14
330648,23
330648,25
330648,28
330648,29
330648,32
330648,33
330648,34
330648,35
330648,36
330648,37
330648,38
330648,39
330648,40
330648,41
330648,44
330648,47
330648,48
330648,65
330648,104
330648,117
330847,4
330847,5
330847,6
330847,9
330847,10
330847,31
330847,34
330847,35
330847,36
330847,37
330847,40
330847,41
330847,42
330847,43
330847,46
330847,47
330847,96
331046,28
331046,29
331046,30
331046,31
331046,32
331046,33
331046,39
331046,40
331046,41
331046,42
331046,43
331046,45
331046,46
331245,11
331245,12
331245,26
331245,30
331245,31
331245,33
331245,34
331245,36
331245,37
331245,38
331245,39
331245,40
331245,43
331245,44
331245,82
331444,3
331444,4
331444,5
331444,10
331444,31
331444,36
331444,37
331444,39
331444,40
331444,55
331444,60
331444,61
331444,67
331444,72
331444,73
331643,16
331643,17
331643,62
331643,63
331842,7
331842,8
331842,32
331842,33
331842,34
331842,35
331842,36
331842,37
331842,38
331842,39
331842,40
331842,47
331842,48
331842,80
332041,32
332041,33
332041,34
332041,35
332041,36
332041,39
332041,40
332041,41
332041,42
332240,10
332240,11
332240,27
332240,28
332240,32
332240,33
332240,34
332240,35
332240,36
332240,37
332240,38
332240,41
332240,42
332240,43
332240,47
332240,67
332240,73
332240,74
332240,114
332439,18
332439,19
332439,29
332439,30
332439,32
332439,37
332439,38
332439,39
332439,40
332439,43
332439,44
332439,48
332439,49
332439,69
332439,70
332439,80
332439,81
332439,109
332439,110
332638,13
332638,14
332638,15
332638,16
332638,18
332638,33
332638,34
332638,35
332638,36
332638,39
332638,40
332638,41
332638,64
332638,99
332837,7
332837,32
332837,35
332837,36
332837,37
332837,38
332837,40
332837,41
332837,42
332837,43
332837,66
332837,75
332837,76
332837,77
333036,23
333036,24
333036,32
333036,33
333036,34
333036,36
333036,37
333036,38
333036,39
333036,40
333036,41
333036,42
333036,43
333036,69
333036,70
333036,114
333036,115
333235,10
333235,11
333235,12
333235,13
333235,25
333235,27
333235,28
333235,36
333235,37
333235,38
333235,48
333235,49
333235,65
333235,66
333235,88
333235,123
333434,2
333434,10
333434,11
333434,15
333434,16
333434,19
333434,31
333434,34
333434,35
333434,36
333434,37
333434,40
333434,41
333434,42
333434,43
333633,9
333633,28
333633,29
333633,39
333633,40
333633,41
333633,42
333633,43
333633,44
333633,80
333633,81
333832,10
333832,11
333832,12
333832,28
333832,29
333832,30
333832,31
333832,32
333832,33
333832,34
333832,35
333832,36
333832,37
333832,38
333832,39
333832,40
333832,41
333832,45
333832,50
334031,4
334031,7
334031,22
334031,31
334031,34
334031,35
334031,36
334031,37
334031,40
334031,55
334031,56
334031,60
334031,61
334031,67
334031,72
334031,73
334230,7
334230,14
334230,15
334230,17
334230,18
334230,30
334230,31
334230,32
334230,33
334230,36
334230,37
334230,38
334230,39
334230,40
334230,41
334230,42
334230,52
334230,54
334230,55
334230,62
334230,63
334230,64
334230,102
334230,103
334230,109
334429,7
334429,8
334429,9
334429,11
334429,12
334429,13
334429,14
334429,15
334429,32
334429,33
334429,34
334429,35
334429,36
334429,37
334429,38
334429,39
334429,40
334429,43
334429,47
334429,48
334429,49
334429,50
334429,82
334628,1
334628,14
334628,28
334628,29
334628,30
334628,31
334628,32
334628,33
334628,34
334628,35
334628,36
334628,39
334628,40
334628,41
334628,42
334628,106
334827,11
334827,12
334827,28
334827,29
334827,33
334827,34
334827,36
334827,38
334827,39
334827,40
334827,41
334827,42
334827,50
334827,67
334827,73
334827,74
335026,18
335026,19
335026,29
335026,30
335026,32
335026,33
335026,36
335026,37
335026,38
335026,39
335026,40
335026,41
335026,42
335026,43
335026,44
335026,45
335026,46
335026,69
335026,70
335225,1
335225,10
335225,11
335225,14
335225,15
335225,33
335225,34
335225,35
335225,36
335225,40
335225,78
335225,79
335424,29
335424,30
335424,32
335424,36
335424,37
335424,38
335424,59
335623,11
335623,18
335623,23
335623,24
335623,32
335623,33
335623,34
335623,37
335623,38
335623,39
335623,40
335623,41
335623,70
335623,114
335822,10
335822,11
335822,25
335822,33
335822,34
335822,35
335822,36
335822,37
335822,38
335822,39
335822,40
335822,41
335822,47
335822,48
335822,49
335822,51
335822,52
335822,65
335822,66
336021,8
336021,10
336021,11
336021,13
336021,14
336021,18
336021,19
336021,31
336021,32
336021,35
336021,36
336021,37
336021,40
336021,41
336220,5
336220,9
336220,10
336220,26
336220,29
336220,30
336220,32
336220,33
336220,36
336220,37
336220,38
336220,39
336220,40
336220,41
336419,0
336419,1
336419,5
336419,6
336419,7
336419,10
336419,11
336419,12
336419,29
336419,30
336419,31
336419,32
336419,33
336419,34
336419,35
336419,36
336419,37
336419,38
336419,39
336419,40
336419,41
336618,4
336618,5
336618,13
336618,14
336618,22
336618,34
336618,35
336618,37
336618,38
336618,39
336618,40
336618,41
336618,55
336618,56
336618,57
336618,61
336618,62
336618,67
336618,69
336618,70
336618,72
336618,73
336817,17
336817,18
336817,33
336817,36
336817,37
336817,38
336817,39
336817,62
336817,63
336817,77
337016,4
337016,5
337016,6
337016,7
337016,8
337016,32
337016,36
337016,37
337016,38
337016,39
337016,46
337016,47
337016,48
337215,66
337215,107
337414,11
337414,12
337414,15
337414,28
337414,29
337414,31
337414,32
337414,33
337414,34
337414,35
337414,36
337414,37
337414,38
337414,41
337414,42
337414,44
337414,54
337414,65
337414,68
337414,69
337414,73
337414,74
337613,18
337613,19
337613,20
337613,28
337613,30
337613,31
337613,69
337613,70
337812,14
337812,15
337812,34
337812,74
337812,75
337812,101
338011,7
338011,13
338011,15
338011,31
338011,32
338011,33
338011,34
338011,35
338011,36
338011,37
338011,78
338011,79
338011,80
338210,10
338210,24
338210,37
338210,38
338210,39
338210,40
338210,41
338210,42
338210,68
338409,5
338409,6
338409,7
338409,11
338409,12
338409,16
338409,17
338409,18
338409,25
338409,37
338409,41
338409,48
338409,49
338409,65
338409,66
338409,68
338409,69
338409,88
338608,10
338608,11
338608,12
338608,39
338608,40
338608,42
338608,43
338608,102
338608,113
338807,8
338807,9
338807,10
338807,11
338807,12
338807,13
338807,15
338807,16
338807,26
338807,29
338807,30
338807,31
338807,32
338807,33
338807,34
338807,35
338807,36
338807,37
338807,38
338807,39
338807,40
338807,41
339006,10
339006,11
339006,15
339006,16
339006,31
339006,33
339006,34
339006,35
339006,36
339006,37
339006,38
339006,39
339006,40
339006,63
339006,64
339006,71
339006,75
339205,4
339205,5
339205,11
339205,22
339205,34
339205,35
339205,36
339205,37
339205,38
339205,40
339205,41
339205,42
339205,55
339205,56
339205,61
339205,62
339205,67
339205,72
339205,73
339404,17
339404,18
339404,30
339404,32
339404,33
339404,36
339404,37
339404,38
339404,39
339404,63
339404,76
339404,78
339603,5
339603,6
339603,7
339603,8
339603,10
339603,11
339603,13
339603,15
339603,16
339603,32
339603,34
339603,35
339603,36
339603,37
339603,38
339603,39
339603,40
339603,41
339603,47
339603,48
339603,60
339802,5
339802,6
339802,32
339802,33
339802,34
339802,35
339802,36
339802,37
339802,40
339802,41
339802,42
339802,64
339802,67
340001,11
340001,12
340001,13
340001,19
340001,20
340001,28
340001,29
340001,32
340001,33
340001,34
340001,35
340001,36
340001,37
340001,38
340001,41
340001,42
340001,57
340001,59
340001,70
340001,74
340200,16
340200,19
340200,30
340200,31
340200,32
340200,33
340200,34
340200,35
340200,36
340200,37
340200,38
340200,39
340200,70
340200,71
340200,80
340200,81
340200,109
340399,15
340399,28
340399,34
340399,35
340399,36
340399,39
340399,40
340399,41
340598,35
340598,36
340598,37
340598,38
340598,41
340598,42
340797,14
340797,24
340797,25
340797,31
340797,32
340797,33
340797,34
340797,37
340797,40
340797,41
340797,42
340797,65
340797,66
340996,25
340996,33
340996,34
340996,35
340996,36
340996,37
340996,39
340996,40
340996,41
340996,42
340996,48
340996,49
340996,65
340996,66
341195,10
341195,11
341195,32
341195,35
341195,36
341195,37
341195,38
341195,41
341195,42
341195,75
341195,76
341394,29
341394,30
341394,31
341394,32
341394,33
341394,37
341394,38
341394,40
341394,41
341394,42
341394,47
341394,57
341593,28
341593,29
341593,30
341593,31
341593,33
341593,34
341593,35
341593,36
341593,37
341593,38
341593,39
341593,40
341593,41
341792,4
341792,5
341792,22
341792,31
341792,32
341792,35
341792,37
341792,38
341792,39
341792,40
341792,41
341792,42
341792,43
341792,55
341792,56
341792,61
341792,62
341792,68
341792,72
341792,73
341991,9
341991,10
341991,17
341991,18
341991,38
341991,44
341991,63
341991,64
341991,66
341991,91
342190,4
342190,8
342190,9
342190,17
342190,32
342190,33
342190,34
342190,35
342190,36
342190,37
342190,38
342190,40
342190,47
342190,48
342389,13
342389,32
342389,33
342389,34
342389,35
342389,36
342389,37
342389,40
342389,41
342389,42
342389,66
342588,10
342588,11
342588,12
342588,13
342588,14
342588,15
342588,16
342588,19
342588,28
342588,29
342588,31
342588,32
342588,33
342588,34
342588,35
342588,36
342588,37
342588,38
342588,39
342588,42
342588,58
342588,74
342588,75
342588,114
342588,119
342588,120
342787,15
342787,19
342787,20
342787,30
342787,31
342787,32
342787,33
342787,34
342787,35
342787,36
342787,37
342787,38
342787,39
342787,40
342787,70
342787,71
342787,72
342787,111
342986,15
342986,17
342986,28
342986,30
342986,31
342986,34
342986,35
342986,36
342986,37
342986,38
342986,39
342986,41
342986,42
342986,75
342986,76
343185,32
343185,33
343185,34
343185,35
343185,36
343185,37
343185,38
343185,41
343185,42
343185,66
343384,24
343384,25
343384,31
343384,32
343384,33
343384,34
343384,37
343384,38
343384,39
343384,40
343384,41
343384,42
343384,65
343384,66
343384,67
343583,6
343583,12
343583,33
343583,34
343583,35
343583,36
343583,37
343583,39
343583,40
343583,42
343583,48
343583,49
343583,51
343583,52
343583,53
343583,66
343583,73
343583,78
343583,79
343583,112
343782,10
343782,11
343782,32
343782,36
343782,37
343782,38
343782,41
343782,42
343981,7
343981,8
343981,9
343981,28
343981,29
343981,30
343981,31
343981,32
343981,33
343981,34
343981,35
343981,36
343981,37
343981,38
343981,39
343981,40
343981,41
343981,42
343981,55
344180,8
344180,31
344180,33
344180,34
344180,35
344180,36
344180,37
344180,38
344180,39
344180,40
344180,41
344180,46
344379,5
344379,22
344379,32
344379,38
344379,40
344379,41
344379,42
344379,56
344379,61
344379,62
344379,67
344379,68
344379,73
344578,17
344578,18
344578,32
344578,33
344578,34
344578,36
344578,37
344578,40
344578,41
344578,42
344578,63
344578,64
344777,6
344777,7
344777,8
344777,9
344777,33
344777,34
344777,35
344777,36
344777,37
344777,38
344777,39
344777,40
344777,41
344777,48
344976,9
344976,31
344976,32
344976,33
344976,34
344976,35
344976,36
344976,37
344976,42
344976,75
345175,11
345175,12
345175,13
345175,28
345175,29
345175,32
345175,33
345175,34
345175,35
345175,36
345175,37
345175,38
345175,39
345175,42
345175,48
345175,49
345175,65
345175,66
345175,74
345175,75
345374,19
345374,20
345374,30
345374,31
345374,39
345374,40
345374,41
345374,42
345374,49
345374,50
345374,51
345374,70
345374,71
345573,6
345573,11
345573,15
345573,51
345573,71
345772,16
345772,32
345772,33
345772,34
345772,35
345772,36
345772,37
345772,38
345772,41
345772,42
345971,24
345971,25
345971,31
345971,32
345971,33
345971,34
345971,35
345971,37
345971,38
345971,39
345971,40
345971,41
345971,42
345971,43
346170,36
346170,37
346170,38
346170,39
346170,40
346170,41
346170,42
346170,49
346170,50
346170,66
346170,67
346369,8
346369,9
346369,10
346369,11
346369,12
346369,32
346369,35
346369,36
346369,37
346369,38
346369,41
346369,42
346369,49
346369,52
346369,53
346369,60
346369,61
346568,16
346568,17
346568,29
346568,30
346568,34
346568,38
346568,39
346568,40
346568,41
346568,42
346568,44
346568,45
346568,75
346568,76
346568,82
346767,31
346767,33
346767,34
346767,35
346767,36
346767,37
346767,38
346767,39
346767,40
346767,41
346767,42
346767,61
346966,5
346966,22
346966,23
346966,32
346966,35
346966,36
346966,37
346966,38
346966,39
346966,41
346966,49
346966,56
346966,57
346966,61
346966,62
346966,67
346966,68
346966,69
346966,70
346966,73
346966,74
346966,101
347165,4
347165,15
347165,16
347165,18
347165,19
347165,31
347165,32
347165,33
347165,34
347165,37
347165,38
347165,39
347165,40
347165,41
347165,42
347165,43
347165,62
347165,63
347165,64
347364,8
347364,9
347364,10
347364,33
347364,34
347364,35
347364,36
347364,37
347364,38
347364,39
347364,40
347364,41
347364,42
347364,48
347364,49
347364,68
347364,82
347563,31
347563,32
347563,33
347563,34
347563,35
347563,36
347563,37
347563,38
347563,40
347563,41
347563,42
347563,110
347762,12
347762,13
347762,29
347762,30
347762,31
347762,32
347762,33
347762,34
347762,35
347762,36
347762,37
347762,38
347762,39
347762,42
347762,74
347762,75
347762,80
347961,19
347961,20
347961,31
347961,32
347961,33
347961,34
347961,35
347961,36
347961,37
347961,38
347961,39
347961,40
347961,41
347961,44
347961,45
347961,70
347961,71
348160,15
348160,34
348160,35
348160,36
348160,37
348160,38
348160,39
348160,40
348160,41
348160,42
348160,78
348160,79
348160,107
348359,8
348359,30
348359,31
348359,36
348359,37
348359,38
348359,39
348558,15
348558,24
348558,25
348558,31
348558,32
348558,33
348558,35
348558,38
348558,39
348558,40
348558,41
348558,42
348558,65
348558,70
348558,71
348757,25
348757,30
348757,34
348757,35
348757,36
348757,37
348757,39
348757,40
348757,41
348757,49
348757,50
348757,52
348757,53
348757,55
348757,66
348757,67
348956,11
348956,12
348956,14
348956,15
348956,42
348956,43
348956,108
349155,23
349155,28
349155,30
349155,31
349155,32
349155,33
349155,34
349155,37
349155,38
349155,39
349155,40
349155,41
349155,42
349155,43
349155,44
349155,45
349354,31
349354,34
349354,35
349354,36
349354,37
349354,38
349354,39
349354,40
349354,41
349354,42
349354,45
349553,5
349553,6
349553,22
349553,23
349553,31
349553,32
349553,35
349553,36
349553,37
349553,38
349553,41
349553,42
349553,46
349553,56
349553,57
349553,62
349553,63
349553,67
349553,68
349553,70
349553,71
349553,73
349553,74
349752,18
349752,19
349752,31
349752,34
349752,37
349752,38
349752,39
349752,40
349752,44
349752,45
349752,56
349752,57
349752,63
349752,64
349752,71
349752,72
349951,8
349951,9
349951,33
349951,34
349951,35
349951,36
349951,37
349951,38
349951,39
349951,40
349951,41
349951,48
350150,2
350150,31
350150,32
350150,35
350150,36
350150,37
350349,3
350349,5
350349,12
350349,13
350349,29
350349,30
350349,35
350349,37
350349,38
350349,74
350349,75
350548,6
350548,19
350548,20
350548,31
350548,32
350548,34
350548,37
350548,38
350548,39
350548,40
350548,41
350548,70
350548,71
350747,15
350747,31
350747,34
350747,35
350747,36
350747,37
350747,40
350747,41
350747,42
350946,30
350946,31
350946,32
350946,33
350946,34
350946,35
350946,36
350946,37
350946,38
350946,39
350946,40
350946,41
350946,42
350946,43
350946,44
350946,52
350946,53
350946,54
350946,65
350946,66
350946,73
351145,25
351145,26
351145,31
351145,32
351145,33
351145,34
351145,35
351145,38
351145,39
351145,40
351145,41
351145,42
351145,43
351145,56
351145,57
351344,2
351344,3
351344,28
351344,34
351344,35
351344,36
351344,37
351344,38
351344,40
351344,41
351344,42
351344,49
351344,50
351344,53
351344,56
351344,66
351344,67
351344,69
351344,70
351543,5
351543,11
351543,12
351543,33
351543,36
351543,37
351543,41
351543,42
351742,6
351742,30
351742,31
351742,32
351742,33
351742,34
351742,35
351742,36
351742,37
351742,38
351742,39
351742,40
351742,41
351742,42
351742,46
351742,47
351742,68
351742,69
351742,70
351941,11
351941,12
351941,13
351941,16
351941,17
351941,18
351941,29
351941,30
351941,37
351941,38
351941,40
351941,41
351941,42
352140,5
352140,6
352140,22
352140,23
352140,26
352140,31
352140,32
352140,36
352140,38
352140,39
352140,40
352140,41
352140,56
352140,57
352140,62
352140,63
352140,68
352140,73
352140,74
352339,18
352339,19
352339,37
352339,38
352339,39
352339,40
352339,64
352339,77
352538,8
352538,9
352538,11
352538,12
352538,37
352538,38
352538,39
352538,40
352538,41
352538,48
352538,64
352737,32
352737,67
352737,78
352936,10
352936,11
352936,12
352936,13
352936,19
352936,20
352936,21
352936,29
352936,30
352936,31
352936,32
352936,33
352936,34
352936,35
352936,36
352936,37
352936,38
352936,42
352936,57
352936,58
352936,75
353135,19
353135,20
353135,31
353135,32
353135,33
353135,34
353135,35
353135,36
353135,38
353135,39
353135,40
353135,41
353135,58
353135,62
353135,67
353135,71
353135,110
353135,111
353334,32
353334,35
353334,36
353334,37
353334,38
353334,39
353334,40
353334,41
353334,42
353334,50
353334,51
353334,63
353334,66
353334,101
353334,102
353533,11
353533,14
353533,15
353533,16
353533,31
353533,32
353533,33
353533,36
353533,37
353533,38
353533,39
353533,66
353533,67
353732,11
353732,12
353732,25
353732,26
353732,31
353732,42
353732,43
353732,45
353931,2
353931,34
353931,49
353931,50
353931,56
353931,64
353931,65
353931,66
353931,67
354130,11
354130,12
354130,20
354130,21
354130,31
354130,32
354130,33
354130,36
354130,37
354130,76
354329,18
354329,30
354329,31
354329,32
354329,33
354329,34
354329,35
354329,36
354329,38
354329,39
354329,40
354329,41
354329,42
354329,43
354528,30
354528,34
354528,35
354528,36
354528,37
354528,38
354528,39
354528,40
354528,41
354528,42
354528,71
354727,5
354727,6
354727,22
354727,23
354727,31
354727,32
354727,33
354727,36
354727,37
354727,38
354727,41
354727,56
354727,57
354727,62
354727,63
354727,68
354727,69
354727,73
354727,74
354926,18
354926,19
354926,24
354926,25
354926,32
354926,33
354926,34
354926,37
354926,38
354926,39
354926,40
354926,41
354926,42
354926,43
354926,44
354926,64
354926,65
354926,67
355125,9
355125,10
355125,24
355125,33
355125,35
355125,36
355125,37
355125,38
355125,39
355125,40
355125,41
355125,42
355125,48
355125,53
355125,95
355324,19
355324,20
355324,21
355324,64
355324,65
355324,66
355523,12
355523,13
355523,19
355523,29
355523,30
355523,31
355523,32
355523,33
355523,34
355523,35
355523,36
355523,37
355523,38
355523,39
355523,75
355523,76
355722,20
355722,21
355722,30
355722,31
355722,32
355722,33
355722,34
355722,35
355722,36
355722,37
355722,38
355722,39
355722,40
355722,41
355722,62
355722,71
355722,82
355921,31
355921,39
355921,40
355921,41
355921,42
356120,11
356319,7
356319,25
356319,26
356319,31
356319,32
356319,33
356319,34
356319,35
356319,38
356319,39
356319,40
356319,42
356319,43
356319,44
356319,45
356319,61
356319,62
356518,31
356518,34
356518,35
356518,36
356518,37
356518,38
356518,39
356518,40
356518,41
356518,42
356518,43
356518,49
356518,50
356518,56
356518,67
356518,95
356518,96
356518,112
356518,113
356717,11
356717,12
356717,32
356717,33
356717,36
356717,37
356717,38
356717,39
356717,40
356717,41
356717,42
356717,43
356717,44
356916,11
356916,30
356916,31
356916,32
356916,33
356916,34
356916,35
356916,36
356916,37
356916,38
356916,39
356916,40
356916,41
356916,42
356916,43
356916,44
356916,45
356916,110
356916,121
356916,122
357115,31
357115,35
357115,37
357115,38
357115,39
357115,40
357115,72
357115,73
357314,5
357314,6
357314,22
357314,23
357314,32
357314,33
357314,36
357314,38
357314,39
357314,41
357314,42
357314,57
357314,62
357314,63
357314,68
357314,69
357314,74
357513,14
357513,18
357513,19
357513,21
357513,22
357513,32
357513,33
357513,34
357513,35
357513,38
357513,64
357513,65
357712,9
357712,10
357712,24
357712,25
357712,31
357712,37
357712,38
357712,39
357712,40
357712,41
357712,42
357911,10
357911,31
357911,32
357911,33
357911,34
357911,35
357911,36
357911,37
357911,38
357911,41
357911,42
357911,44
358110,12
358110,13
358110,19
358110,29
358110,30
358110,31
358110,32
358110,33
358110,34
358110,35
358110,36
358110,37
358110,38
358110,39
358110,40
358110,70
358110,75
358110,76
358309,20
358309,21
358309,28
358309,31
358309,32
358309,36
358309,37
358309,38
358309,39
358309,40
358309,41
358309,42
358309,71
358309,82
358309,83
358508,0
358508,31
358508,32
358508,35
358508,36
358508,37
358508,38
358508,41
358508,42
358508,59
358508,60
358707,32
358707,33
358707,34
358707,35
358707,36
358707,37
358707,38
358707,39
358707,40
358707,42
358707,55
358707,56
358707,86
358906,1
358906,10
358906,25
358906,26
358906,31
358906,32
358906,33
358906,34
358906,35
358906,36
358906,38
358906,41
358906,42
358906,43
358906,72
358906,73
359105,31
359105,32
359105,37
359105,40
359105,41
359105,42
359105,43
359105,50
359105,51
359105,56
359105,67
359105,68
359105,95
359105,96
359105,107
359304,12
359304,13
359304,31
359304,32
359304,33
359304,36
359304,37
359304,38
359304,104
359503,30
359503,31
359503,36
359503,42
359503,43
359503,45
359503,46
359503,70
359702,6
359702,13
359702,14
359702,17
359702,25
359702,31
359702,38
359702,39
359901,6
359901,23
359901,24
359901,33
359901,36
359901,37
359901,38
359901,39
359901,57
359901,58
359901,62
359901,63
359901,68
359901,69
359901,74
360100,14
360100,16
360100,17
360100,19
360100,32
360100,33
360100,34
360100,35
360100,38
360100,39
360100,40
360100,64
360100,65
360299,9
360299,10
360299,31
360299,34
360299,35
360299,36
360299,37
360299,38
360299,39
360299,40
360299,41
360498,8
360498,9
360498,13
360498,14
360498,43
360498,44
360498,48
360498,56
360498,81
360697,13
360697,19
360697,30
360697,31
360697,32
360697,33
360697,34
360697,35
360697,36
360697,37
360697,38
360697,39
360697,40
360697,67
360697,75
360697,76
360697,81
360697,93
360896,20
360896,21
360896,29
360896,30
360896,31
360896,32
360896,34
360896,35
360896,36
360896,37
360896,38
360896,39
360896,40
360896,41
360896,45
360896,64
360896,71
361095,31
361095,32
361095,35
361095,36
361095,37
361095,38
361294,31
361294,32
361294,33
361294,34
361294,37
361294,38
361294,39
361294,40
361294,75
361294,77
361294,78
361294,87
361493,25
361493,26
361493,31
361493,32
361493,33
361493,34
361493,35
361493,39
361493,40
361493,41
361493,42
361493,43
361493,50
361493,52
361493,65
361493,66
361493,70
361692,29
361692,30
361692,31
361692,32
361692,33
361692,34
361692,35
361692,36
361692,37
361692,38
361692,40
361692,41
361692,42
361692,50
361692,51
361692,53
361692,54
361692,56
361692,67
361692,68
361692,75
361891,12
361891,13
361891,14
361891,15
361891,16
361891,27
361891,31
361891,32
361891,33
361891,34
361891,36
361891,37
361891,38
361891,39
361891,40
361891,41
361891,42
361891,43
362090,0
362090,18
362090,31
362090,32
362090,33
362090,34
362090,35
362090,36
362090,37
362090,38
362090,39
362090,40
362090,41
362090,42
362090,43
362090,68
362090,69
362090,122
362090,123
362289,26
362289,30
362289,31
362289,34
362289,38
362289,39
362289,52
362289,72
362289,73
362488,2
362488,6
362488,7
362488,8
362488,13
362488,14
362488,23
362488,24
362488,31
362488,32
362488,33
362488,36
362488,57
362488,58
362488,63
362488,64
362488,68
362488,69
362488,71
362488,72
362488,74
362488,102
362687,14
362687,19
362687,28
362687,29
362687,32
362687,35
362687,38
362687,39
362687,40
362687,41
362687,64
362687,65
362687,67
362886,9
362886,10
362886,29
362886,30
362886,31
362886,34
362886,36
362886,37
362886,38
362886,39
362886,40
362886,41
362886,42
362886,55
362886,83
362886,84
363085,20
363085,21
363085,31
363085,32
363085,33
363085,34
363085,78
363085,79
363284,13
363284,19
363284,30
363284,31
363284,32
363284,33
363284,34
363284,35
363284,36
363284,37
363284,38
363284,39
363284,40
363284,68
363284,75
363284,76
363483,20
363483,21
363483,31
363483,32
363483,33
363483,34
363483,35
363483,36
363483,37
363483,38
363483,39
363483,40
363483,41
363483,42
363483,43
363483,62
363483,71
363682,32
363682,35
363682,36
363682,37
363682,38
363682,39
363682,40
363682,42
363682,44
363881,9
363881,14
363881,32
363881,33
363881,34
363881,37
363881,38
363881,39
363881,40
364080,15
364080,20
364080,21
364080,25
364080,26
364080,27
364080,31
364080,32
364080,34
364080,35
364080,41
364080,42
364080,43
364080,44
364279,32
364279,35
364279,36
364279,37
364279,38
364279,41
364279,42
364279,50
364279,51
364279,56
364279,57
364279,67
364279,68
364279,70
364279,71
364279,77
364478,12
364478,13
364478,34
364478,37
364478,38
364478,39
364478,40
364478,42
364478,65
364478,66
364478,67
364677,31
364677,32
364677,33
364677,34
364677,35
364677,36
364677,37
364677,38
364677,39
364677,40
364677,41
364677,42
364677,43
364677,110
364677,111
364876,31
364876,32
364876,35
364876,36
364876,37
364876,38
364876,39
364876,40
364876,41
364876,42
365075,6
365075,7
365075,9
365075,23
365075,24
365075,31
365075,32
365075,33
365075,36
365075,37
365075,38
365075,39
365075,57
365075,58
365075,63
365075,64
365075,68
365075,69
365075,74
365274,14
365274,19
365274,26
365274,32
365274,33
365274,34
365274,35
365274,38
365274,39
365274,40
365274,41
365274,65
365473,9
365473,10
365473,12
365473,13
365473,31
365473,34
365473,35
365473,36
365473,37
365473,38
365473,39
365473,40
365473,41
365473,46
365473,48
365473,60
365473,80
365672,4
365672,31
365672,32
365672,33
365672,36
365672,37
365672,38
365672,39
365871,13
365871,19
365871,20
365871,21
365871,22
365871,28
365871,29
365871,30
365871,31
365871,32
365871,33
365871,34
365871,35
365871,36
365871,37
365871,38
365871,39
365871,40
365871,76
366070,12
366070,20
366070,21
366070,31
366070,32
366070,33
366070,34
366070,35
366070,36
366070,37
366070,39
366070,40
366070,41
366070,45
366070,62
366269,30
366269,33
366269,36
366269,37
366269,38
366468,17
366468,34
366468,38
366468,39
366468,40
366468,75
366667,26
366667,27
366667,28
366667,31
366667,32
366667,33
366667,34
366667,35
366667,36
366667,39
366667,42
366667,43
366667,44
366866,2
366866,3
366866,29
366866,30
366866,31
366866,50
366866,51
366866,56
366866,57
366866,67
366866,68
366866,108
367065,12
367065,13
367065,28
367065,31
367065,34
367065,37
367065,38
367065,40
367264,4
367264,31
367264,32
367264,33
367264,34
367264,36
367264,39
367264,40
367264,42
367264,43
367463,32
367463,35
367463,36
367463,37
367463,38
367463,39
367463,40
367463,41
367463,42
367662,6
367662,7
367662,23
367662,24
367662,34
367662,37
367662,39
367662,44
367662,57
367662,58
367662,63
367662,64
367662,69
367662,70
367662,74
367662,79
367861,14
367861,19
367861,26
367861,30
367861,33
367861,34
367861,35
367861,38
367861,39
367861,40
367861,41
367861,65
367861,66
367861,68
368060,10
368060,11
368060,34
368060,37
368060,38
368060,39
368060,40
368060,41
368060,43
368060,46
368060,47
368060,68
368060,69
368060,70
368060,71
368060,81
368259,13
368259,16
368259,21
368259,32
368259,36
368259,37
368458,13
368458,19
368458,20
368458,30
368458,31
368458,33
368458,34
368458,36
368458,37
368458,39
368458,40
368458,76
368458,77
368458,79
368657,6
368657,7
368657,8
368657,11
368657,13
368657,21
368657,22
368657,32
368657,33
368657,34
368657,35
368657,36
368657,37
368657,40
368657,41
368657,42
368657,79
368856,32
368856,33
368856,36
368856,37
368856,38
368856,41
369055,9
369055,12
369055,15
369055,26
369055,27
369055,28
369055,32
369055,33
369055,34
369055,35
369055,37
369055,38
369055,39
369055,40
369055,43
369254,11
369254,26
369254,27
369254,32
369254,33
369254,34
369254,35
369254,36
369254,39
369254,40
369254,41
369254,42
369254,43
369254,44
369453,7
369453,9
369453,13
369453,32
369453,35
369453,36
369453,37
369453,38
369453,41
369453,42
369453,50
369453,51
369453,56
369453,57
369453,68
369652,12
369652,13
369652,32
369652,33
369652,34
369652,37
369652,38
369652,39
369652,40
369652,41
369851,4
369851,12
369851,27
369851,31
369851,32
369851,34
369851,35
369851,36
369851,39
369851,40
369851,41
369851,43
369851,44
369851,50
370050,30
370050,32
370050,39
370050,40
370050,41
370050,42
370050,43
370249,6
370249,7
370249,9
370249,10
370249,11
370249,14
370249,15
370249,23
370249,24
370249,25
370249,32
370249,58
370249,63
370249,64
370249,69
370249,70
370448,7
370448,10
370448,12
370448,13
370448,14
370448,15
370448,19
370448,26
370448,33
370448,34
370448,35
370448,36
370448,38
370448,39
370448,40
370448,41
370448,65
370448,66
370647,10
370647,11
370647,26
370647,32
370647,35
370647,36
370647,37
370647,38
370647,39
370647,40
370647,41
370647,42
370647,65
370846,8
370846,11
370846,14
370846,32
370846,33
370846,36
370846,37
370846,38
370846,39
370846,42
371045,6
371045,12
371045,13
371045,19
371045,20
371045,30
371045,31
371045,32
371045,33
371045,34
371045,35
371045,36
371045,37
371045,38
371045,39
371045,40
371045,41
371045,76
371045,77
371244,21
371244,22
371244,32
371244,33
371244,36
371443,8
371443,9
371443,10
371443,13
371443,14
371443,56
371443,64
371642,9
371642,10
371642,15
371642,28
371642,32
371642,33
371642,34
371642,37
371642,38
371642,39
371642,40
371642,72
371642,73
371841,11
371841,12
371841,13
371841,26
371841,27
371841,30
371841,31
371841,32
371841,33
371841,35
371841,36
371841,37
371841,39
371841,40
371841,41
371841,42
371841,43
371841,44
371841,57
372040,8
372040,9
372040,10
372040,32
372040,33
372040,38
372040,41
372040,42
372040,43
372040,44
372040,51
372040,52
372040,56
372040,57
372040,68
372040,69
372239,13
372239,14
372239,20
372239,32
372239,33
372239,34
372239,37
372239,38
372239,39
372239,40
372239,62
372239,63
372239,68
372438,4
372438,11
372438,12
372438,31
372438,32
372438,34
372438,39
372438,40
372438,41
372438,42
372438,43
372438,44
372438,45
372438,46
372637,9
372637,12
372637,15
372637,37
372637,38
372637,39
372637,40
372637,41
372637,42
372836,7
372836,9
372836,11
372836,24
372836,25
372836,32
372836,33
372836,34
372836,37
372836,38
372836,39
372836,40
372836,58
372836,63
372836,64
372836,69
372836,70
373035,7
373035,13
373035,14
373035,15
373035,17
373035,18
373035,26
373035,30
373035,33
373035,34
373035,35
373035,36
373035,39
373035,40
373035,41
373035,44
373035,65
373035,66
373234,10
373234,11
373234,12
373234,13
373234,32
373234,35
373234,36
373234,37
373234,38
373234,39
373234,40
373234,41
373234,43
373433,28
373433,32
373433,37
373433,38
373433,39
373433,42
373632,19
373632,20
373632,31
373632,32
373632,33
373632,36
373632,37
373632,38
373632,39
373632,40
373632,41
373632,76
373632,77
373831,21
373831,22
373831,32
373831,33
373831,34
373831,35
373831,36
373831,41
374030,3
374030,8
374030,9
374030,13
374030,32
374030,33
374030,36
374030,37
374030,38
374030,39
374030,42
374229,9
374229,11
374229,32
374229,33
374229,34
374229,35
374229,37
374229,38
374229,39
374229,40
374229,41
374428,8
374428,11
374428,26
374428,27
374428,32
374428,33
374428,34
374428,35
374428,36
374428,37
374428,40
374428,41
374428,43
374428,44
374627,8
374627,32
374627,33
374627,36
374627,37
374627,38
374627,41
374627,42
374627,47
374627,48
374627,51
374627,52
374627,54
374627,55
374627,57
374627,68
374627,69
374826,13
374826,14
374826,15
374826,16
374826,17
374826,32
374826,33
374826,34
374826,35
374826,37
374826,38
374826,39
374826,40
374826,43
375025,1
375025,4
375025,31
375025,32
375025,33
375025,34
375025,35
375025,36
375025,37
375025,38
375025,39
375025,40
375025,41
375025,42
375025,43
375025,44
375025,65
375025,84
375025,123
375025,124
375224,31
375224,32
375224,35
375224,36
375224,37
375224,38
375224,39
375224,40
375224,41
375224,42
375224,73
375224,74
375423,7
375423,8
375423,24
375423,25
375423,32
375423,33
375423,34
375423,37
375423,38
375423,39
375423,40
375423,58
375423,64
375423,65
375423,69
375423,70
375423,72
375423,73
375622,14
375622,15
375622,26
375622,33
375622,36
375622,39
375622,40
375622,42
375622,65
375622,66
375622,119
375821,10
375821,11
375821,30
375821,31
375821,32
375821,35
375821,36
375821,37
375821,38
375821,39
375821,40
375821,42
375821,56
375821,57
375821,84
375821,85
376020,31
376020,32
376020,33
376020,34
376020,35
376020,36
376020,37
376020,39
376020,42
376020,69
376020,70
376219,19
376219,20
376219,31
376219,32
376219,33
376219,34
376219,35
376219,36
376219,37
376219,38
376219,39
376219,40
376219,41
376219,64
376219,76
376219,77
376219,116
376219,117
376418,21
376418,22
376418,33
376418,34
376418,35
376418,36
376418,37
376418,38
376418,39
376418,40
376418,41
376418,90
376617,8
376617,9
376617,10
376617,31
376617,32
376617,33
376617,63
376617,91
376816,10
376816,11
376816,12
376816,15
376816,28
376816,29
376816,32
376816,33
376816,34
376816,35
376816,37
376816,38
376816,39
376816,40
376816,41
377015,8
377015,11
377015,12
377015,14
377015,27
377015,32
377015,33
377015,35
377015,37
377015,40
377015,41
377015,44
377015,45
377015,66
377214,14
377214,15
377214,16
377214,36
377214,37
377214,39
377214,42
377214,43
377214,51
377214,52
377214,57
377214,58
377214,68
377214,69
377214,71
377214,72
377214,97
377214,115
377214,119
377413,10
377413,11
377413,12
377413,13
377413,14
377413,15
377413,16
377413,17
377413,32
377413,35
377413,38
377413,39
377413,40
377413,88
377612,4
377612,8
377612,11
377612,12
377612,13
377612,17
377612,28
377612,31
377612,32
377612,33
377612,34
377612,35
377612,36
377612,37
377612,39
377612,41
377612,42
377612,43
377612,44
377612,77
377612,78
377612,83
377612,84
377811,33
377811,36
377811,37
377811,38
377811,39
377811,40
377811,41
377811,42
378010,7
378010,8
378010,24
378010,25
378010,32
378010,33
378010,34
378010,37
378010,38
378010,40
378010,58
378010,64
378010,65
378010,69
378010,70
378209,8
378209,11
378209,14
378209,15
378209,16
378209,26
378209,27
378209,28
378209,29
378209,30
378209,33
378209,34
378209,35
378209,36
378209,39
378209,40
378209,41
378209,42
378209,45
378209,46
378209,66
378209,78
378209,111
378408,10
378408,11
378408,13
378408,14
378408,27
378408,28
378408,29
378408,30
378408,31
378408,32
378408,35
378408,36
378408,37
378408,38
378408,39
378408,40
378408,41
378408,42
378408,43
378408,44
378408,96
378408,97
378607,31
378607,32
378607,33
378607,34
378607,37
378607,38
378607,39
378607,40
378607,68
378806,20
378806,21
378806,22
378806,23
378806,30
378806,31
378806,32
378806,33
378806,34
378806,35
378806,36
378806,37
378806,38
378806,39
378806,40
378806,41
378806,77
379005,6
379005,8
379005,9
379005,13
379005,21
379005,22
379005,29
379005,30
379005,31
379005,32
379005,33
379005,34
379005,35
379005,36
379005,37
379005,38
379005,40
379005,41
379005,42
379005,113
379204,31
379204,34
379204,37
379204,38
379204,39
379204,40
379204,42
379204,43
379204,44
379204,45
379204,63
379204,109
379403,11
379403,29
379403,30
379403,33
379403,34
379403,35
379403,37
379403,38
379403,39
379403,68
379403,69
379403,76
379602,27
379602,28
379602,32
379602,33
379602,34
379602,35
379602,36
379602,37
379602,40
379602,44
379602,45
379602,67
379801,3
379801,4
379801,36
379801,37
379801,38
379801,39
379801,42
379801,43
379801,51
379801,52
379801,57
379801,58
379801,68
379801,69
380000,13
380000,14
380000,32
380000,33
380000,34
380000,35
380000,38
380000,39
380000,40
380000,41
380000,44
380000,45
380000,46
380000,60
380199,4
380199,32
380199,33
380199,34
380199,35
380199,36
380199,37
380199,38
380199,40
380199,41
380199,43
380199,44
380199,76
380398,30
380398,31
380398,33
380398,36
380398,37
380398,38
380398,39
380398,40
380398,41
380398,42
380398,43
380398,44
380398,54
380398,74
380398,85
380398,86
380398,97
380597,7
380597,8
380597,15
380597,24
380597,25
380597,32
380597,33
380597,34
380597,35
380597,37
380597,38
380597,39
380597,40
380597,42
380597,43
380597,44
380597,45
380597,58
380597,64
380597,65
380597,70
380597,71
380597,104
380597,105
380796,15
380796,26
380796,27
380796,28
380796,29
380796,30
380796,31
380796,34
380796,35
380796,36
380796,39
380796,40
380796,41
380796,42
380796,44
380796,45
380796,66
380796,67
380796,69
380796,76
380995,11
380995,12
380995,32
380995,35
380995,36
380995,37
380995,38
380995,39
380995,40
380995,41
380995,42
380995,43
380995,44
380995,57
380995,58
380995,59
381194,11
381194,14
381194,15
381194,16
381194,17
381194,33
381194,40
381194,43
381194,44
381194,45
381194,46
381194,70
381194,72
381393,16
381393,17
381393,20
381393,21
381393,31
381393,32
381393,33
381393,35
381393,36
381393,37
381393,38
381393,40
381393,41
381393,42
381393,77
381393,78
381393,94
381393,95
381393,117
381592,12
381592,13
381592,14
381592,15
381592,18
381592,20
381592,21
381592,22
381592,23
381592,33
381592,34
381592,38
381592,41
381592,60
381592,68
381592,69
381592,75
381592,78
381592,79
381592,80
381791,32
381791,33
381791,34
381791,37
381791,38
381791,39
381791,40
381791,43
381791,44
381791,56
381791,57
381791,59
381791,60
381791,61
381990,34
381990,35
381990,36
381990,37
381990,38
381990,39
381990,40
381990,41
381990,62
381990,63
381990,64
382189,27
382189,28
382189,32
382189,33
382189,34
382189,35
382189,36
382189,37
382189,40
382189,41
382189,42
382189,44
382189,45
382189,71
382388,9
382388,10
382388,33
382388,36
382388,37
382388,38
382388,39
382388,42
382388,44
382388,51
382388,52
382388,57
382388,58
382388,68
382388,69
382388,77
382587,13
382587,14
382587,32
382587,33
382587,34
382587,35
382587,38
382587,40
382587,41
382587,42
382587,43
382587,60
382587,70
382587,110
382587,111
382786,4
382786,5
382786,32
382786,33
382786,34
382786,35
382786,36
382786,37
382786,40
382786,41
382786,42
382786,44
382786,45
382786,46
382786,61
382786,62
382786,63
382786,112
382985,31
382985,32
382985,33
382985,36
382985,37
382985,38
382985,39
382985,40
382985,41
382985,42
382985,53
382985,66
382985,70
383184,7
383184,8
383184,24
383184,25
383184,28
383184,29
383184,32
383184,33
383184,34
383184,35
383184,36
383184,37
383184,38
383184,39
383184,40
383184,41
383184,42
383184,43
383184,44
383184,53
383184,64
383184,65
383184,70
383184,71
383383,15
383383,16
383383,26
383383,27
383383,28
383383,29
383383,34
383383,35
383383,36
383383,37
383383,39
383383,40
383383,41
383383,42
383383,66
383383,67
383383,74
383383,75
383582,11
383582,12
383582,32
383582,33
383582,36
383582,37
383582,38
383582,39
383582,40
383582,41
383582,42
383582,85
383781,26
383781,27
383781,28
383781,32
383781,33
383781,34
383781,36
383781,70
383980,20
383980,21
383980,22
383980,31
383980,32
383980,34
383980,35
383980,36
383980,37
383980,38
383980,39
383980,40
383980,41
383980,42
383980,55
383980,77
383980,78
384179,22
384179,23
384179,32
384179,33
384179,34
384179,35
384179,36
384179,37
384179,38
384179,41
384179,42
384179,43
384179,46
384179,47
384179,63
384378,32
384378,33
384378,34
384378,37
384378,40
384378,43
384577,28
384577,29
384577,30
384577,33
384577,34
384577,35
384577,36
384577,37
384577,38
384577,39
384577,40
384577,41
384577,64
384577,122
384776,27
384776,28
384776,33
384776,34
384776,35
384776,36
384776,37
384776,40
384776,43
384776,44
384776,45
384776,63
384776,67
384776,68
384975,32
384975,33
384975,34
384975,39
384975,42
384975,52
384975,53
384975,57
384975,58
384975,69
384975,70
385174,11
385174,12
385174,14
385174,15
385174,28
385174,33
385174,34
385174,35
385174,38
385174,39
385174,40
385174,41
385174,47
385174,60
385373,4
385373,5
385373,32
385373,33
385373,34
385373,35
385373,36
385373,37
385373,38
385373,39
385373,40
385373,41
385373,42
385373,44
385373,45
385373,47
385572,26
385572,31
385572,32
385572,33
385572,36
385572,37
385572,38
385572,39
385572,40
385572,41
385572,42
385572,43
385572,51
385572,52
385572,65
385572,66
385572,67
385771,8
385771,25
385771,29
385771,30
385771,32
385771,34
385771,35
385771,38
385771,39
385771,40
385771,41
385771,44
385771,64
385771,65
385771,70
385771,71
385970,15
385970,16
385970,18
385970,19
385970,26
385970,27
385970,30
385970,31
385970,34
385970,35
385970,36
385970,37
385970,40
385970,42
385970,66
385970,67
385970,77
385970,113
386169,11
386169,12
386169,16
386169,32
386169,33
386169,36
386169,37
386169,38
386169,39
386169,40
386169,61
386169,97
386368,6
386368,10
386368,11
386368,22
386368,33
386368,34
386368,44
386368,45
386368,46
386368,110
386567,20
386567,21
386567,29
386567,32
386567,33
386567,34
386567,35
386567,36
386567,37
386567,38
386567,39
386567,40
386567,41
386567,42
386567,43
386567,44
386567,45
386567,77
386567,78
386766,1
386766,22
386766,23
386766,31
386766,32
386766,33
386766,34
386766,35
386766,36
386766,37
386766,38
386766,41
386766,42
386766,43
386766,46
386766,63
386766,71
386766,72
386965,8
386965,29
386965,33
386965,34
386965,37
386965,38
386965,39
386965,40
386965,43
387164,11
387164,12
387164,29
387164,30
387164,33
387164,34
387164,35
387164,36
387164,37
387164,38
387164,40
387164,41
387164,42
387164,68
387164,71
387164,72
387363,12
387363,13
387363,27
387363,28
387363,29
387363,30
387363,32
387363,33
387363,34
387363,35
387363,36
387363,37
387363,38
387363,41
387363,42
387363,44
387363,45
387562,2
387562,4
387562,5
387562,31
387562,32
387562,34
387562,37
387562,39
387562,42
387562,52
387562,53
387562,55
387562,56
387562,58
387562,69
387562,70
387761,8
387761,14
387761,15
387761,17
387761,28
387761,29
387761,33
387761,34
387761,36
387761,38
387761,39
387761,40
387761,60
387960,4
387960,5
387960,6
387960,7
387960,33
387960,34
387960,35
387960,36
387960,37
387960,40
387960,41
387960,42
387960,43
387960,44
387960,45
387960,52
387960,53
387960,78
387960,84
387960,85
388159,28
388159,32
388159,33
388159,36
388159,37
388159,38
388159,39
388159,40
388159,41
388159,42
388358,8
388358,9
388358,25
388358,26
388358,28
388358,29
388358,32
388358,33
388358,34
388358,35
388358,39
388358,40
388358,41
388358,44
388358,45
388358,46
388358,53
388358,54
388358,65
388358,70
388358,71
388358,73
388358,74
388557,15
388557,16
388557,27
388557,31
388557,34
388557,37
388557,40
388557,41
388557,42
388557,43
388557,46
388557,47
388557,66
388557,67
388557,69
388557,77
388557,84
388756,11
388756,12
388756,29
388756,32
388756,33
388756,36
388756,37
388756,38
388756,39
388756,40
388756,42
388756,43
388756,44
388756,51
388756,52
388955,32
388955,33
388955,34
388955,35
388955,36
388955,37
388955,38
388955,39
388955,40
388955,61
388955,66
388955,67
388955,69
389154,20
389154,21
389154,32
389154,33
389154,34
389154,35
389154,36
389154,37
389154,38
389154,39
389154,40
389154,41
389154,42
389154,68
389154,69
389154,70
389154,75
389154,76
389154,77
389154,78
389154,109
389154,110
389353,22
389353,23
389353,32
389353,33
389353,34
389353,35
389353,41
389353,42
389353,46
389353,63
389552,8
389552,32
389552,33
389552,34
389552,37
389552,38
389552,39
389552,40
389552,63
389751,31
389751,37
389751,38
389751,39
389950,20
389950,28
389950,33
389950,34
389950,35
389950,36
389950,43
389950,45
390149,2
390149,18
390149,19
390149,32
390149,33
390149,34
390149,37
390149,38
390149,39
390149,40
390149,52
390149,53
390149,58
390149,59
390149,69
390149,70
390149,72
390149,73
390149,74
390348,14
390348,15
390348,33
390348,34
390348,35
390348,39
390348,40
390348,41
390348,45
390348,60
390348,111
390348,112
390547,4
390547,5
390547,9
390547,29
390547,32
390547,33
390547,34
390547,40
390547,41
390547,44
390547,45
390547,75
390746,28
390746,32
390746,33
390746,34
390746,35
390746,36
390746,37
390746,38
390746,39
390746,40
390746,41
390945,8
390945,9
390945,10
390945,11
390945,12
390945,16
390945,20
390945,25
390945,26
390945,28
390945,33
390945,34
390945,35
390945,38
390945,39
390945,40
390945,41
390945,42
390945,65
390945,66
390945,70
390945,71
390945,78
390945,79
391144,14
391144,15
391144,16
391144,27
391144,28
391144,34
391144,35
391144,36
391144,37
391144,40
391144,67
391343,1
391343,11
391343,12
391343,14
391343,15
391343,37
391343,38
391343,40
391343,51
391343,52
391343,58
391542,12
391542,33
391542,34
391542,35
391542,36
391542,37
391542,41
391542,44
391542,110
391542,111
391741,21
391741,22
391741,23
391741,24
391741,32
391741,33
391741,34
391741,35
391741,36
391741,37
391741,38
391741,39
391741,42
391741,78
391940,7
391940,22
391940,23
391940,34
391940,35
391940,36
391940,38
391940,42
391940,46
391940,49
391940,50
391940,63
392139,8
392139,11
392139,12
392139,55
392139,56
392139,57
392338,35
392338,37
392338,38
392338,40
392338,57
392338,58
392338,72
392537,28
392537,29
392537,30
392537,31
392537,32
392537,33
392537,34
392537,45
392537,64
392537,69
392537,70
392537,71
392736,2
392736,4
392736,5
392736,10
392736,52
392736,53
392736,58
392736,59
392736,69
392736,70
392935,14
392935,15
392935,16
392935,33
392935,34
392935,35
392935,36
392935,39
392935,40
392935,60
392935,61
393134,0
393134,5
393134,25
393134,32
393134,33
393134,34
393134,35
393134,36
393134,37
393134,38
393134,39
393134,40
393134,41
393134,42
393134,44
393134,45
393134,62
393333,9
393333,10
393333,32
393333,33
393333,34
393333,37
393333,38
393333,39
393333,40
393333,41
393333,42
393532,8
393532,9
393532,25
393532,26
393532,33
393532,55
393532,65
393532,66
393532,71
393532,72
393731,0
393731,16
393731,27
393731,28
393731,67
393731,68
393731,70
393731,72
393731,73
393731,74
393930,12
393930,13
393930,28
393930,30
393930,33
393930,36
393930,37
393930,38
393930,39
393930,40
393930,41
393930,42
393930,43
393930,44
393930,45
393930,51
393930,52
393930,58
394129,11
394129,15
394129,32
394129,33
394129,34
394129,35
394129,36
394129,37
394129,38
394129,39
394129,40
394129,41
394328,21
394328,22
394328,29
394328,30
394328,31
394328,32
394328,33
394328,34
394328,35
394328,36
394328,37
394328,38
394328,39
394328,40
394328,41
394328,42
394328,78
394328,79
394328,82
394328,83
394328,84
394328,95
394328,96
394527,3
394527,5
394527,23
394527,24
394527,34
394527,35
394527,37
394527,38
394527,39
394527,40
394527,42
394527,43
394527,46
394527,63
394726,8
394726,78
394726,79
394925,34
394925,35
394925,36
394925,37
394925,38
394925,39
394925,40
394925,41
394925,47
394925,80
395124,27
395124,28
395124,29
395124,30
395124,31
395124,32
395124,34
395124,35
395124,37
395124,39
395124,40
395124,41
395124,42
395124,45
395124,50
395124,73
395124,74
395323,1
395323,2
395323,22
395323,52
395323,53
395323,58
395323,59
395323,69
395323,70
395522,11
395522,14
395522,15
395522,60
395522,61
395522,76
395522,77
395522,78
395721,5
395721,6
395721,9
395721,14
395721,15
395721,20
395721,24
395721,32
395721,33
395721,34
395721,35
395721,36
395721,37
395721,38
395721,41
395721,42
395721,45
395721,46
395920,22
395920,23
395920,31
395920,32
395920,33
395920,34
395920,37
395920,38
395920,39
395920,41
395920,42
395920,54
395920,63
395920,86
395920,87
396119,8
396119,9
396119,10
396119,16
396119,18
396119,19
396119,25
396119,26
396119,33
396119,34
396119,35
396119,36
396119,43
396119,44
396119,45
396119,55
396119,65
396119,66
396119,67
396119,71
396119,72
396318,16
396318,17
396318,27
396318,28
396318,30
396318,31
396318,32
396318,40
396318,41
396318,56
396318,59
396318,60
396318,64
396318,65
396318,67
396318,68
396517,12
396517,13
396517,40
396517,55
396517,78
396517,79
396517,80
396517,97
396517,98
396716,16
396716,17
396716,23
396716,33
396716,34
396716,35
396716,36
396716,37
396716,38
396716,39
396716,40
396716,41
396716,58
396716,70
396716,71
396915,11
396915,12
396915,13
396915,21
396915,22
396915,32
396915,33
396915,34
396915,35
396915,36
396915,37
396915,38
396915,39
396915,40
396915,78
396915,79
397114,8
397114,9
397114,23
397114,24
397114,32
397114,33
397114,34
397114,35
397114,36
397114,37
397114,38
397114,39
397114,45
397114,46
397114,63
397114,64
397114,85
397313,0
397313,8
397313,12
397313,31
397313,32
397313,33
397313,34
397313,35
397313,40
397313,41
397313,62
397512,29
397512,30
397512,34
397512,35
397512,36
397512,37
397512,38
397512,39
397512,40
397512,41
397512,42
397711,4
397711,28
397711,29
397711,31
397711,32
397711,33
397711,34
397711,35
397711,36
397711,37
397711,42
397711,45
397711,70
397711,73
397910,2
397910,32
397910,33
397910,34
397910,35
397910,40
397910,53
397910,54
397910,58
397910,59
397910,69
397910,70
397910,71
397910,79
398109,15
398109,16
398109,34
398109,35
398109,36
398109,40
398109,41
398109,42
398109,45
398109,59
398109,60
398109,61
398308,5
398308,6
398308,26
398308,32
398308,33
398308,34
398308,35
398308,36
398308,37
398308,38
398308,41
398308,42
398308,45
398308,46
398308,48
398507,33
398507,34
398507,37
398507,38
398507,39
398507,40
398507,41
398507,42
398507,57
398706,8
398706,9
398706,26
398706,34
398706,35
398706,36
398706,39
398706,41
398706,42
398706,65
398706,66
398706,71
398706,72
398905,16
398905,17
398905,19
398905,20
398905,27
398905,28
398905,31
398905,32
398905,35
398905,36
398905,37
398905,38
398905,41
398905,42
398905,67
398905,68
398905,114
399104,12
399104,13
399104,32
399104,33
399104,34
399104,37
399104,38
399104,39
399104,40
399104,43
399104,44
399104,45
399104,58
399303,30
399303,34
399303,35
399303,36
399303,37
399303,38
399303,39
399303,40
399303,41
399502,14
399502,21
399502,22
399502,32
399502,33
399502,35
399502,36
399502,37
399502,38
399502,39
399502,40
399502,41
399502,42
399502,78
399502,79
399502,107
399502,118
399701,23
399701,24
399701,33
399701,34
399701,35
399701,36
399701,37
399701,39
399701,46
399701,47
399701,63
399701,64
399701,68
399701,70
399900,8
399900,9
399900,32
399900,33
399900,34
399900,35
399900,38
399900,39
399900,40
399900,41
400099,3
400099,20
400099,32
400099,33
400099,34
400099,35
400099,36
400099,37
400099,38
400099,39
400099,40
400099,41
400298,19
400298,28
400298,29
400298,31
400298,32
400298,33
400298,34
400298,35
400298,36
400298,42
400298,45
400497,2
400497,3
400497,22
400497,23
400497,28
400497,29
400497,32
400497,33
400497,34
400497,35
400497,36
400497,37
400497,38
400497,39
400497,40
400497,41
400497,43
400497,44
400497,53
400497,54
400497,56
400497,57
400497,59
400497,70
400497,71
400696,15
400696,16
400696,18
400696,24
400696,25
400696,26
400696,34
400696,35
400696,36
400696,37
400696,39
400696,42
400696,60
400696,61
400696,111
400895,5
400895,6
400895,14
400895,24
400895,32
400895,33
400895,34
400895,35
400895,37
400895,38
400895,41
400895,44
400895,45
400895,46
401094,33
401094,34
401094,39
401094,40
401094,41
401094,42
401293,9
401293,10
401293,26
401293,27
401293,33
401293,34
401293,35
401293,36
401293,37
401293,39
401293,40
401293,41
401293,42
401293,66
401293,71
401293,72
401293,74
401293,75
401492,16
401492,17
401492,27
401492,28
401492,34
401492,35
401492,38
401492,41
401492,42
401492,67
401492,68
401492,70
401492,72
401691,3
401691,12
401691,13
401691,32
401691,33
401691,34
401691,38
401691,39
401691,40
401691,67
401890,29
401890,33
401890,34
401890,35
401890,36
401890,39
401890,40
401890,41
401890,71
401890,72
401890,88
401890,122
401890,123
402089,21
402089,22
402089,33
402089,35
402089,36
402089,37
402089,38
402089,39
402089,40
402089,41
402089,42
402089,53
402089,54
402089,78
402089,79
402089,118
402288,16
402288,17
402288,23
402288,24
402288,32
402288,33
402288,34
402288,35
402288,36
402288,37
402288,38
402288,39
402288,46
402288,47
402288,63
402288,64
402487,6
402487,7
402487,8
402487,9
402487,10
402487,13
402487,33
402487,34
402487,35
402487,38
402487,39
402487,40
402487,41
402686,2
402686,26
402686,28
402686,34
402686,35
402686,36
402686,37
402686,38
402686,39
402686,40
402686,41
402686,42
402885,8
402885,9
402885,10
402885,12
402885,13
402885,14
402885,15
402885,29
402885,32
402885,33
402885,34
402885,35
402885,65
403084,2
403084,3
403084,10
403084,32
403084,33
403084,34
403084,35
403084,38
403084,39
403084,40
403084,41
403084,53
403084,54
403084,59
403084,60
403084,70
403084,71
403084,73
403084,74
403084,116
403084,117
403283,7
403283,8
403283,11
403283,12
403283,13
403283,15
403283,16
403283,34
403283,37
403283,40
403283,41
403283,42
403283,60
403283,61
403482,5
403482,6
403482,8
403482,13
403482,14
403482,24
403482,25
403482,32
403482,33
403482,34
403482,35
403482,37
403482,38
403482,39
403482,41
403482,42
403482,45
403482,46
403482,74
403681,6
403681,10
403681,11
403681,15
403681,32
403681,33
403681,34
403681,35
403681,38
403681,39
403681,40
403681,41
403681,42
403681,43
403681,64
403880,8
403880,9
403880,10
403880,13
403880,14
403880,26
403880,27
403880,33
403880,34
403880,35
403880,36
403880,39
403880,40
403880,41
403880,42
403880,54
403880,55
403880,66
403880,67
403880,71
403880,72
404079,7
404079,8
404079,10
404079,15
404079,16
404079,17
404079,28
404079,29
404079,32
404079,35
404079,36
404079,37
404079,38
404079,42
404079,68
404079,72
404278,9
404278,10
404278,11
404278,12
404278,13
404278,15
404278,32
404278,33
404278,34
404278,37
404278,38
404278,39
404278,40
404278,61
404278,66
404477,33
404477,34
404477,35
404477,36
404477,37
404477,38
404477,39
404477,40
404477,41
404477,42
404477,122
404676,22
404676,23
404676,24
404676,25
404676,29
404676,30
404676,32
404676,33
404676,35
404676,36
404676,37
404676,38
404676,39
404676,40
404676,41
404676,42
404676,79
404875,23
404875,24
404875,32
404875,33
404875,34
404875,35
404875,36
404875,37
404875,38
404875,39
404875,40
404875,42
404875,46
404875,47
404875,63
404875,64
405074,1
405074,6
405074,8
405074,9
405074,13
405074,38
405074,39
405074,40
405273,9
405273,28
405273,29
405273,30
405273,31
405273,32
405273,35
405273,36
405273,37
405273,38
405273,39
405273,41
405273,42
405273,43
405472,15
405472,16
405472,29
405472,30
405472,32
405472,33
405472,34
405472,35
405472,39
405671,2
405671,3
405671,5
405671,6
405671,10
405671,11
405671,15
405671,32
405671,33
405671,41
405671,51
405671,52
405671,53
405671,54
405671,59
405671,60
405671,70
405671,71
405671,116
405870,15
405870,16
405870,34
405870,35
405870,36
405870,37
405870,41
405870,42
405870,61
405870,62
406069,6
406069,10
406069,13
406069,29
406069,31
406069,32
406069,33
406069,34
406069,35
406069,36
406069,37
406069,42
406069,43
406069,44
406069,45
406069,46
406268,6
406268,10
406268,11
406268,12
406268,32
406268,33
406268,34
406268,35
406268,39
406268,40
406268,41
406268,42
406268,43
406268,88
406268,98
406268,99
406467,7
406467,8
406467,9
406467,10
406467,11
406467,12
406467,13
406467,26
406467,27
406467,33
406467,34
406467,35
406467,37
406467,39
406467,40
406467,41
406467,42
406467,55
406467,66
406467,67
406467,68
406467,69
406467,70
406467,72
406467,73
406666,7
406666,13
406666,14
406666,15
406666,17
406666,28
406666,29
406666,33
406666,34
406666,36
406666,41
406666,42
406666,43
406666,65
406666,66
406666,67
406666,68
406666,69
406666,71
406865,9
406865,10
406865,11
406865,13
406865,14
406865,16
406865,17
406865,37
406865,38
406865,39
406865,40
407064,1
407064,8
407064,12
407064,13
407064,14
407064,24
407064,33
407064,34
407064,35
407064,36
407064,37
407064,38
407064,39
407064,40
407064,41
407064,42
407064,76
407263,22
407263,23
407263,32
407263,33
407263,35
407263,36
407263,37
407263,38
407263,39
407263,40
407263,41
407263,42
407263,43
407263,79
407462,24
407462,25
407462,32
407462,33
407462,34
407462,35
407462,36
407462,37
407462,38
407462,39
407462,40
407462,46
407462,47
407462,63
407462,64
407661,1
407661,8
407661,9
407661,33
407661,34
407661,35
407661,36
407661,39
407661,41
407860,25
407860,28
407860,31
407860,32
407860,35
407860,36
407860,37
407860,38
407860,39
407860,40
407860,41
407860,42
408059,28
408059,29
408059,30
408059,31
408059,32
408059,33
408059,34
408059,35
408059,36
408059,37
408059,38
408059,39
408059,42
408258,2
408258,3
408258,22
408258,23
408258,28
408258,29
408258,30
408258,33
408258,34
408258,35
408258,38
408258,39
408258,40
408258,41
408258,52
408258,53
408258,54
408258,59
408258,60
408258,70
408258,71
408258,117
408457,15
408457,16
408457,31
408457,32
408457,34
408457,35
408457,36
408457,37
408457,40
408457,41
408457,42
408457,61
408457,62
408457,90
408656,6
408656,7
408656,33
408656,34
408656,35
408656,36
408656,37
408656,38
408656,40
408656,41
408656,42
408656,44
408656,45
408656,46
408855,4
408855,5
408855,32
408855,33
408855,34
408855,35
408855,38
408855,39
408855,40
408855,41
408855,42
408855,46
408855,61
409054,9
409054,10
409054,26
409054,27
409054,33
409054,34
409054,35
409054,36
409054,37
409054,42
409054,48
409054,54
409054,66
409054,67
409054,72
409054,73
409253,17
409253,18
409253,28
409253,29
409253,32
409253,33
409253,36
409253,37
409253,38
409253,41
409253,42
409253,43
409253,68
409253,69
409452,10
409452,13
409452,14
409452,32
409452,33
409452,34
409452,35
409452,38
409452,39
409452,40
409452,43
409452,88
409452,99
409651,14
409651,31
409651,34
409651,35
409651,36
409651,39
409651,40
409651,41
409651,42
409850,20
409850,21
409850,22
409850,23
409850,31
409850,32
409850,33
409850,35
409850,36
409850,37
409850,38
409850,39
409850,40
409850,41
409850,42
409850,79
410049,11
410049,24
410049,25
410049,32
410049,33
410049,34
410049,35
410049,36
410049,37
410049,38
410049,39
410049,40
410049,47
410049,54
410049,60
410049,61
410049,62
410049,64
410049,65
410248,9
410248,33
410248,34
410248,35
410248,36
410248,39
410248,40
410248,41
410248,42
410248,44
410248,45
410248,46
410248,70
410447,28
410447,30
410447,31
410447,32
410447,35
410447,36
410447,37
410447,38
410447,39
410447,40
410447,41
410447,42
410447,80
410646,29
410646,30
410646,32
410646,35
410646,36
410646,37
410646,38
410646,39
410646,42
410646,51
410845,2
410845,3
410845,12
410845,22
410845,23
410845,33
410845,34
410845,35
410845,36
410845,38
410845,41
410845,44
410845,45
410845,46
410845,54
410845,55
410845,59
410845,60
410845,71
410845,72
410845,116
410845,117
411044,8
411044,12
411044,13
411044,14
411044,15
411044,16
411044,17
411044,31
411044,32
411044,35
411044,36
411044,37
411044,40
411044,41
411044,42
411044,52
411044,53
411044,61
411044,62
411243,6
411243,7
411243,8
411243,14
411243,31
411243,32
411243,33
411243,34
411243,35
411243,36
411243,37
411243,38
411243,39
411243,40
411243,42
411243,46
411243,47
411243,52
411243,79
411442,12
411442,15
411442,17
411442,32
411442,33
411442,34
411442,35
411442,38
411442,39
411442,40
411442,41
411442,42
411442,65
411442,66
411641,9
411641,10
411641,24
411641,27
411641,29
411641,30
411641,31
411641,32
411641,33
411641,34
411641,35
411641,36
411641,37
411641,40
411641,41
411641,42
411641,43
411641,55
411641,66
411641,67
411641,72
411641,73
411840,15
411840,16
411840,17
411840,18
411840,20
411840,21
411840,28
411840,29
411840,32
411840,33
411840,36
411840,37
411840,38
411840,39
411840,42
411840,43
411840,68
411840,69
412039,12
412039,13
412039,14
412039,15
412039,21
412039,29
412039,30
412039,31
412039,32
412039,33
412039,34
412039,35
412039,38
412039,39
412039,40
412039,62
412238,8
412238,17
412238,40
412238,45
412238,123
412238,124
412437,22
412437,23
412437,31
412437,32
412437,33
412437,36
412437,37
412437,38
412437,39
412437,40
412437,41
412437,42
412437,43
412437,79
412636,24
412636,25
412636,32
412636,33
412636,34
412636,35
412636,36
412636,37
412636,40
412636,46
412636,47
412636,48
412636,63
412636,64
412636,65
412636,77
412636,78
412636,79
412835,9
412835,10
412835,33
412835,34
412835,35
412835,36
412835,39
412835,40
412835,41
412835,42
412835,112
413034,7
413034,28
413034,35
413034,36
413034,37
413034,38
413034,39
413034,40
413034,41
413034,42
413034,43
413233,29
413233,30
413233,32
413233,33
413233,34
413233,35
413233,36
413233,37
413233,59
413432,2
413432,3
413432,4
413432,6
413432,10
413432,13
413432,33
413432,34
413432,35
413432,36
413432,39
413432,40
413432,41
413432,54
413432,55
413432,57
413432,58
413432,59
413432,60
413432,71
413432,72
413432,105
413432,117
413631,8
413631,12
413631,16
413631,17
413631,19
413631,32
413631,35
413631,36
413631,38
413631,40
413631,41
413631,42
413631,43
413631,61
413631,62
413631,63
413631,64
413631,65
413631,90
413631,91
413830,6
413830,7
413830,27
413830,28
413830,29
413830,30
413830,31
413830,32
413830,33
413830,34
413830,35
413830,36
413830,37
413830,38
413830,39
413830,46
413830,47
413830,53
413830,71
413830,72
413830,73
413830,114
414029,27
414029,30
414029,33
414029,34
414029,35
414029,38
414029,39
414029,40
414029,41
414029,42
414228,10
414228,11
414228,27
414228,28
414228,29
414228,30
414228,31
414228,32
414228,33
414228,34
414228,35
414228,36
414228,37
414228,40
414228,41
414228,51
414228,52
414228,53
414228,67
414228,72
414228,73
414228,75
414228,76
414427,13
414427,14
414427,17
414427,18
414427,29
414427,31
414427,32
414427,33
414427,36
414427,39
414427,42
414427,60
414427,68
414427,69
414427,81
414626,13
414626,14
414626,17
414626,32
414626,33
414626,34
414626,35
414626,38
414626,39
414626,41
414825,34
414825,35
414825,36
414825,37
414825,40
414825,41
414825,42
415024,22
415024,23
415024,32
415024,33
415024,36
415024,37
415024,38
415024,39
415024,40
415024,41
415024,42
415024,79
415223,9
415223,12
415223,15
415223,24
415223,25
415223,28
415223,29
415223,32
415223,33
415223,34
415223,35
415223,36
415223,37
415223,38
415223,39
415223,40
415223,43
415223,47
415223,48
415223,56
415223,64
415223,65
415422,9
415422,10
415422,23
415422,28
415422,34
415422,35
415422,36
415422,39
415422,40
415422,41
415422,42
415621,14
415621,16
415621,28
415621,29
415621,35
415621,36
415621,37
415621,38
415621,39
415621,40
415621,41
415621,42
415621,43
415621,44
415621,45
415621,72
415820,6
415820,13
415820,30
415820,31
415820,32
415820,33
415820,34
415820,35
415820,36
416019,1
416019,3
416019,4
416019,32
416019,33
416019,34
416019,35
416019,36
416019,40
416019,41
416019,45
416019,54
416019,55
416019,60
416019,61
416019,71
416019,72
416019,74
416218,16
416218,17
416218,31
416218,32
416218,35
416218,38
416218,42
416218,61
416218,62
416218,90
416417,6
416417,7
416417,32
416417,33
416417,34
416417,35
416417,36
416417,37
416417,38
416417,39
416417,40
416417,42
416417,46
416417,47
416417,52
416417,53
416616,28
416616,33
416616,34
416616,35
416616,36
416616,39
416616,40
416616,41
416616,42
416815,10
416815,11
416815,27
416815,28
416815,32
416815,33
416815,34
416815,35
416815,36
416815,37
416815,40
416815,41
416815,55
416815,56
416815,67
416815,72
416815,73
417014,17
417014,18
417014,29
417014,30
417014,32
417014,33
417014,36
417014,37
417014,38
417014,39
417014,42
417014,69
417014,72
417014,73
417213,13
417213,14
417213,31
417213,32
417213,33
417213,34
417213,35
417213,38
417213,39
417213,40
417213,41
417213,44
417213,53
417213,54
417213,67
417213,102
417412,34
417412,38
417412,42
417412,124
417611,9
417611,10
417611,23
417611,24
417611,25
417611,26
417611,32
417611,33
417611,36
417611,37
417611,38
417611,39
417611,40
417611,41
417611,42
417810,24
417810,25
417810,32
417810,33
417810,34
417810,35
417810,36
417810,37
417810,38
417810,39
417810,40
417810,41
417810,43
417810,44
417810,46
417810,47
417810,48
417810,64
417810,65
418009,9
418009,10
418009,29
418009,30
418009,31
418009,34
418208,3
418208,20
418208,28
418208,29
418208,39
418208,40
418208,41
418208,42
418208,67
418208,74
418407,9
418407,12
418407,13
418407,14
418407,15
418407,30
418407,31
418407,32
418407,33
418407,34
418407,35
418407,36
418407,38
418407,39
418407,40
418407,43
418407,47
418407,60
418606,3
418606,4
418606,6
418606,7
418606,8
418606,13
418606,33
418606,34
418606,35
418606,36
418606,39
418606,40
418606,41
418606,42
418606,46
418606,47
418606,54
418606,55
418606,60
418606,61
418606,63
418606,64
418606,65
418606,71
418606,72
418606,105
418606,118
418805,7
418805,8
418805,9
418805,12
418805,14
418805,15
418805,16
418805,17
418805,29
418805,30
418805,32
418805,35
418805,36
418805,37
418805,38
418805,41
418805,42
418805,62
418805,63
419004,7
419004,9
419004,17
419004,32
419004,33
419004,34
419004,35
419004,36
419004,37
419004,38
419004,39
419004,40
419004,46
419004,47
419004,52
419203,10
419203,12
419203,13
419203,17
419203,19
419203,32
419203,33
419203,34
419203,35
419203,37
419203,38
419203,39
419203,40
419203,41
419203,42
419203,88
419203,89
419203,99
419402,7
419402,8
419402,10
419402,11
419402,12
419402,15
419402,27
419402,28
419402,32
419402,33
419402,34
419402,35
419402,36
419402,37
419402,41
419402,42
419402,45
419402,46
419402,49
419402,67
419402,73
419402,74
419601,8
419601,11
419601,14
419601,15
419601,16
419601,17
419601,18
419601,29
419601,30
419601,31
419601,32
419601,33
419601,34
419601,37
419601,38
419601,39
419601,42
419601,69
419601,70
419601,78
419601,79
419800,3
419800,14
419800,15
419800,27
419800,32
419800,35
419800,38
419800,39
419800,43
419800,44
419800,47
419800,53
419999,7
419999,8
419999,12
419999,13
419999,14
419999,15
419999,18
419999,30
419999,37
419999,40
419999,41
419999,42
419999,46
420198,8
420198,13
420198,16
420198,23
420198,24
420198,26
420198,27
420198,28
420198,32
420198,36
420198,37
420198,38
420198,39
420198,40
420198,41
420198,42
420198,43
420198,44
420397,25
420397,32
420397,33
420397,34
420397,35
420397,36
420397,37
420397,40
420397,47
420397,48
420397,64
420397,65
420596,9
420596,10
420596,13
420596,40
420596,41
420596,42
420596,62
420596,71
420795,2
420795,7
420795,13
420795,24
420795,25
420795,28
420795,29
420795,32
420795,33
420795,36
420795,37
420795,40
420795,41
420795,42
420795,70
420994,14
420994,30
420994,31
420994,32
420994,33
420994,34
420994,35
420994,36
420994,37
420994,39
420994,40
421193,3
421193,4
421193,7
421193,23
421193,24
421193,28
421193,29
421193,34
421193,35
421193,36
421193,39
421193,40
421193,41
421193,54
421193,55
421193,60
421193,61
421193,67
421193,71
421193,72
421193,73
421392,16
421392,17
421392,19
421392,32
421392,35
421392,36
421392,37
421392,38
421392,42
421392,62
421392,63
421591,7
421591,8
421591,10
421591,11
421591,15
421591,16
421591,34
421591,35
421591,36
421591,37
421591,38
421591,39
421591,43
421591,46
421591,47
421591,78
421790,6
421790,10
421790,33
421790,34
421790,35
421790,36
421790,39
421790,40
421790,41
421790,42
421790,65
421790,100
421989,10
421989,11
421989,13
421989,14
421989,15
421989,27
421989,28
421989,32
421989,33
421989,34
421989,35
421989,37
421989,38
421989,56
421989,57
421989,67
421989,73
421989,74
421989,80
422188,8
422188,11
422188,14
422188,17
422188,18
422188,19
422188,29
422188,30
422188,32
422188,33
422188,34
422188,37
422188,38
422188,39
422188,42
422188,69
422188,70
422387,10
422387,11
422387,12
422387,13
422387,14
422387,15
422387,16
422387,17
422387,30
422387,31
422387,32
422387,33
422387,34
422387,35
422387,36
422387,39
422387,40
422387,41
422387,44
422387,58
422387,59
422586,7
422586,29
422586,30
422586,31
422586,32
422586,35
422586,36
422586,37
422586,38
422586,39
422586,40
422586,41
422586,42
422586,43
422586,71
422586,72
422785,9
422785,14
422785,16
422785,23
422785,24
422785,31
422785,34
422785,35
422785,37
422785,38
422785,39
422785,40
422785,41
422785,42
422785,43
422785,44
422785,45
422785,97
422785,98
422984,10
422984,11
422984,12
422984,25
422984,32
422984,33
422984,34
422984,35
422984,36
422984,37
422984,38
422984,39
422984,40
422984,41
422984,45
422984,48
422984,65
422984,66
423183,9
423183,10
423183,12
423183,13
423183,17
423183,34
423183,35
423183,36
423183,37
423183,40
423183,41
423183,42
423183,47
423382,4
423382,5
423382,6
423382,13
423382,14
423382,15
423382,28
423382,29
423382,31
423382,32
423382,33
423382,36
423382,38
423382,39
423382,40
423382,41
423382,42
423382,67
423382,69
423382,75
423581,9
423581,12
423581,30
423581,31
423581,32
423581,33
423581,34
423581,35
423581,36
423581,37
423581,40
423780,3
423780,4
423780,5
423780,6
423780,20
423780,21
423780,22
423780,23
423780,24
423780,28
423780,29
423780,30
423780,31
423780,32
423780,35
423780,36
423780,37
423780,39
423780,42
423780,55
423780,56
423780,60
423780,61
423780,67
423780,72
423780,73
423780,117
423979,17
423979,32
423979,33
423979,36
423979,37
423979,38
423979,41
423979,42
423979,47
423979,62
423979,63
424178,7
424178,8
424178,16
424178,26
424178,32
424178,33
424178,35
424178,36
424178,42
424178,45
424178,47
424178,48
424178,52
424178,63
424178,66
424377,8
424377,28
424377,29
424377,30
424377,33
424377,34
424377,35
424377,36
424377,37
424377,38
424377,40
424377,41
424377,42
424377,45
424377,46
424377,47
424377,48
424576,7
424576,10
424576,11
424576,15
424576,27
424576,28
424576,29
424576,30
424576,31
424576,32
424576,33
424576,34
424576,39
424576,41
424576,42
424576,44
424576,45
424576,47
424576,56
424576,62
424576,67
424576,73
424576,74
424775,8
424775,11
424775,15
424775,16
424775,18
424775,19
424775,21
424775,22
424775,29
424775,30
424775,69
424775,70
424974,6
424974,7
424974,8
424974,10
424974,12
424974,14
424974,15
424974,44
424974,100
425173,13
425173,14
425173,15
425173,17
425173,29
425173,40
425173,53
425173,54
425372,8
425372,9
425372,15
425372,16
425372,17
425372,23
425372,24
425372,32
425372,33
425372,34
425372,37
425372,38
425372,39
425372,40
425372,41
425372,42
425571,6
425571,7
425571,10
425571,11
425571,12
425571,13
425571,14
425571,15
425571,16
425571,17
425571,25
425571,34
425571,35
425571,36
425571,37
425571,38
425571,41
425571,48
425571,49
425571,65
425571,66
425770,0
425770,4
425770,5
425770,7
425770,8
425770,9
425770,10
425770,11
425770,12
425770,13
425770,17
425770,32
425770,33
425770,34
425770,35
425969,8
425969,9
425969,10
425969,13
425969,14
425969,15
425969,28
425969,29
425969,30
425969,31
425969,32
425969,33
425969,36
425969,37
425969,38
425969,39
425969,40
425969,41
425969,43
425969,44
425969,45
426168,1
426168,7
426168,15
426168,30
426168,31
426168,36
426168,37
426168,38
426168,39
426168,40
426168,41
426168,44
426168,45
426367,4
426367,5
426367,8
426367,19
426367,22
426367,55
426367,56
426367,58
426367,61
426367,62
426367,67
426367,72
426367,73
426367,76
426367,77
426367,106
426367,117
426367,118
426566,7
426566,8
426566,13
426566,17
426566,18
426566,59
426566,62
426566,63
426765,6
426765,7
426765,8
426765,12
426765,15
426765,16
426765,32
426765,33
426765,34
426765,35
426765,36
426765,37
426765,38
426765,39
426765,40
426765,47
426765,48
426765,98
426964,6
426964,12
426964,17
426964,35
426964,36
426964,39
426964,40
426964,41
426964,42
426964,51
426964,52
426964,66
427163,11
427163,12
427163,13
427163,14
427163,15
427163,27
427163,28
427163,29
427163,30
427163,33
427163,34
427163,38
427163,73
427163,74
427163,76
427163,77
427362,6
427362,18
427362,19
427362,30
427362,31
427362,32
427362,33
427362,34
427362,37
427362,69
427362,70
427362,87
427561,6
427561,10
427561,11
427561,12
427561,14
427561,15
427561,17
427561,32
427561,39
427561,40
427561,41
427561,42
427561,73
427561,74
427561,100
427760,13
427760,44
427760,67
427760,68
427760,69
427760,124
427959,23
427959,24
427959,28
427959,32
427959,33
427959,34
427959,37
427959,38
427959,39
427959,40
427959,41
427959,42
427959,57
427959,63
427959,64
427959,74
428158,4
428158,25
428158,28
428158,29
428158,30
428158,32
428158,33
428158,34
428158,35
428158,36
428158,37
428158,39
428158,40
428158,41
428158,42
428158,44
428158,45
428158,48
428158,49
428158,56
428158,57
428158,65
428158,66
428357,6
428357,7
428357,8
428357,10
428357,11
428357,12
428357,13
428357,14
428357,32
428357,35
428357,36
428357,37
428357,40
428357,41
428357,42
428357,53
428357,54
428357,57
428357,76
428556,19
428556,29
428556,30
428556,32
428556,33
428556,36
428556,37
428556,38
428556,39
428556,40
428556,41
428556,47
428755,30
428755,31
428755,32
428755,33
428755,34
428755,35
428755,36
428755,37
428755,38
428755,39
428755,40
428755,41
428755,47
428954,4
428954,5
428954,6
428954,9
428954,11
428954,12
428954,14
428954,22
428954,55
428954,56
428954,61
428954,62
428954,67
428954,72
428954,73
428954,106
428954,107
429153,5
429153,8
429153,9
429153,10
429153,13
429153,16
429153,17
429153,18
429153,32
429153,33
429153,36
429153,39
429153,62
429153,63
429153,77
429153,78
429352,7
429352,8
429352,9
429352,10
429352,11
429352,12
429352,16
429352,17
429352,18
429352,26
429352,32
429352,33
429352,34
429352,35
429352,36
429352,37
429352,38
429352,39
429352,40
429352,47
429352,48
429352,75
429352,84
429551,5
429551,6
429551,7
429551,13
429551,18
429551,34
429551,35
429551,36
429551,37
429551,39
429750,11
429750,12
429750,28
429750,29
429750,32
429750,33
429750,34
429750,35
429750,36
429750,41
429750,42
429750,43
429750,73
429750,74
429949,6
429949,10
429949,11
429949,12
429949,13
429949,16
429949,17
429949,18
429949,19
429949,28
429949,30
429949,31
429949,32
429949,33
429949,34
429949,36
429949,37
429949,38
429949,39
429949,40
429949,41
429949,42
429949,70
430148,9
430148,10
430148,11
430148,12
430148,13
430148,14
430148,15
430148,30
430148,33
430148,34
430148,35
430148,36
430148,37
430148,40
430347,3
430347,4
430347,28
430347,32
430347,33
430347,34
430347,35
430347,36
430347,37
430347,38
430347,41
430347,42
430347,84
430347,113
430347,114
430546,8
430546,13
430546,17
430546,24
430546,25
430546,26
430546,27
430546,31
430546,32
430546,33
430546,34
430546,35
430546,36
430546,37
430546,38
430546,39
430546,40
430546,41
430546,42
430546,63
430546,78
430546,79
430745,7
430745,8
430745,9
430745,10
430745,12
430745,16
430745,17
430745,25
430745,32
430745,33
430745,34
430745,35
430745,37
430745,39
430745,40
430745,41
430745,44
430745,48
430745,49
430745,59
430745,65
430745,66
430745,117
430745,123
430944,6
430944,10
430944,11
430944,23
430944,32
430944,35
430944,45
430944,75
430944,101
430944,102
431143,17
431143,19
431143,20
431143,21
431143,29
431143,30
431143,32
431143,33
431143,34
431143,40
431143,41
431143,43
431143,52
431143,53
431143,60
431143,61
431143,62
431143,109
431342,0
431342,3
431342,9
431342,11
431342,31
431342,33
431342,35
431342,36
431342,37
431342,38
431342,39
431342,40
431342,41
431342,62
431342,106
431541,4
431541,5
431541,6
431541,7
431541,8
431541,11
431541,22
431541,34
431541,35
431541,36
431541,37
431541,40
431541,55
431541,56
431541,61
431541,62
431541,72
431541,73
431740,17
431740,18
431740,32
431740,33
431740,34
431740,35
431740,36
431740,37
431740,38
431740,39
431740,40
431740,41
431740,42
431740,63
431740,64
431939,1
431939,8
431939,31
431939,32
431939,34
431939,35
431939,36
431939,37
431939,38
431939,39
431939,40
431939,41
431939,42
431939,47
431939,48
431939,54
432138,11
432138,12
432138,13
432138,23
432138,24
432138,25
432138,31
432138,34
432138,36
432138,37
432138,38
432138,39
432138,40
432138,41
432337,11
432337,12
432337,14
432337,28
432337,29
432337,31
432337,34
432337,35
432337,36
432337,37
432337,38
432337,39
432337,41
432337,74
432337,75
432536,8
432536,11
432536,19
432536,23
432536,30
432536,31
432536,32
432536,33
432536,34
432536,35
432536,38
432536,39
432536,40
432536,70
432735,15
432735,32
432735,33
432735,39
432735,40
432735,41
432735,42
432735,43
432735,44
432735,45
432735,54
432735,60
432735,94
432934,1
432934,3
432934,14
432934,30
432934,31
432934,32
432934,33
432934,34
432934,35
432934,41
433133,5
433133,7
433133,9
433133,24
433133,25
433133,28
433133,29
433133,30
433133,33
433133,34
433133,38
433133,39
433133,40
433133,41
433133,42
433133,43
433133,44
433133,109
433332,8
433332,9
433332,12
433332,13
433332,16
433332,17
433332,33
433332,34
433332,35
433332,36
433332,37
433332,39
433332,41
433332,48
433332,49
433332,52
433332,53
433332,54
433332,65
433332,66
433332,95
433531,0
433531,7
433531,9
433531,10
433531,11
433531,12
433531,15
433531,32
433531,33
433531,34
433531,35
433531,36
433531,39
433531,40
433531,41
433531,42
433531,43
433531,44
433531,45
433531,46
433531,47
433531,57
433531,58
433531,59
433531,114
433730,4
433730,5
433730,19
433730,20
433730,29
433730,30
433730,32
433730,33
433730,34
433730,35
433730,36
433730,37
433730,38
433730,39
433730,40
433730,41
433730,60
433730,75
433929,11
433929,14
433929,15
433929,17
433929,31
433929,33
433929,34
433929,35
433929,36
433929,37
433929,38
433929,39
433929,40
434128,4
434128,5
434128,10
434128,11
434128,12
434128,13
434128,14
434128,22
434128,24
434128,25
434128,30
434128,31
434128,34
434128,35
434128,55
434128,56
434128,61
434128,62
434128,64
434128,65
434128,66
434128,67
434128,72
434128,73
434327,7
434327,8
434327,9
434327,15
434327,16
434327,17
434327,18
434327,32
434327,33
434327,34
434327,35
434327,36
434327,37
434327,38
434327,39
434327,40
434327,41
434327,42
434327,43
434327,44
434327,45
434327,46
434327,63
434327,64
434327,91
434526,1
434526,8
434526,9
434526,15
434526,32
434526,34
434526,35
434526,36
434526,37
434526,38
434526,39
434526,40
434526,48
434725,31
434725,34
434725,35
434725,36
434725,37
434725,38
434725,39
434725,40
434725,41
434725,68
434725,77
434924,2
434924,8
434924,9
434924,10
434924,11
434924,12
434924,13
434924,15
434924,28
434924,29
434924,31
434924,32
434924,33
434924,34
434924,35
434924,36
434924,37
434924,38
434924,39
434924,68
434924,69
434924,70
434924,71
434924,72
434924,73
434924,74
434924,75
434924,81
434924,103
435123,5
435123,6
435123,19
435123,20
435123,30
435123,31
435123,32
435123,33
435123,34
435123,35
435123,38
435123,39
435123,40
435123,41
435123,43
435123,70
435123,81
435123,115
435322,15
435322,26
435322,32
435322,33
435322,34
435322,35
435322,36
435322,37
435322,38
435322,39
435322,40
435322,41
435322,43
435322,44
435322,94
435521,11
435521,12
435521,13
435521,31
435521,32
435521,33
435521,34
435521,35
435521,36
435521,37
435521,38
435521,39
435521,40
435521,41
435521,42
435521,43
435521,44
435521,45
435521,46
435521,47
435521,72
435521,73
435521,74
435521,85
435720,6
435720,7
435720,8
435720,10
435720,13
435720,14
435720,15
435720,16
435720,24
435720,25
435720,31
435720,32
435720,33
435720,37
435720,38
435720,39
435720,40
435720,41
435720,42
435720,58
435720,59
435720,60
435720,64
435720,115
435919,6
435919,7
435919,8
435919,16
435919,17
435919,18
435919,19
435919,20
435919,31
435919,33
435919,34
435919,35
435919,36
435919,37
435919,47
435919,48
435919,49
435919,66
435919,94
435919,95
435919,111
435919,118
436118,2
436118,5
436118,6
436118,8
436118,9
436118,10
436118,11
436118,14
436118,15
436118,19
436118,31
436118,32
436118,33
436118,34
436118,35
436118,36
436118,37
436118,38
436118,39
436118,40
436118,41
436118,79
436118,80
436118,102
436118,108
436317,10
436317,15
436317,28
436317,29
436317,30
436317,31
436317,32
436317,33
436317,35
436317,36
436317,38
436317,40
436317,41
436317,42
436317,43
436317,44
436317,45
436317,46
436317,47
436317,75
436516,6
436516,7
436516,9
436516,11
436516,14
436516,15
436516,27
436516,29
436516,30
436516,31
436516,32
436516,33
436516,34
436516,35
436516,36
436516,37
436516,38
436516,39
436516,40
436516,41
436516,44
436516,58
436516,59
436516,60
436715,4
436715,5
436715,8
436715,9
436715,10
436715,11
436715,14
436715,15
436715,17
436715,18
436715,22
436715,29
436715,30
436715,31
436715,32
436715,37
436715,38
436715,39
436715,40
436715,43
436715,56
436715,57
436715,61
436715,62
436715,66
436715,73
436715,81
436914,8
436914,10
436914,11
436914,12
436914,14
436914,16
436914,17
436914,18
436914,32
436914,34
436914,35
436914,36
436914,38
436914,39
436914,40
436914,41
436914,42
436914,43
436914,44
436914,45
436914,63
436914,64
437113,6
437113,8
437113,9
437113,10
437113,11
437113,12
437113,13
437113,16
437113,17
437113,18
437113,32
437113,33
437113,34
437113,35
437113,36
437113,37
437113,38
437113,39
437113,40
437113,45
437113,48
437113,53
437113,82
437312,6
437312,7
437312,9
437312,10
437312,11
437312,14
437312,15
437312,16
437312,17
437312,30
437312,31
437312,34
437312,36
437312,37
437312,38
437312,44
437312,63
437312,64
437312,65
437312,67
437312,106
437312,118
437312,119
437511,8
437511,9
437511,10
437511,11
437511,12
437511,16
437511,29
437511,31
437511,32
437511,33
437511,34
437511,35
437511,36
437511,37
437511,38
437511,39
437511,52
437511,74
437511,75
437710,7
437710,8
437710,9
437710,10
437710,11
437710,12
437710,13
437710,14
437710,15
437710,19
437710,20
437710,22
437710,23
437710,27
437710,28
437710,29
437710,30
437710,31
437710,41
437710,42
437710,43
437710,44
437710,45
437710,57
437710,70
437710,78
437710,82
437710,87
437710,99
437909,6
437909,7
437909,9
437909,10
437909,11
437909,12
437909,15
437909,17
437909,27
437909,28
437909,29
437909,30
437909,31
437909,32
437909,33
437909,34
437909,36
437909,37
437909,39
437909,41
437909,42
437909,43
437909,47
437909,50
437909,54
437909,100
437909,101
438108,15
438108,16
438108,33
438108,34
438108,35
438108,36
438108,37
438108,38
438108,39
438108,42
438108,43
438108,44
438108,81
438307,6
438307,7
438307,8
438307,11
438307,12
438307,13
438307,14
438307,16
438307,24
438307,25
438307,30
438307,31
438307,32
438307,33
438307,34
438307,35
438307,36
438307,37
438307,38
438307,39
438307,40
438307,41
438307,42
438307,43
438307,44
438307,59
438307,60
438307,65
438307,66
438307,67
438307,68
438506,10
438506,37
438506,39
438506,49
438506,50
438506,51
438506,66
438506,67
438506,94
438705,11
438705,12
438705,25
438705,32
438705,33
438705,34
438705,35
438705,36
438705,37
438705,38
438705,42
438705,43
438705,44
438705,64
438705,102
438705,107
438705,108
438705,113
438705,114
438904,14
438904,16
438904,17
438904,30
438904,32
438904,33
438904,34
438904,35
438904,36
438904,37
438904,38
438904,41
438904,42
438904,70
438904,71
438904,72
439103,6
439103,7
439103,8
439103,10
439103,14
439103,15
439103,16
439103,31
439103,33
439103,34
439103,35
439103,36
439103,37
439103,38
439302,2
439302,5
439302,6
439302,22
439302,23
439302,32
439302,35
439302,36
439302,37
439302,38
439302,47
439302,56
439302,57
439302,61
439302,62
439302,73
439302,74
439302,75
439302,76
439302,125
439501,7
439501,10
439501,11
439501,18
439501,19
439501,23
439501,24
439501,28
439501,33
439501,34
439501,37
439501,38
439501,39
439501,40
439501,41
439501,42
439501,43
439501,63
439501,64
439501,79
439700,8
439700,9
439700,33
439700,34
439700,35
439700,36
439700,37
439700,38
439700,48
439899,6
439899,7
439899,8
439899,10
439899,11
439899,12
439899,15
439899,35
439899,36
439899,37
439899,38
439899,40
439899,41
439899,42
439899,46
439899,47
439899,52
439899,101
439899,102
439899,107
439899,108
439899,118
440098,7
440098,8
440098,9
440098,12
440098,13
440098,14
440098,29
440098,30
440098,31
440098,32
440098,33
440098,34
440098,35
440098,36
440098,37
440098,38
440098,39
440098,55
440098,56
440098,60
440098,61
440098,62
440098,74
440098,75
440098,77
440098,78
440098,115
440098,125
440297,14
440297,15
440297,19
440297,20
440297,30
440297,31
440297,32
440297,33
440297,34
440297,35
440297,38
440297,41
440297,42
440297,43
440297,44
440297,70
440297,78
440297,79
440297,80
440297,83
440297,99
440496,15
440496,33
440496,34
440496,35
440496,36
440496,38
440496,44
440496,58
440695,2
440695,5
440695,7
440695,8
440695,10
440695,11
440695,12
440695,13
440695,14
440695,38
440695,39
440695,40
440695,44
440695,86
440894,1
440894,8
440894,9
440894,14
440894,15
440894,24
440894,25
440894,31
440894,33
440894,34
440894,35
440894,39
440894,41
440894,42
440894,59
440894,70
440894,71
440894,115
441093,1
441093,2
441093,16
441093,34
441093,35
441093,36
441093,37
441093,49
441093,50
441093,57
441093,58
441093,66
441093,67
441093,112
441093,117
441292,11
441292,12
441292,13
441292,31
441491,30
441491,31
441491,33
441491,34
441491,35
441491,38
441491,39
441491,40
441491,41
441491,42
441491,43
441491,44
441491,63
441491,64
441491,65
441491,75
441491,76
441491,81
441491,109
441491,110
441690,25
441690,31
441690,33
441690,34
441690,37
441690,38
441690,39
441690,40
441690,41
441690,42
441690,45
441690,47
441690,53
441690,62
441690,71
441690,72
441889,5
441889,6
441889,22
441889,23
441889,30
441889,32
441889,35
441889,36
441889,37
441889,38
441889,41
441889,42
441889,43
441889,56
441889,57
441889,62
441889,63
441889,68
441889,69
441889,70
441889,71
441889,73
441889,74
441889,124
441889,125
442088,6
442088,7
442088,8
442088,12
442088,13
442088,37
442088,40
442088,63
442088,64
442088,75
442088,76
442088,79
442088,93
442088,110
442287,8
442287,9
442287,13
442287,29
442287,30
442287,32
442287,37
442287,38
442287,42
442287,43
442287,44
442287,45
442287,46
442287,47
442287,54
442287,56
442287,82
442287,83
442287,95
442486,11
442486,35
442486,36
442486,37
442486,40
442486,41
442486,42
442486,43
442486,44
442486,47
442685,12
442685,13
442685,15
442685,16
442685,18
442685,29
442685,30
442685,33
442685,34
442685,35
442685,36
442685,37
442685,38
442685,39
442685,57
442685,74
442685,75
442685,95
442884,8
442884,15
442884,19
442884,20
442884,29
442884,30
442884,31
442884,32
442884,33
442884,34
442884,35
442884,36
442884,37
442884,39
442884,40
442884,41
442884,42
442884,71
442884,99
443083,15
443083,25
443083,34
443083,35
443083,36
443083,37
443083,38
443083,40
443083,41
443083,42
443083,43
443083,47
443083,102
443282,10
443282,32
443282,33
443282,35
443282,36
443282,37
443282,38
443282,42
443282,43
443282,44
443282,125
443481,5
443481,6
443481,7
443481,10
443481,11
443481,12
443481,13
443481,16
443481,25
443481,26
443481,27
443481,28
443481,31
443481,32
443481,33
443481,34
443481,35
443481,36
443481,37
443481,38
443481,39
443481,40
443481,41
443481,42
443481,43
443481,44
443481,45
443481,62
443680,31
443680,35
443680,36
443680,37
443680,38
443680,40
443680,41
443680,42
443680,44
443680,45
443680,49
443680,50
443680,66
443680,67
443879,9
443879,10
443879,11
443879,12
443879,13
443879,25
443879,26
443879,27
443879,28
443879,29
443879,30
443879,31
443879,32
443879,34
443879,35
443879,36
443879,38
443879,39
443879,40
443879,41
443879,42
443879,43
443879,44
443879,45
443879,46
444078,6
444078,30
444078,31
444078,33
444078,34
444078,35
444078,36
444078,39
444078,40
444078,41
444078,42
444277,29
444277,31
444277,37
444277,38
444277,39
444277,40
444277,60
444277,64
444277,68
444277,70
444277,101
444476,5
444476,6
444476,8
444476,9
444476,11
444476,12
444476,13
444476,14
444476,16
444476,22
444476,23
444476,27
444476,28
444476,29
444476,30
444476,33
444476,35
444476,36
444476,41
444476,42
444476,43
444476,44
444476,45
444476,46
444476,51
444476,56
444476,57
444476,62
444476,63
444476,68
444476,73
444476,74
444476,119
444476,120
444675,12
444675,13
444675,18
444675,19
444675,32
444675,33
444675,37
444675,38
444675,39
444675,40
444675,64
444675,65
444675,93
444874,9
444874,12
444874,13
444874,15
444874,33
444874,34
444874,35
444874,36
444874,37
444874,38
444874,39
444874,40
444874,41
444874,48
445073,29
445073,30
445073,32
445073,36
445073,41
445073,46
445272,10
445272,12
445272,13
445272,29
445272,30
445272,32
445272,33
445272,34
445272,35
445272,36
445272,37
445272,38
445272,75
445272,76
445471,4
445471,5
445471,6
445471,9
445471,10
445471,11
445471,13
445471,14
445471,15
445471,16
445471,18
445471,19
445471,20
445471,28
445471,29
445471,30
445471,31
445471,32
445471,33
445471,34
445471,35
445471,36
445471,37
445471,38
445471,39
445471,40
445471,41
445471,42
445471,43
445471,72
445670,6
445670,7
445670,10
445670,11
445670,14
445670,15
445670,26
445670,27
445670,33
445670,34
445670,37
445670,38
445869,2
445869,4
445869,6
445869,7
445869,8
445869,9
445869,11
445869,13
445869,14
445869,15
445869,28
445869,29
445869,30
445869,31
445869,32
445869,33
445869,34
445869,35
445869,37
445869,38
445869,39
445869,92
445869,125
446068,0
446068,6
446068,9
446068,10
446068,11
446068,14
446068,15
446068,16
446068,25
446068,26
446068,27
446068,28
446068,29
446068,31
446068,32
446068,33
446068,34
446068,35
446068,38
446068,39
446068,40
446068,42
446068,43
446267,14
446267,16
446267,25
446267,26
446267,27
446267,28
446267,31
446267,49
446267,50
446267,66
446267,67
446267,70
446267,71
446267,75
446267,96
446466,5
446466,6
446466,7
446466,8
446466,9
446466,11
446466,12
446466,13
446466,16
446466,27
446466,28
446466,29
446466,30
446466,31
446466,32
446466,33
446466,34
446466,35
446466,36
446466,37
446466,38
446466,39
446466,40
446466,41
446466,42
446466,43
446466,44
446466,45
446466,46
446466,47
446466,103
446665,4
446665,7
446665,30
446665,31
446665,34
446665,35
446665,36
446665,37
446665,38
446665,39
446665,40
446665,41
446665,42
446665,44
446665,45
446665,46
446665,47
446665,48
446665,63
446665,64
446665,65
446665,66
446665,67
446665,68
446665,69
446864,5
446864,8
446864,9
446864,10
446864,13
446864,14
446864,15
446864,17
446864,29
446864,30
446864,31
446864,32
446864,33
446864,34
446864,35
446864,36
446864,37
446864,38
446864,42
446864,44
446864,61
446864,63
446864,100
446864,101
447063,5
447063,6
447063,7
447063,8
447063,10
447063,11
447063,12
447063,15
447063,22
447063,23
447063,25
447063,26
447063,32
447063,33
447063,36
447063,37
447063,38
447063,51
447063,52
447063,56
447063,57
447063,62
447063,63
447063,68
447063,69
447063,73
447063,74
447063,108
447063,119
447262,13
447262,14
447262,18
447262,19
447262,25
447262,29
447262,31
447262,32
447262,33
447262,34
447262,35
447262,36
447262,37
447262,38
447262,39
447262,40
447262,41
447262,42
447262,64
447262,65
447262,82
447262,104
447461,8
447461,9
447461,10
447461,13
447461,14
447461,15
447461,16
447461,33
447461,37
447461,38
447461,40
447461,41
447461,42
447461,43
447461,44
447461,45
447461,54
447461,55
447461,83
447461,84
447660,16
447660,29
447660,32
447660,33
447660,34
447660,35
447660,36
447660,37
447660,38
447660,39
447660,40
447660,41
447660,42
447660,43
447660,44
447660,48
447660,68
447660,107
447660,108
447859,6
447859,7
447859,9
447859,12
447859,13
447859,14
447859,15
447859,16
447859,29
447859,30
447859,33
447859,34
447859,35
447859,36
447859,37
447859,38
447859,45
447859,46
447859,57
447859,60
447859,64
447859,75
447859,76
448058,20
448058,21
448058,31
448058,32
448058,33
448058,34
448058,35
448058,36
448058,39
448058,40
448058,63
448058,66
448058,100
448257,7
448257,8
448257,10
448257,12
448257,13
448257,32
448257,34
448257,35
448257,36
448257,37
448257,38
448257,43
448257,44
448257,56
448456,5
448456,7
448456,9
448456,10
448456,11
448456,12
448456,14
448456,33
448456,34
448456,35
448456,36
448456,37
448456,38
448456,39
448456,51
448655,25
448655,26
448655,28
448655,29
448655,30
448655,31
448655,32
448655,34
448655,35
448655,36
448655,37
448655,38
448655,39
448655,40
448655,41
448655,42
448655,43
448854,7
448854,8
448854,9
448854,10
448854,12
448854,15
448854,31
448854,34
448854,35
448854,37
448854,38
448854,50
448854,66
448854,67
448854,68
448854,95
449053,7
449053,8
449053,11
449053,12
449053,14
449053,15
449053,31
449053,32
449053,33
449053,34
449053,35
449053,36
449053,38
449053,39
449053,40
449053,41
449053,57
449053,103
449053,108
449252,30
449252,31
449252,32
449252,33
449252,34
449252,35
449252,36
449252,37
449252,38
449252,39
449252,40
449252,41
449252,42
449252,43
449252,45
449252,47
449252,76
449451,9
449451,10
449451,11
449451,12
449451,14
449451,18
449451,32
449451,33
449451,34
449451,35
449451,36
449451,37
449451,38
449451,39
449451,40
449451,41
449451,42
449451,44
449451,46
449451,48
449451,49
449451,50
449451,51
449451,53
449451,61
449451,100
449650,5
449650,6
449650,10
449650,13
449650,15
449650,16
449650,22
449650,23
449650,32
449650,33
449650,36
449650,37
449650,38
449650,53
449650,54
449650,55
449650,62
449650,63
449650,68
449650,69
449650,74
449650,91
449650,92
449650,119
449650,120
449849,11
449849,14
449849,15
449849,16
449849,17
449849,19
449849,25
449849,32
449849,36
449849,37
449849,38
449849,39
449849,40
449849,62
449849,63
449849,65
449849,66
449849,67
449849,68
449849,69
449849,70
449849,72
449849,78
449849,79
449849,80
450048,9
450048,10
450048,34
450048,35
450048,36
450048,37
450048,38
450048,40
450048,41
450048,42
450247,2
450247,9
450247,11
450247,12
450247,15
450247,30
450247,31
450247,32
450247,33
450247,34
450247,35
450247,36
450247,37
450247,38
450247,39
450247,40
450247,41
450247,42
450247,43
450247,44
450247,45
450247,80
450247,90
450247,119
450446,9
450446,12
450446,13
450446,30
450446,31
450446,32
450446,33
450446,34
450446,35
450446,36
450446,37
450446,38
450446,39
450446,40
450446,59
450446,75
450446,76
450446,121
450645,20
450645,21
450645,23
450645,24
450645,29
450645,31
450645,32
450645,33
450645,34
450645,35
450645,36
450645,37
450645,38
450645,40
450645,47
450645,63
450645,83
450844,9
450844,38
450844,39
450844,59
450844,101
450844,102
451043,27
451043,34
451043,35
451043,36
451043,37
451043,38
451043,39
451043,87
451242,1
451242,25
451242,26
451242,28
451242,29
451242,32
451242,33
451242,34
451242,35
451242,36
451242,39
451242,40
451242,42
451242,43
451242,44
451242,45
451242,46
451242,47
451242,74
451441,9
451441,12
451441,32
451441,35
451441,36
451441,37
451441,38
451441,40
451441,50
451441,51
451441,54
451441,55
451441,56
451441,60
451441,67
451441,68
451640,8
451640,9
451640,10
451640,12
451640,13
451640,28
451640,32
451640,33
451640,34
451640,36
451640,104
451839,11
451839,12
451839,13
451839,14
451839,16
451839,27
451839,30
451839,31
451839,33
451839,42
451839,43
452038,9
452038,15
452038,17
452038,34
452038,35
452038,38
452038,39
452038,40
452038,75
452038,79
452038,83
452038,84
452237,6
452237,7
452237,8
452237,10
452237,11
452237,13
452237,14
452237,15
452237,16
452237,23
452237,24
452237,34
452237,35
452237,36
452237,37
452237,38
452237,39
452237,40
452237,42
452237,57
452237,62
452237,63
452237,109
452436,7
452436,8
452436,10
452436,11
452436,12
452436,14
452436,15
452436,16
452436,17
452436,19
452436,33
452436,34
452436,35
452436,36
452436,37
452436,38
452436,40
452436,41
452436,42
452436,45
452436,64
452436,65
452436,69
452436,70
452436,71
452436,77
452436,82
452436,104
452436,105
452635,9
452635,10
452635,11
452635,14
452635,16
452635,29
452635,32
452635,33
452635,34
452635,35
452635,36
452635,37
452635,38
452635,39
452635,40
452635,90
452834,26
452834,33
452834,34
452834,35
452834,36
452834,37
452834,38
452834,39
452834,40
452834,41
452834,54
452834,69
452834,72
452834,76
452834,77
452834,108
453033,9
453033,10
453033,13
453033,19
453033,28
453033,29
453033,30
453033,31
453033,32
453033,33
453033,34
453033,35
453033,36
453033,37
453033,38
453033,39
453033,40
453033,46
453033,57
453033,58
453033,59
453033,75
453033,76
453033,78
453033,79
453033,122
453232,11
453232,14
453232,15
453232,20
453232,21
453232,28
453232,29
453232,31
453232,32
453232,33
453232,34
453232,35
453232,36
453232,39
453232,71
453232,72
453232,88
453232,89
453431,0
453431,10
453431,11
453431,12
453431,15
453431,24
453431,30
453431,31
453431,32
453431,33
453431,34
453431,35
453431,36
453431,59
453431,60
453630,5
453630,29
453630,30
453630,31
453630,32
453630,33
453630,34
453630,35
453630,36
453630,37
453630,78
453829,7
453829,8
453829,9
453829,10
453829,22
453829,25
453829,26
453829,29
453829,31
453829,32
453829,33
453829,34
453829,35
453829,36
453829,42
453829,43
453829,57
453829,58
453829,59
454028,8
454028,9
454028,10
454028,11
454028,13
454028,14
454028,15
454028,30
454028,31
454028,32
454028,33
454028,34
454028,35
454028,36
454028,37
454028,39
454028,40
454028,41
454028,42
454028,50
454028,51
454028,56
454028,57
454028,61
454028,67
454028,68
454028,95
454028,118
454227,8
454227,9
454227,11
454227,12
454227,13
454227,14
454227,16
454227,28
454227,29
454227,31
454227,32
454227,33
454227,34
454227,35
454227,36
454227,37
454227,38
454227,39
454227,40
454227,41
454227,42
454227,45
454227,55
454227,67
454227,68
454426,5
454426,6
454426,9
454426,10
454426,11
454426,12
454426,15
454426,16
454426,17
454426,31
454426,32
454426,33
454426,34
454426,35
454426,36
454426,39
454426,40
454426,41
454426,42
454426,43
454426,48
454426,76
454426,77
454625,9
454625,10
454625,11
454625,12
454625,14
454625,15
454625,16
454625,17
454625,32
454625,33
454625,34
454625,35
454625,36
454625,37
454625,38
454625,39
454625,40
454625,42
454625,43
454625,46
454625,47
454625,50
454625,61
454625,62
454625,70
454625,71
454625,101
454824,6
454824,7
454824,8
454824,11
454824,16
454824,23
454824,24
454824,26
454824,27
454824,28
454824,33
454824,36
454824,37
454824,38
454824,39
454824,40
454824,42
454824,48
454824,51
454824,57
454824,63
454824,64
454824,69
454824,108
454824,109
455023,14
455023,15
455023,19
455023,26
455023,34
455023,38
455023,39
455023,40
455023,41
455023,42
455023,43
455023,64
455023,65
455023,82
455023,93
455023,94
455222,9
455222,10
455222,12
455222,13
455222,17
455222,33
455222,34
455222,35
455222,36
455222,38
455222,39
455222,40
455222,41
455222,42
455222,44
455222,45
455222,46
455222,47
455222,95
455222,96
455421,12
455421,13
455421,14
455421,15
455421,16
455421,33
455421,36
455421,91
455421,119
455421,120
455620,9
455620,10
455620,11
455620,12
455620,13
455620,30
455620,31
455620,32
455620,33
455620,35
455620,36
455620,37
455620,38
455620,60
455620,61
455620,65
455620,75
455620,76
455620,104
455620,105
455819,11
455819,20
455819,21
455819,27
455819,28
455819,29
455819,32
455819,33
455819,34
455819,35
455819,36
455819,63
455819,64
455819,65
455819,101
456018,0
456018,8
456018,10
456018,13
456018,27
456018,28
456018,29
456018,30
456018,31
456018,32
456018,33
456018,34
456018,35
456018,37
456018,40
456018,72
456018,73
456018,102
456018,103
456217,7
456217,8
456217,11
456217,12
456217,13
456217,14
456217,28
456217,29
456217,30
456217,31
456217,32
456217,33
456217,34
456217,35
456217,37
456217,75
456217,79
456416,7
456416,8
456416,10
456416,11
456416,12
456416,13
456416,14
456416,15
456416,26
456416,27
456416,31
456416,32
456416,34
456416,39
456416,40
456416,41
456416,42
456416,43
456416,44
456615,7
456615,9
456615,10
456615,11
456615,15
456615,29
456615,35
456615,41
456615,50
456615,51
456615,53
456615,56
456615,57
456615,67
456615,68
456615,79
456615,91
456814,9
456814,10
456814,11
456814,12
456814,13
456814,32
456814,33
456814,34
456814,35
456814,36
456814,37
456814,38
456814,39
456814,40
456814,41
456814,42
456814,43
456814,44
456814,60
456814,61
456814,109
457013,10
457013,12
457013,13
457013,14
457013,31
457013,32
457013,33
457013,34
457013,35
457013,36
457013,37
457013,38
457013,39
457013,40
457013,42
457013,43
457212,9
457212,14
457212,32
457212,33
457212,34
457212,35
457212,36
457212,37
457212,38
457212,39
457212,41
457212,42
457212,61
457411,6
457411,7
457411,8
457411,9
457411,11
457411,23
457411,24
457411,33
457411,36
457411,37
457411,39
457411,42
457411,43
457411,57
457411,61
457411,62
457411,63
457411,64
457411,69
457610,14
457610,19
457610,25
457610,26
457610,32
457610,33
457610,34
457610,35
457610,37
457610,38
457610,39
457610,40
457610,41
457610,42
457610,43
457610,44
457610,45
457610,65
457610,66
457610,82
457610,83
457610,93
457610,94
457809,10
457809,34
457809,38
457809,39
457809,40
457809,55
457809,56
457809,84
457809,95
458008,34
458008,35
458008,36
458008,37
458008,39
458008,40
458008,41
458008,42
458008,43
458008,44
458008,54
458008,64
458008,65
458008,109
458207,8
458207,13
458207,20
458207,27
458207,28
458207,29
458207,30
458207,31
458207,32
458207,33
458207,34
458207,35
458207,36
458207,37
458207,61
458207,64
458207,65
458207,76
458207,77
458207,116
458406,21
458406,29
458406,30
458406,31
458406,32
458406,33
458406,34
458406,35
458406,36
458406,37
458406,81
458605,13
458605,14
458605,81
458804,32
458804,33
458804,34
458804,35
458804,36
458804,37
458804,70
458804,80
459003,26
459003,27
459003,32
459003,33
459003,34
459003,35
459003,36
459003,43
459003,45
459003,47
459202,17
459202,32
459202,35
459202,37
459202,42
459202,43
459202,50
459202,51
459202,56
459202,57
459202,67
459202,68
459401,12
459401,13
459401,32
459401,33
459401,34
459401,37
459401,41
459401,42
459401,43
459401,59
459401,66
459401,67
459401,68
459600,4
459600,10
459600,11
459600,12
459600,17
459600,27
459600,28
459600,29
459600,31
459600,32
459600,33
459600,34
459600,35
459600,36
459600,37
459600,38
459600,39
459600,42
459600,43
459600,48
459600,49
459600,75
459600,78
459799,12
459799,15
459799,30
459799,32
459799,33
459799,34
459799,35
459799,36
459799,37
459799,38
459799,39
459799,40
459799,41
459799,42
459799,65
459998,6
459998,7
459998,10
459998,11
459998,23
459998,24
459998,32
459998,33
459998,34
459998,42
459998,43
459998,57
459998,63
459998,64
459998,69
459998,70
460197,14
460197,15
460197,19
460197,26
460197,33
460197,34
460197,37
460197,38
460197,39
460197,40
460197,41
460197,44
460197,65
460197,66
460396,10
460396,11
460396,36
460396,37
460396,38
460396,39
460396,40
460396,41
460396,44
460396,50
460396,96
460595,3
460595,36
460595,37
460595,38
460595,39
460595,40
460595,42
460595,43
460595,44
460595,120
460794,11
460794,13
460794,19
460794,20
460794,30
460794,31
460794,32
460794,33
460794,34
460794,36
460794,37
460794,38
460794,39
460794,41
460794,64
460794,65
460794,76
460794,77
460993,21
460993,22
460993,28
460993,31
460993,32
460993,33
460993,34
460993,36
460993,37
460993,38
460993,39
460993,40
460993,41
460993,53
460993,77
461192,10
461192,11
461192,12
461192,14
461192,15
461192,16
461192,36
461192,37
461192,38
461192,39
461192,102
461192,103
461391,6
461391,7
461391,8
461391,10
461391,13
461391,14
461391,15
461391,34
461391,35
461391,36
461391,37
461391,38
461391,39
461391,40
461391,43
461391,70
461391,75
461391,80
461590,8
461590,9
461590,10
461590,13
461590,14
461590,15
461590,26
461590,27
461590,32
461590,33
461590,34
461590,35
461590,36
461590,39
461590,40
461590,41
461590,43
461590,44
461590,46
461590,47
461789,4
461789,35
461789,36
461789,37
461789,38
461789,39
461789,40
461789,41
461789,44
461789,47
461789,51
461789,53
461789,56
461789,57
461789,68
461988,13
461988,31
461988,32
461988,33
461988,34
461988,35
461988,36
461988,37
461988,38
461988,39
461988,40
461988,41
461988,44
461988,45
461988,47
461988,67
461988,68
461988,71
461988,87
461988,109
462187,4
462187,7
462187,8
462187,10
462187,11
462187,13
462187,14
462187,15
462187,16
462187,31
462187,32
462187,33
462187,34
462187,35
462187,36
462187,37
462187,38
462187,39
462187,40
462187,41
462187,42
462187,43
462187,44
462187,49
462187,111
462386,32
462386,33
462386,34
462386,35
462386,36
462386,37
462386,38
462386,39
462386,40
462386,41
462386,42
462386,105
462585,6
462585,7
462585,11
462585,14
462585,15
462585,23
462585,24
462585,29
462585,32
462585,33
462585,34
462585,36
462585,37
462585,38
462585,39
462585,40
462585,52
462585,53
462585,63
462585,64
462585,66
462585,67
462585,69
462585,70
462784,1
462784,11
462784,12
462784,13
462784,14
462784,15
462784,26
462784,28
462784,29
462784,33
462784,34
462784,35
462784,36
462784,37
462784,38
462784,39
462784,40
462784,41
462784,45
462784,62
462784,65
462784,66
462784,106
462983,8
462983,9
462983,10
462983,11
462983,35
462983,36
462983,37
462983,38
462983,39
462983,40
462983,41
462983,42
462983,43
462983,46
462983,69
462983,70
462983,71
463182,32
463182,33
463182,34
463182,35
463182,36
463182,39
463182,40
463182,41
463182,42
463182,69
463182,103
463182,104
463182,108
463182,109
463182,120
463381,10
463381,11
463381,12
463381,13
463381,14
463381,19
463381,20
463381,30
463381,31
463381,32
463381,33
463381,34
463381,35
463381,36
463381,37
463381,38
463381,39
463381,60
463381,76
463381,77
463381,117
463580,21
463580,22
463580,32
463580,33
463580,34
463580,35
463580,36
463580,37
463580,38
463580,45
463580,46
463580,47
463580,89
463580,90
463580,101
463779,0
463779,1
463779,8
463779,9
463779,13
463779,14
463779,15
463779,29
463779,30
463779,32
463779,33
463779,34
463779,35
463779,36
463779,37
463779,38
463779,39
463779,40
463779,62
463779,63
463779,92
463978,9
463978,32
463978,33
463978,34
463978,35
463978,36
463978,37
463978,38
463978,39
463978,40
463978,70
464177,10
464177,26
464177,27
464177,28
464177,29
464177,32
464177,33
464177,34
464177,35
464177,36
464177,37
464177,40
464177,43
464177,44
464376,6
464376,9
464376,10
464376,13
464376,15
464376,32
464376,33
464376,36
464376,37
464376,38
464376,39
464376,41
464376,42
464376,43
464376,44
464376,51
464376,52
464376,57
464376,68
464376,69
464376,113
464376,114
464575,13
464575,14
464575,31
464575,32
464575,33
464575,34
464575,36
464575,37
464575,38
464575,39
464575,40
464575,41
464575,62
464774,4
464774,27
464774,29
464774,30
464774,31
464774,32
464774,34
464774,35
464774,36
464774,37
464774,38
464774,39
464774,40
464774,41
464774,42
464774,43
464774,44
464774,49
464774,77
464774,78
464973,8
464973,9
464973,11
464973,12
464973,13
464973,26
464973,31
464973,32
464973,33
464973,34
464973,35
464973,38
464973,39
464973,40
464973,41
464973,42
464973,43
464973,44
464973,63
464973,102
465172,7
465172,8
465172,9
465172,10
465172,11
465172,14
465172,15
465172,24
465172,25
465172,31
465172,32
465172,33
465172,34
465172,36
465172,37
465172,38
465172,39
465172,40
465172,44
465172,45
465172,46
465172,52
465172,53
465172,58
465172,59
465172,63
465172,64
465172,69
465172,70
465172,109
465172,110
465172,120
465371,10
465371,12
465371,13
465371,14
465371,15
465371,17
465371,19
465371,22
465371,23
465371,24
465371,26
465371,33
465371,34
465371,35
465371,36
465371,37
465371,38
465371,39
465371,40
465371,64
465371,65
465371,66
465371,71
465371,82
465371,83
465570,10
465570,11
465570,32
465570,35
465570,36
465570,37
465570,38
465570,39
465570,40
465570,41
465570,42
465570,54
465769,21
465769,32
465769,33
465769,34
465769,37
465769,38
465769,39
465769,42
465769,69
465769,70
465769,109
465769,121
465968,11
465968,12
465968,13
465968,19
465968,20
465968,31
465968,32
465968,36
465968,37
465968,38
465968,39
465968,40
465968,41
465968,46
465968,47
465968,76
465968,77
465968,116
466167,8
466167,9
466167,13
466167,15
466167,21
466167,22
466167,32
466167,33
466167,63
466167,64
466167,65
466167,66
466167,68
466167,69
466167,70
466167,89
466167,90
466366,9
466366,11
466366,32
466366,33
466366,34
466366,35
466366,36
466366,37
466366,38
466366,42
466366,43
466366,64
466366,65
466366,66
466366,67
466366,68
466366,70
466366,71
466366,72
466366,91
466565,7
466565,37
466565,40
466565,71
466565,72
466565,80
466764,26
466764,27
466764,32
466764,33
466764,34
466764,35
466764,36
466764,37
466764,40
466764,43
466764,44
466764,46
466764,47
466764,123
466963,32
466963,33
466963,36
466963,37
466963,38
466963,39
466963,51
466963,52
466963,57
466963,58
466963,68
466963,69
466963,96
466963,108
466963,114
467162,9
467162,10
467162,11
467162,12
467162,13
467162,14
467162,15
467162,32
467162,33
467162,34
467162,35
467162,59
467361,4
467361,6
467361,7
467361,8
467361,11
467361,12
467361,13
467361,14
467361,17
467361,27
467361,32
467361,33
467361,34
467361,35
467361,36
467361,37
467361,38
467361,39
467361,40
467361,41
467361,42
467361,43
467361,44
467361,77
467560,7
467560,8
467560,9
467560,10
467560,12
467560,13
467560,14
467560,15
467560,32
467560,33
467560,34
467560,35
467560,36
467560,37
467560,38
467560,39
467560,40
467560,41
467560,63
467759,7
467759,8
467759,9
467759,10
467759,11
467759,12
467759,13
467759,24
467759,25
467759,32
467759,33
467759,34
467759,35
467759,36
467759,37
467759,38
467759,39
467759,40
467759,41
467759,42
467759,43
467759,64
467759,65
467759,69
467759,70
467759,80
467958,12
467958,14
467958,15
467958,26
467958,27
467958,33
467958,34
467958,35
467958,36
467958,39
467958,40
467958,65
467958,66
467958,94
467958,95
467958,111
468157,8
468157,10
468157,11
468157,29
468157,30
468157,31
468157,32
468157,34
468157,35
468157,36
468157,37
468157,39
468157,40
468157,41
468157,57
468157,96
468157,97
468356,8
468356,32
468356,33
468356,34
468356,35
468356,36
468356,38
468356,39
468356,40
468356,42
468356,43
468356,69
468356,79
468356,120
468356,121
468555,20
468555,29
468555,30
468555,31
468555,32
468555,33
468555,37
468555,38
468555,44
468555,45
468555,60
468555,76
468555,77
468555,116
468754,16
468754,21
468754,22
468754,25
468754,32
468754,33
468754,34
468754,35
468754,36
468754,37
468754,40
468754,41
468754,101
468953,10
468953,32
468953,33
468953,36
468953,37
468953,38
468953,39
468953,40
468953,103
468953,104
469152,12
469152,14
469152,15
469152,16
469152,28
469152,29
469152,30
469152,33
469152,34
469152,35
469152,36
469152,37
469152,38
469152,39
469152,40
469152,41
469152,71
469152,117
469351,27
469351,28
469351,29
469351,30
469351,31
469351,32
469351,33
469351,34
469351,35
469351,36
469351,37
469351,40
469351,44
469351,45
469550,32
469550,33
469550,51
469550,52
469550,57
469550,58
469550,68
469550,69
469550,79
469550,108
469550,114
469550,115
469749,10
469749,13
469749,14
469749,33
469749,34
469749,35
469749,36
469749,37
469749,38
469749,39
469749,40
469749,42
469749,43
469749,44
469749,61
469749,62
469749,87
469749,88
469948,4
469948,26
469948,27
469948,28
469948,29
469948,30
469948,31
469948,32
469948,33
469948,34
469948,35
469948,36
469948,37
469948,38
469948,39
469948,40
469948,41
469948,42
469948,43
469948,44
469948,66
469948,67
469948,68
469948,82
470147,7
470147,8
470147,10
470147,15
470147,32
470147,33
470147,36
470147,38
470147,39
470147,40
470147,102
470147,103
470346,4
470346,7
470346,8
470346,12
470346,15
470346,16
470346,17
470346,24
470346,25
470346,32
470346,33
470346,34
470346,37
470346,38
470346,39
470346,40
470346,52
470346,53
470346,58
470346,59
470346,64
470346,65
470346,70
470346,75
470346,110
470545,11
470545,14
470545,15
470545,26
470545,27
470545,33
470545,34
470545,35
470545,36
470545,37
470545,38
470545,39
470545,40
470545,41
470545,42
470545,66
470545,67
470744,9
470744,11
470744,12
470744,13
470744,16
470744,32
470744,34
470744,35
470744,36
470744,37
470744,38
470744,39
470744,40
470744,56
470744,57
470943,11
470943,14
470943,15
470943,16
470943,17
470943,33
470943,34
470943,37
470943,38
470943,39
470943,40
470943,44
470943,45
470943,46
470943,104
471142,17
471142,20
471142,21
471142,31
471142,32
471142,34
471142,35
471142,36
471142,37
471142,38
471142,39
471142,40
471142,41
471142,42
471142,44
471142,66
471142,77
471142,78
471142,80
471341,1
471341,10
471341,11
471341,22
471341,32
471341,33
471341,34
471341,35
471341,36
471341,37
471341,38
471341,41
471341,42
471341,73
471540,13
471540,14
471540,31
471540,32
471540,33
471540,34
471540,35
471540,36
471540,37
471540,38
471540,39
471540,40
471540,41
471540,92
471739,4
471739,26
471739,32
471739,33
471739,34
471739,35
471739,37
471739,38
471739,39
471739,40
471739,41
471739,77
471938,27
471938,28
471938,31
471938,32
471938,33
471938,34
471938,35
471938,36
471938,37
471938,39
471938,41
471938,42
471938,43
471938,44
471938,45
472137,33
472137,36
472137,37
472137,38
472137,39
472137,42
472137,43
472137,51
472137,52
472137,57
472137,58
472137,68
472137,69
472336,8
472336,13
472336,14
472336,32
472336,33
472336,34
472336,35
472336,36
472336,37
472336,38
472336,39
472336,40
472336,41
472336,46
472336,60
472535,4
472535,5
472535,27
472535,28
472535,29
472535,30
472535,31
472535,32
472535,33
472535,34
472535,35
472535,36
472535,37
472535,38
472535,39
472535,40
472535,43
472535,44
472734,2
472734,27
472734,32
472734,33
472734,34
472734,35
472734,36
472734,37
472734,38
472734,39
472734,40
472734,42
472734,43
472734,102
472933,7
472933,8
472933,9
472933,10
472933,11
472933,24
472933,25
472933,32
472933,33
472933,36
472933,37
472933,38
472933,39
472933,40
472933,64
472933,65
472933,70
472933,71
472933,81
472933,110
472933,122
473132,15
473132,16
473132,27
473132,28
473132,31
473132,34
473132,35
473132,36
473132,37
473132,38
473132,39
473132,40
473132,41
473132,42
473132,43
473132,66
473132,67
473132,79
473132,83
473132,94
473132,95
473331,11
473331,12
473331,32
473331,35
473331,36
473331,37
473331,38
473331,39
473331,40
473331,41
473331,42
473331,61
473331,62
473331,85
473530,4
473530,32
473530,33
473530,34
473530,36
473530,37
473530,38
473530,39
473530,40
473530,69
473530,70
473530,71
473729,20
473729,21
473729,31
473729,32
473729,33
473729,34
473729,35
473729,36
473729,37
473729,38
473729,39
473729,40
473729,61
473729,77
473729,78
473729,117
473928,22
473928,23
473928,32
473928,33
473928,34
473928,35
473928,36
473928,37
473928,38
473928,39
473928,40
473928,41
473928,42
473928,43
473928,44
473928,73
473928,74
473928,101
474127,31
474127,32
474127,33
474127,34
474127,35
474127,36
474127,37
474127,38
474127,39
474127,40
474127,41
474127,43
474127,103
474326,32
474326,33
474326,34
474326,35
474326,36
474326,37
474326,38
474326,39
474326,40
474326,41
474525,8
474525,27
474525,28
474525,32
474525,33
474525,34
474525,35
474525,36
474525,37
474525,38
474525,39
474525,40
474525,41
474525,43
474525,44
474525,45
474525,67
474525,68
474724,30
474724,31
474724,32
474724,33
474724,34
474724,36
474724,37
474724,38
474724,39
474724,52
474724,57
474724,58
474724,69
474724,114
474724,115
474923,13
474923,14
474923,32
474923,33
474923,34
474923,35
474923,36
474923,37
474923,38
474923,39
474923,40
474923,60
474923,72
474923,73
474923,74
474923,87
474923,88
475122,4
475122,5
475122,31
475122,32
475122,33
475122,34
475122,35
475122,36
475122,37
475122,38
475122,39
475122,40
475122,41
475122,42
475122,43
475122,44
475122,45
475122,49
475122,50
475122,79
475321,27
475321,31
475321,32
475321,35
475321,36
475321,37
475321,38
475321,39
475321,40
475321,41
475321,42
475321,43
475321,62
475321,103
475321,105
475321,106
475520,7
475520,8
475520,24
475520,25
475520,29
475520,30
475520,32
475520,33
475520,34
475520,35
475520,38
475520,44
475520,54
475520,64
475520,65
475520,67
475520,70
475520,71
475719,15
475719,16
475719,26
475719,27
475719,29
475719,30
475719,31
475719,34
475719,35
475719,36
475719,37
475719,38
475719,39
475719,40
475719,41
475719,55
475719,57
475719,58
475719,66
475719,67
475719,83
475719,94
475719,95
475918,11
475918,12
475918,28
475918,31
475918,32
475918,33
475918,34
475918,35
475918,36
475918,37
475918,38
475918,39
475918,40
475918,51
475918,52
475918,56
475918,57
475918,86
475918,96
476117,32
476117,33
476117,34
476117,35
476117,36
476117,37
476117,40
476117,78
476117,110
476117,124
476316,20
476316,21
476316,25
476316,31
476316,32
476316,33
476316,34
476316,35
476316,36
476316,37
476316,38
476316,39
476316,40
476316,41
476316,60
476316,61
476316,77
476316,78
476316,95
476316,117
476515,12
476515,13
476515,14
476515,22
476515,23
476515,28
476515,32
476515,33
476515,34
476515,35
476515,36
476515,37
476515,38
476515,39
476515,47
476515,48
476515,59
476515,61
476515,84
476714,1
476714,2
476714,8
476714,9
476714,10
476714,32
476714,36
476714,37
476714,38
476714,39
476714,40
476714,41
476913,3
476913,33
476913,34
476913,35
476913,37
476913,38
476913,39
476913,64
476913,71
476913,72
477112,17
477112,18
477112,27
477112,28
477112,32
477112,33
477112,34
477112,35
477112,36
477112,37
477112,38
477112,44
477112,45
477311,32
477311,33
477311,34
477311,36
477311,37
477311,38
477311,39
477311,44
477311,45
477311,52
477311,53
477311,58
477311,69
477311,70
477510,11
477510,12
477510,14
477510,15
477510,32
477510,34
477510,35
477510,36
477510,37
477709,4
477709,5
477709,25
477709,32
477709,33
477709,34
477709,35
477709,36
477709,37
477709,38
477709,40
477709,44
477709,45
477709,70
477709,78
477709,79
477908,14
477908,25
477908,27
477908,40
477908,41
477908,43
477908,44
477908,45
477908,63
477908,64
478107,8
478107,10
478107,11
478107,15
478107,25
478107,26
478107,30
478107,31
478107,32
478107,33
478107,36
478107,37
478107,64
478107,65
478107,70
478107,71
478107,110
478107,111
478306,15
478306,16
478306,20
478306,26
478306,27
478306,34
478306,35
478306,36
478306,38
478306,40
478306,41
478306,42
478306,66
478306,67
478306,83
478306,84
478306,95
478505,11
478505,12
478505,30
478505,31
478505,32
478505,33
478505,34
478505,35
478505,36
478505,37
478505,38
478505,39
478505,40
478505,41
478505,42
478505,43
478505,85
478505,96
478505,97
478704,32
478704,33
478704,34
478704,35
478704,36
478704,37
478704,38
478704,39
478704,121
478704,122
478903,10
478903,20
478903,21
478903,32
478903,33
478903,36
478903,37
478903,38
478903,39
478903,40
478903,41
478903,77
478903,78
479102,1
479102,5
479102,16
479102,17
479102,22
479102,23
479102,29
479102,32
479102,33
479102,34
479102,35
479102,36
479102,37
479102,38
479102,39
479102,40
479102,41
479102,42
479102,43
479102,44
479102,45
479102,46
479102,58
479102,59
479102,60
479102,62
479102,63
479102,64
479102,65
479102,66
479102,67
479102,68
479102,69
479102,70
479102,71
479102,72
479102,73
479102,76
479102,90
479102,102
479301,2
479301,8
479301,32
479301,33
479301,34
479301,37
479301,38
479301,40
479301,46
479301,92
479500,7
479500,37
479500,38
479500,45
479500,46
479500,47
479699,27
479699,28
479699,30
479699,31
479699,32
479699,33
479699,34
479699,35
479699,36
479699,37
479699,39
479699,44
479699,45
479898,2
479898,8
479898,33
479898,34
479898,37
479898,38
479898,39
479898,40
479898,52
479898,53
479898,58
479898,59
479898,69
479898,70
479898,115
480097,14
480097,15
480097,16
480097,19
480097,29
480097,30
480097,32
480097,33
480097,34
480097,35
480097,36
480097,37
480097,71
480097,88
480097,89
480097,111
480296,6
480296,8
480296,13
480296,20
480296,33
480296,34
480296,36
480296,37
480296,39
480296,40
480296,44
480296,45
480296,50
480495,36
480495,37
480495,38
480495,39
480495,40
480495,41
480495,42
480495,43
480495,44
480495,66
480495,67
480495,68
480694,8
480694,9
480694,25
480694,26
480694,27
480694,30
480694,31
480694,32
480694,33
480694,34
480694,35
480694,37
480694,38
480694,39
480694,40
480694,41
480694,65
480694,66
480694,70
480694,71
480893,15
480893,16
480893,17
480893,18
480893,27
480893,28
480893,40
480893,41
480893,42
480893,66
480893,67
481092,11
481092,12
481092,33
481092,36
481092,38
481092,39
481092,40
481092,41
481092,42
481092,57
481291,17
481291,26
481291,32
481291,33
481291,34
481291,35
481291,36
481291,37
481291,38
481291,39
481291,40
481291,41
481291,72
481490,8
481490,11
481490,21
481490,32
481490,33
481490,34
481490,37
481490,38
481490,39
481490,40
481490,41
481490,42
481490,64
481490,77
481490,78
481689,2
481689,10
481689,13
481689,17
481689,18
481689,22
481689,23
481689,30
481689,31
481689,32
481689,33
481689,34
481689,35
481689,36
481689,37
481689,38
481689,39
481689,40
481689,41
481689,42
481689,61
481689,63
481888,8
481888,32
481888,33
481888,34
481888,35
481888,36
481888,37
481888,38
481888,39
481888,40
481888,41
481888,77
481888,78
482087,12
482087,28
482087,29
482087,31
482087,33
482087,34
482087,35
482087,36
482087,37
482087,38
482087,39
482087,40
482087,41
482087,42
482286,13
482286,27
482286,28
482286,29
482286,31
482286,32
482286,33
482286,34
482286,35
482286,36
482286,37
482286,38
482286,41
482485,2
482485,7
482485,8
482485,9
482485,14
482485,28
482485,29
482485,30
482485,32
482485,33
482485,37
482485,38
482485,39
482485,40
482485,41
482485,42
482485,52
482485,53
482485,58
482485,59
482485,65
482485,66
482485,67
482485,69
482485,70
482684,14
482684,15
482684,34
482684,35
482684,36
482684,39
482684,40
482684,60
482684,62
482684,63
482883,4
482883,5
482883,7
482883,13
482883,33
482883,34
482883,40
482883,44
482883,45
483082,2
483082,10
483082,11
483082,27
483082,40
483082,41
483082,44
483082,45
483082,60
483082,86
483082,87
483082,97
483082,98
483281,7
483281,8
483281,9
483281,11
483281,24
483281,25
483281,26
483281,30
483281,34
484475,24
484475,27
484475,47
484475,59
484475,83
484475,94
484475,100
484873,9
484873,12
484873,17
484873,37
484873,45
484873,46
484873,54
484873,80
484873,81
484873,85
484873,89
484873,95
484873,98
484873,110
484873,112
484873,114
484873,118
484873,124
485072,7
485072,8
485072,10
485072,20
485072,23
485072,24
485072,37
485072,53
485072,56
485072,59
485072,60
485072,61
485072,66
485072,68
485072,71
485072,72
485072,73
485072,115
485072,118
485271,2
485271,18
485271,23
485271,34
485271,36
485271,43
485271,48
485271,57
485271,58
485271,60
485271,63
485271,67
485271,105
485271,106
485271,120
485271,122
485470,2
485470,5
485470,6
485470,16
485470,36
485470,43
485470,44
485470,53
485470,67
485470,69
485470,78
485470,84
485470,86
485669,9
485669,10
485669,11
485669,14
485669,15
485669,16
485669,31
485669,32
485669,33
485669,35
485669,36
485669,37
485669,38
485669,39
485669,41
485669,42
485868,8
485868,9
485868,10
485868,12
485868,13
485868,14
485868,25
485868,26
485868,33
485868,34
485868,35
485868,36
485868,37
485868,38
485868,39
485868,42
485868,45
485868,59
485868,60
485868,61
485868,65
485868,66
485868,71
485868,72
486067,9
486067,11
486067,12
486067,16
486067,17
486067,26
486067,27
486067,28
486067,33
486067,34
486067,35
486067,37
486067,42
486067,43
486067,67
486067,68
486067,98
486266,8
486266,9
486266,10
486266,11
486266,12
486266,13
486266,14
486266,15
486266,32
486266,34
486266,35
486266,38
486266,39
486266,40
486266,54
486266,62
486266,63
486266,64
486266,67
486465,32
486465,33
486465,34
486465,36
486465,37
486465,38
486465,39
486465,41
486664,8
486664,9
486664,12
486664,13
486664,14
486664,15
486664,20
486664,21
486664,22
486664,32
486664,33
486664,34
486664,36
486664,37
486664,38
486664,39
486664,40
486664,41
486664,42
486664,43
486664,69
486664,78
486863,5
486863,14
486863,16
486863,17
486863,18
486863,23
486863,24
486863,25
486863,26
486863,27
486863,33
486863,34
486863,35
486863,36
486863,40
486863,41
486863,42
486863,63
487062,6
487062,12
487062,13
487062,14
487062,26
487062,27
487062,28
487062,29
487062,30
487062,31
487062,32
487062,33
487062,34
487062,38
487062,40
487062,41
487062,43
487062,44
487062,60
487062,61
487062,62
487062,68
487062,69
487062,104
487062,105
487261,11
487261,25
487261,26
487261,34
487261,35
487261,36
487261,37
487261,38
487261,39
487261,40
487261,41
487261,46
487261,47
487261,49
487261,59
487460,10
487460,28
487460,29
487460,30
487460,31
487460,32
487460,33
487460,34
487460,35
487460,36
487460,37
487460,38
487460,41
487460,42
487460,43
487460,44
487460,45
487460,46
487460,47
487460,64
487460,65
487460,67
487460,68
487460,75
487659,2
487659,10
487659,14
487659,15
487659,18
487659,20
487659,21
487659,22
487659,23
487659,24
487659,32
487659,33
487659,34
487659,35
487659,36
487659,37
487659,38
487659,39
487659,40
487659,41
487659,53
487659,58
487659,59
487659,70
487659,72
487659,73
487858,14
487858,15
487858,31
487858,32
487858,33
487858,34
487858,35
487858,36
487858,37
487858,38
487858,39
487858,41
487858,42
487858,60
487858,61
487858,88
487858,89
488057,5
488057,6
488057,28
488057,29
488057,30
488057,31
488057,32
488057,33
488057,34
488057,35
488057,36
488057,37
488057,38
488057,39
488057,40
488057,41
488057,42
488057,43
488057,44
488057,45
488057,46
488057,50
488057,51
488057,69
488256,1
488256,2
488256,4
488256,8
488256,27
488256,28
488256,29
488256,30
488256,31
488256,32
488256,33
488256,34
488256,35
488256,36
488256,37
488256,38
488256,39
488256,41
488256,42
488256,43
488256,44
488256,45
488256,79
488256,103
488455,8
488455,9
488455,25
488455,26
488455,32
488455,33
488455,34
488455,35
488455,36
488455,37
488455,38
488455,39
488455,40
488455,41
488455,42
488455,65
488455,66
488455,71
488455,72
488654,16
488654,17
488654,27
488654,28
488654,30
488654,31
488654,34
488654,35
488654,36
488654,37
488654,38
488654,39
488654,40
488654,41
488654,58
488654,67
488654,68
488654,78
488654,79
488654,107
488853,12
488853,13
488853,27
488853,28
488853,29
488853,30
488853,35
488853,36
488853,38
488853,40
488853,42
488853,43
488853,87
489052,32
489052,33
489052,34
489052,35
489052,36
489052,37
489052,38
489052,71
489052,81
489052,123
489052,125
489251,21
489251,22
489251,26
489251,27
489251,28
489251,30
489251,31
489251,32
489251,33
489251,34
489251,35
489251,36
489251,37
489251,38
489251,39
489251,40
489251,41
489251,61
489251,62
489251,106
489251,118
489251,119
489450,11
489450,23
489450,24
489450,32
489450,33
489450,34
489450,35
489450,38
489450,39
489450,42
489450,44
489450,47
489450,48
489450,49
489649,3
489649,7
489649,8
489649,9
489649,10
489649,11
489649,16
489649,27
489649,28
489649,29
489649,30
489649,31
489649,32
489649,33
489649,34
489649,35
489649,42
489649,43
489649,44
489649,45
489848,12
489848,13
489848,17
489848,26
489848,27
489848,28
489848,29
489848,30
489848,31
489848,32
489848,33
489848,34
489848,35
489848,36
489848,37
489848,38
489848,39
489848,40
489848,41
489848,42
489848,43
489848,44
489848,45
489848,46
489848,47
489848,73
490047,8
490047,9
490047,10
490047,11
490047,14
490047,15
490047,16
490047,26
490047,27
490047,28
490047,29
490047,30
490047,31
490047,32
490047,33
490047,34
490047,35
490047,37
490047,38
490047,39
490047,40
490047,41
490047,42
490246,2
490246,8
490246,11
490246,14
490246,16
490246,21
490246,22
490246,28
490246,29
490246,30
490246,31
490246,32
490246,33
490246,34
490246,35
490246,36
490246,37
490246,38
490246,40
490246,53
490246,54
490246,58
490246,59
490246,61
490246,62
490246,63
490246,64
490246,65
490246,66
490246,67
490246,68
490246,70
490246,71
490445,9
490445,10
490445,11
490445,12
490445,13
490445,14
490445,15
490445,16
490445,17
490445,28
490445,32
490445,33
490445,34
490445,35
490445,37
490445,38
490445,39
490445,40
490445,41
490445,42
490445,43
490445,46
490445,53
490445,61
490445,64
490445,67
490445,68
490445,69
490445,79
490445,114
490644,4
490644,5
490644,6
490644,7
490644,8
490644,9
490644,12
490644,15
490644,16
490644,17
490644,26
490644,27
490644,28
490644,29
490644,30
490644,31
490644,32
490644,33
490644,34
490644,40
490644,41
490644,44
490644,45
490644,46
490644,47
490644,57
490644,58
490644,59
490644,71
490644,114
490843,1
490843,12
490843,15
490843,16
490843,26
490843,37
490843,40
490843,41
490843,42
490843,43
490843,44
490843,45
490843,58
490843,60
490843,62
491042,6
491042,7
491042,8
491042,9
491042,11
491042,12
491042,13
491042,26
491042,27
491042,58
491042,60
491042,65
491042,66
491042,67
491042,68
491042,71
491042,72
491241,8
491241,9
491241,12
491241,13
491241,14
491241,16
491241,17
491241,25
491241,27
491241,28
491241,66
491241,67
491241,68
491241,80
491241,96
491440,11
491440,12
491440,13
491440,14
491440,29
491440,33
491440,34
491440,35
491440,36
491440,37
491440,38
491440,39
491440,40
491440,41
491440,42
491440,44
491440,45
491440,52
491440,59
491440,98
491639,10
491639,11
491639,12
491639,27
491639,28
491639,33
491639,35
491639,36
491639,37
491639,38
491639,39
491639,46
491639,47
491639,64
491639,123
491838,10
491838,21
491838,22
491838,26
491838,29
491838,30
491838,31
491838,32
491838,33
491838,34
491838,35
491838,36
491838,37
491838,38
491838,39
491838,40
491838,41
491838,42
491838,44
491838,47
491838,48
491838,78
491838,96
492037,1
492037,8
492037,9
492037,10
492037,11
492037,14
492037,15
492037,16
492037,23
492037,24
492037,27
492037,28
492037,29
492037,30
492037,32
492037,34
492037,35
492037,47
492037,54
492037,57
492037,59
492037,63
492037,64
492037,66
492037,67
492037,71
492236,2
492236,4
492236,8
492236,9
492236,10
492236,12
492236,13
492236,14
492236,15
492236,17
492236,26
492236,31
492236,33
492236,36
492236,37
492236,38
492236,39
492236,40
492236,41
492236,42
492236,43
492236,44
492236,45
492236,61
492236,65
492435,8
492435,12
492435,17
492435,18
492435,19
492435,20
492435,36
492435,37
492435,38
492435,39
492435,40
492435,44
492435,45
492435,46
492435,106
492435,107
492634,9
492634,10
492634,13
492634,14
492634,15
492634,28
492634,29
492634,30
492634,31
492634,32
492634,33
492634,34
492634,35
492634,36
492634,37
492634,38
492634,39
492634,40
492634,42
492833,2
492833,3
492833,7
492833,8
492833,14
492833,22
492833,23
492833,32
492833,33
492833,34
492833,35
492833,36
492833,37
492833,38
492833,39
492833,40
492833,41
492833,42
492833,43
492833,53
492833,54
492833,58
492833,59
492833,60
492833,70
492833,71
493032,1
493032,8
493032,9
493032,10
493032,11
493032,14
493032,15
493032,16
493032,26
493032,27
493032,29
493032,30
493032,33
493032,36
493032,38
493032,41
493032,50
493032,51
493032,52
493032,53
493032,60
493032,61
493032,65
493032,66
493032,67
493032,81
493231,5
493231,6
493231,8
493231,9
493231,11
493231,13
493231,18
493231,28
493231,34
493231,35
493231,37
493231,38
493231,39
493231,40
493231,41
493231,45
493231,46
493430,2
493430,9
493430,12
493430,13
493430,14
493430,15
493430,16
493430,17
493430,33
493430,41
493430,42
493629,9
493629,10
493629,14
493629,15
493629,16
493629,26
493629,27
493629,31
493629,32
493629,33
493629,34
493629,35
493629,36
493629,39
493629,40
493629,41
493629,42
493629,60
493629,61
493629,64
493629,66
493629,67
493629,71
493629,72
493828,8
493828,11
493828,16
493828,17
493828,25
493828,27
493828,28
493828,29
493828,30
493828,32
493828,34
493828,39
493828,40
493828,44
493828,45
493828,67
493828,68
494027,12
494027,13
494027,25
494027,31
494027,35
494027,36
494027,37
494027,38
494027,39
494027,40
494027,41
494027,58
494027,59
494027,60
494226,27
494226,28
494226,29
494226,30
494226,31
494226,32
494226,33
494226,34
494226,35
494226,36
494226,37
494226,38
494226,39
494226,40
494226,41
494226,42
494226,44
494226,45
494226,48
494226,56
494226,57
494226,61
494226,63
494425,22
494425,25
494425,29
494425,30
494425,33
494425,35
494425,39
494425,40
494425,60
494425,62
494425,63
494425,78
494425,79
494425,95
494425,96
494624,8
494624,11
494624,12
494624,13
494624,23
494624,24
494624,27
494624,29
494624,30
494624,31
494624,32
494624,33
494624,34
494624,35
494624,36
494624,37
494624,38
494624,42
494624,43
494624,44
494624,45
494624,47
494624,63
494624,64
494624,69
494624,70
494624,71
494624,120
494624,121
494823,8
494823,9
494823,21
494823,25
494823,26
494823,27
494823,28
494823,29
494823,30
494823,31
494823,32
494823,33
494823,34
494823,35
494823,39
494823,106
495022,13
495022,14
495022,26
495022,27
495022,30
495022,31
495022,32
495022,33
495022,34
495022,35
495022,36
495022,37
495022,38
495022,39
495022,41
495022,42
495022,43
495022,44
495022,45
495022,46
495022,47
495022,48
495022,60
495022,71
495221,3
495221,26
495221,27
495221,28
495221,29
495221,30
495221,31
495221,32
495221,33
495221,34
495221,35
495221,38
495221,39
495221,43
495221,44
495221,45
495221,64
495221,103
495221,114
495420,2
495420,3
495420,27
495420,28
495420,30
495420,31
495420,32
495420,33
495420,34
495420,35
495420,36
495420,37
495420,38
495420,39
495420,40
495420,41
495420,42
495420,44
495420,45
495420,46
495420,53
495420,54
495420,59
495420,60
495420,70
495420,71
495619,9
495619,15
495619,16
495619,25
495619,27
495619,28
495619,29
495619,30
495619,31
495619,32
495619,33
495619,34
495619,35
495619,36
495619,37
495619,38
495619,39
495619,40
495619,42
495619,43
495619,44
495619,45
495619,46
495619,47
495619,48
495619,61
495619,63
495619,64
495619,106
495818,2
495818,5
495818,6
495818,9
495818,10
495818,27
495818,28
495818,29
495818,30
495818,31
495818,33
495818,34
495818,35
495818,36
495818,37
495818,38
495818,39
495818,40
495818,42
495818,43
495818,44
495818,45
495818,46
495818,47
495818,48
495818,55
495818,80
496017,8
496017,9
496017,10
496017,12
496017,13
496017,28
496017,29
496017,30
496017,31
496017,32
496017,33
496017,34
496017,35
496017,36
496017,37
496017,38
496017,39
496017,40
496017,41
496017,42
496017,50
496017,60
496017,98
496017,99
496216,8
496216,9
496216,10
496216,13
496216,15
496216,16
496216,26
496216,27
496216,31
496216,33
496216,34
496216,35
496216,36
496216,37
496216,38
496216,39
496216,40
496216,41
496216,42
496216,66
496216,67
496216,72
496415,2
496415,3
496415,10
496415,13
496415,16
496415,17
496415,28
496415,29
496415,30
496415,31
496415,32
496415,33
496415,34
496415,35
496415,36
496415,37
496415,38
496415,39
496415,40
496415,41
496415,42
496415,43
496415,61
496415,68
496415,69
496415,85
496415,107
496415,108
496614,11
496614,13
496614,14
496614,16
496614,26
496614,27
496614,28
496614,29
496614,31
496614,32
496614,33
496614,34
496614,35
496614,36
496614,37
496614,38
496614,39
496614,52
496614,53
496614,58
496813,10
496813,11
496813,12
496813,16
496813,27
496813,28
496813,29
496813,30
496813,31
496813,32
496813,34
496813,35
496813,36
496813,37
496813,38
496813,39
496813,40
496813,41
496813,42
496813,43
496813,44
496813,45
496813,46
496813,47
496813,48
496813,122
496813,123
497012,9
497012,15
497012,22
497012,23
497012,25
497012,26
497012,27
497012,28
497012,29
497012,30
497012,31
497012,32
497012,33
497012,34
497012,35
497012,36
497012,37
497012,38
497012,39
497012,40
497012,42
497012,43
497012,44
497012,45
497012,46
497012,47
497012,48
497012,79
497012,80
497012,96
497211,23
497211,24
497211,25
497211,26
497211,27
497211,29
497211,30
497211,31
497211,32
497211,33
497211,34
497211,35
497211,36
497211,38
497211,39
497211,40
497211,41
497211,42
497211,43
497211,44
497211,45
497211,46
497211,47
497211,48
497211,63
497211,64
497211,70
497211,80
497211,121
497410,3
497410,8
497410,9
497410,10
497410,11
497410,13
497410,15
497410,25
497410,26
497410,28
497410,29
497410,30
497410,31
497410,32
497410,33
497410,34
497410,35
497410,36
497410,38
497410,39
497410,40
497410,41
497410,42
497410,43
497410,44
497410,45
497410,46
497410,47
497410,48
497410,66
497609,10
497609,11
497609,12
497609,13
497609,14
497609,15
497609,29
497609,30
497609,31
497609,32
497609,33
497609,35
497609,38
497609,39
497609,40
497609,41
497609,42
497609,43
497609,47
497609,110
497808,11
497808,14
497808,15
497808,23
497808,24
497808,27
497808,28
497808,29
497808,30
497808,32
497808,33
497808,34
497808,35
497808,45
497808,46
497808,47
497808,75
498007,2
498007,3
498007,19
498007,27
498007,28
498007,29
498007,30
498007,31
498007,32
498007,44
498007,45
498007,46
498007,53
498007,54
498007,59
498007,60
498007,64
498007,65
498007,66
498007,70
498007,71
498206,10
498206,12
498206,14
498206,15
498206,16
498206,25
498206,26
498206,27
498206,28
498206,29
498206,30
498206,31
498206,32
498206,33
498206,34
498206,35
498206,36
498206,37
498206,38
498206,39
498206,40
498206,41
498206,42
498206,43
498206,44
498206,45
498206,46
498206,47
498206,48
498206,61
498206,62
498206,72
498206,74
498405,6
498405,7
498405,11
498405,13
498405,14
498405,27
498405,28
498405,29
498405,30
498405,31
498405,32
498405,34
498405,35
498405,38
498405,39
498405,40
498405,41
498405,42
498405,44
498405,45
498405,46
498405,47
498405,48
498405,53
498405,114
498405,115
498604,14
498604,16
498604,24
498604,25
498604,27
498604,28
498604,30
498604,31
498604,33
498604,34
498604,35
498604,36
498604,37
498604,38
498604,39
498604,40
498604,41
498604,45
498604,46
498604,47
498604,59
498604,87
498604,88
498604,90
498604,91
498604,98
498604,99
498803,9
498803,10
498803,26
498803,27
498803,29
498803,30
498803,31
498803,36
498803,37
498803,38
498803,39
498803,40
498803,41
498803,43
498803,44
498803,45
498803,46
498803,47
498803,48
498803,56
498803,60
498803,61
498803,66
498803,72
498803,73
498803,89
499002,2
499002,10
499002,17
499002,18
499002,28
499002,29
499002,30
499002,31
499002,32
499002,34
499002,35
499002,36
499002,37
499002,38
499002,39
499002,40
499002,41
499002,42
499002,44
499002,45
499002,46
499002,48
499002,68
499002,69
499201,13
499201,14
499201,15
499201,16
499201,19
499201,25
499201,26
499201,27
499201,28
499201,30
499201,31
499201,32
499201,33
499201,34
499201,35
499201,36
499201,37
499201,38
499201,39
499201,40
499201,41
499201,42
499201,43
499201,44
499201,45
499201,46
499201,47
499201,53
499201,58
499201,59
499400,11
499400,12
499400,28
499400,29
499400,30
499400,34
499400,35
499400,36
499400,37
499400,38
499400,39
499400,40
499400,41
499400,42
499400,43
499400,44
499400,45
499400,46
499400,47
499400,48
499400,57
499599,22
499599,23
499599,31
499599,32
499599,33
499599,34
499599,35
499599,37
499599,38
499599,39
499599,40
499599,42
499599,56
499798,11
499798,12
499798,15
499798,16
499798,24
499798,25
499798,31
499798,32
499798,33
499798,34
499798,35
499798,36
499798,37
499798,42
499798,43
499798,44
499798,45
499798,46
499798,47
499798,63
499798,64
499798,93
499798,121
499997,4
499997,8
499997,9
499997,16
499997,27
499997,28
499997,30
499997,31
499997,33
499997,34
499997,38
499997,39
499997,40
499997,41
499997,46
499997,58
499997,59
499997,60
499997,62
499997,63
499997,64
499997,65
500196,9
500196,10
500196,13
500196,14
500196,15
500196,26
500196,27
500196,29
500196,32
500196,34
500196,35
500196,36
500196,37
500196,38
500196,39
500196,40
500196,41
500196,42
500196,69
500196,70
500196,108
500395,27
500395,28
500395,29
500395,30
500395,31
500395,32
500395,33
500395,34
500395,35
500395,36
500395,37
500395,38
500395,39
500395,40
500395,41
500395,43
500395,44
500395,74
500395,80
500594,2
500594,3
500594,9
500594,12
500594,13
500594,19
500594,20
500594,25
500594,27
500594,28
500594,29
500594,30
500594,31
500594,32
500594,33
500594,34
500594,35
500594,36
500594,37
500594,38
500594,39
500594,40
500594,41
500594,42
500594,46
500594,47
500594,53
500594,54
500594,59
500594,60
500594,71
500793,9
500793,12
500793,15
500793,16
500793,31
500793,32
500793,33
500793,34
500793,35
500793,36
500793,37
500793,38
500793,39
500793,40
500793,43
500793,44
500793,61
500793,62
500793,65
500793,106
500793,107
500992,6
500992,7
500992,12
500992,14
500992,16
500992,28
500992,30
500992,31
500992,32
500992,33
500992,34
500992,35
500992,37
500992,38
500992,39
500992,40
500992,41
500992,42
500992,45
500992,46
500992,47
500992,80
500992,81
501191,28
501191,29
501191,30
501191,31
501191,32
501191,33
501191,34
501191,35
501191,36
501191,37
501191,38
501191,39
501191,40
501191,41
501191,42
501191,44
501191,45
501191,46
501191,47
501191,55
501390,9
501390,10
501390,25
501390,26
501390,27
501390,29
501390,31
501390,32
501390,33
501390,35
501390,36
501390,37
501390,38
501390,40
501390,41
501390,42
501390,43
501390,44
501390,46
501390,47
501390,48
501390,59
501390,60
501390,66
501390,72
501390,73
501589,1
501589,9
501589,13
501589,17
501589,18
501589,23
501589,27
501589,28
501589,29
501589,31
501589,32
501589,33
501589,36
501589,37
501589,38
501589,39
501589,40
501589,41
501589,42
501589,44
501589,67
501589,68
501589,69
501788,9
501788,10
501788,11
501788,13
501788,14
501788,15
501788,25
501788,26
501788,27
501788,28
501788,29
501788,30
501788,32
501788,33
501788,35
501788,36
501788,38
501788,39
501788,40
501788,41
501788,42
501788,43
501788,45
501788,46
501788,58
501788,59
501987,25
501987,29
501987,31
501987,32
501987,34
501987,35
501987,37
501987,38
501987,39
501987,42
501987,45
501987,47
501987,48
502186,14
502186,15
502186,22
502186,23
502186,31
502186,32
502186,33
502186,36
502186,37
502186,39
502186,40
502186,41
502186,42
502186,43
502186,44
502186,46
502385,24
502385,25
502385,31
502385,32
502385,33
502385,34
502385,35
502385,36
502385,37
502385,38
502385,41
502385,42
502385,43
502385,44
502385,45
502385,46
502385,47
502385,48
502385,49
502385,50
502385,64
502385,65
502584,9
502584,10
502584,11
502584,12
502584,13
502584,14
502584,15
502584,28
502584,30
502584,31
502584,32
502584,33
502584,34
502584,35
502584,36
502584,37
502584,38
502584,39
502584,40
502584,41
502584,42
502584,44
502783,11
502783,14
502783,23
502783,25
502783,26
502783,27
502783,28
502783,30
502783,31
502783,32
502783,33
502783,35
502783,36
502783,37
502783,38
502783,39
502783,40
502783,41
502783,61
502783,73
502783,108
502982,29
502982,30
502982,31
502982,32
502982,33
502982,34
502982,35
502982,36
502982,42
502982,44
502982,45
502982,46
502982,50
503181,3
503181,32
503181,33
503181,34
503181,35
503181,38
503181,39
503181,40
503181,41
503181,42
503181,44
503181,45
503181,46
503181,47
503181,54
503181,55
503181,59
503181,60
503181,61
503181,68
503181,69
503181,71
503181,72
503380,16
503380,17
503380,25
503380,26
503380,27
503380,28
503380,29
503380,33
503380,34
503380,35
503380,36
503380,37
503380,38
503380,39
503380,40
503380,41
503380,42
503380,43
503380,44
503380,45
503380,46
503380,47
503380,48
503380,55
503380,57
503380,58
503380,59
503380,60
503380,61
503380,62
503380,65
503380,69
503380,70
503579,6
503579,7
503579,14
503579,30
503579,31
503579,32
503579,33
503579,34
503579,35
503579,36
503579,37
503579,41
503579,42
503579,43
503579,45
503579,46
503579,47
503579,60
503579,114
503778,1
503778,11
503778,12
503778,15
503778,31
503778,34
503778,41
503778,42
503778,43
503778,44
503778,45
503778,46
503778,65
503778,66
503778,87
503778,88
503778,100
503977,10
503977,26
503977,27
503977,28
503977,29
503977,30
503977,32
503977,37
503977,40
503977,41
503977,42
503977,43
503977,44
503977,54
503977,66
503977,67
503977,72
503977,73
504176,14
504176,17
504176,18
504176,27
504176,28
504176,29
504176,31
504176,40
504176,42
504176,43
504176,45
504176,46
504176,61
504176,68
504176,69
504375,13
504375,22
504375,23
504375,24
504375,33
504375,34
504375,35
504375,41
504375,47
504375,53
504375,105
504574,11
504574,29
504574,30
504574,34
504574,35
504574,36
504574,38
504574,39
504574,41
504574,42
504773,7
504773,9
504773,10
504773,11
504773,12
504773,13
504773,14
504773,15
504773,16
504773,22
504773,23
504773,26
504773,27
504773,28
504773,30
504773,31
504773,33
504773,34
504773,36
504773,37
504773,38
504773,39
504773,40
504773,41
504773,45
504773,46
504773,47
504773,68
504773,69
504972,9
504972,10
504972,11
504972,12
504972,17
504972,24
504972,25
504972,26
504972,27
504972,28
504972,29
504972,30
504972,31
504972,32
504972,33
504972,35
504972,36
504972,38
504972,39
504972,41
504972,42
504972,43
504972,44
504972,45
504972,46
504972,47
504972,48
504972,61
504972,62
504972,63
504972,64
504972,65
504972,67
504972,68
505171,3
505171,4
505171,9
505171,10
505171,11
505171,13
505171,14
505171,15
505171,16
505171,25
505171,26
505171,27
505171,28
505171,32
505171,33
505171,34
505171,35
505171,36
505171,37
505171,38
505171,39
505171,40
505171,41
505171,42
505171,43
505171,69
505171,70
505171,106
505370,7
505370,10
505370,26
505370,27
505370,28
505370,29
505370,30
505370,31
505370,32
505370,33
505370,34
505370,36
505370,37
505370,38
505370,39
505370,40
505370,41
505370,42
505370,43
505370,44
505370,50
505569,6
505569,9
505569,27
505569,29
505569,30
505569,32
505569,33
505569,35
505569,36
505569,37
505569,38
505569,39
505569,40
505569,41
505569,42
505569,43
505569,44
505569,45
505569,46
505569,47
505569,48
505569,115
505768,3
505768,4
505768,9
505768,26
505768,27
505768,28
505768,29
505768,30
505768,31
505768,32
505768,33
505768,34
505768,35
505768,36
505768,37
505768,39
505768,40
505768,41
505768,42
505768,54
505768,55
505768,60
505768,71
505768,72
505768,111
505768,117
505967,2
505967,7
505967,8
505967,9
505967,12
505967,13
505967,16
505967,17
505967,25
505967,26
505967,27
505967,29
505967,31
505967,32
505967,33
505967,34
505967,36
505967,37
505967,38
505967,39
505967,40
505967,41
505967,42
505967,43
505967,44
505967,45
506166,6
506166,7
506166,9
506166,10
506166,28
506166,29
506166,30
506166,31
506166,32
506166,34
506166,35
506166,36
506166,37
506166,38
506166,39
506166,40
506166,41
506166,42
506166,43
506166,44
506166,45
506166,46
506166,47
506166,81
506365,8
506365,9
506365,12
506365,13
506365,14
506365,29
506365,30
506365,32
506365,33
506365,35
506365,36
506365,39
506365,40
506365,41
506365,42
506365,43
506365,44
506365,45
506365,46
506365,47
506365,48
506365,77
506365,99
506365,106
506564,7
506564,10
506564,11
506564,14
506564,19
506564,27
506564,28
506564,30
506564,31
506564,32
506564,34
506564,36
506564,37
506564,38
506564,40
506564,41
506564,42
506564,43
506564,44
506564,46
506564,47
506564,48
506564,61
506564,72
506564,73
506564,113
506763,7
506763,8
506763,9
506763,12
506763,13
506763,16
506763,17
506763,18
506763,26
506763,29
506763,30
506763,32
506763,33
506763,35
506763,36
506763,37
506763,38
506763,39
506763,40
506763,41
506763,42
506763,43
506763,44
506763,45
506763,68
506763,69
506763,85
506763,86
506962,8
506962,9
506962,10
506962,13
506962,14
506962,16
506962,17
506962,32
506962,33
506962,34
506962,35
506962,36
506962,37
506962,38
506962,39
506962,40
506962,41
506962,42
506962,43
506962,60
506962,87
507161,8
507161,11
507161,12
507161,13
507161,27
507161,28
507161,29
507161,30
507161,31
507161,32
507161,33
507161,36
507161,37
507161,38
507161,40
507161,41
507161,42
507360,8
507360,11
507360,14
507360,16
507360,23
507360,26
507360,27
507360,30
507360,31
507360,32
507360,33
507360,34
507360,35
507360,36
507360,37
507360,38
507360,39
507360,40
507360,43
507360,45
507360,46
507360,47
507360,68
507360,69
507360,79
507559,10
507559,11
507559,12
507559,16
507559,24
507559,25
507559,36
507559,37
507559,42
507559,45
507559,46
507559,47
507559,48
507559,64
507559,65
507559,121
507559,122
507758,6
507758,7
507758,8
507758,9
507758,10
507758,13
507758,14
507758,15
507758,32
507758,106
507758,107
507957,10
507957,11
507957,12
507957,15
507957,25
507957,26
507957,27
507957,29
507957,30
507957,31
507957,32
507957,33
507957,36
507957,37
507957,38
507957,39
507957,40
507957,41
507957,42
507957,43
507957,44
507957,45
507957,46
507957,65
508156,30
508156,35
508156,36
508355,3
508355,4
508355,11
508355,40
508355,42
508355,54
508355,55
508355,60
508355,61
508355,71
508355,72
508554,16
508554,17
508554,25
508554,28
508554,29
508554,30
508554,38
508554,39
508554,40
508554,43
508554,62
508554,64
508554,65
508554,66
508554,67
508554,68
508753,6
508753,7
508753,25
508753,35
508753,36
508753,46
508753,47
508753,72
508753,73
508753,74
508952,10
508952,11
508952,29
508952,42
508952,66
508952,79
509151,10
509151,11
509151,16
509151,17
509151,27
509151,28
509151,29
509151,30
509151,31
509151,32
509151,33
509151,34
509151,35
509151,36
509151,38
509151,39
509151,41
509151,42
509151,44
509151,45
509151,46
509151,47
509151,61
509151,62
509151,67
509151,73
509151,90
509350,11
509350,17
509350,18
509350,29
509350,30
509350,31
509350,32
509350,33
509350,34
509350,35
509350,36
509350,37
509350,38
509350,39
509350,40
509350,41
509350,42
509350,43
509350,45
509350,46
509350,47
509350,69
509350,70
509350,97
509350,98
509549,27
509549,28
509549,29
509549,31
509549,32
509549,33
509549,34
509549,35
509549,36
509549,37
509549,38
509549,39
509549,40
509549,41
509549,42
509549,43
509748,9
509748,10
509748,11
509748,13
509748,14
509748,26
509748,27
509748,28
509748,29
509748,31
509748,32
509748,33
509748,35
509748,36
509748,37
509748,38
509748,39
509748,40
509748,41
509748,42
509748,44
509748,45
509748,46
509748,47
509748,48
509748,63
509748,64
509748,65
509748,95
509748,101
509748,102
509748,123
509748,124
509947,16
509947,23
509947,24
509947,31
509947,32
509947,34
509947,35
509947,36
509947,37
509947,38
509947,39
509947,40
509947,41
509947,42
509947,43
509947,44
509947,45
509947,46
509947,51
509947,52
509947,63
509947,68
509947,69
509947,97
509947,98
510146,5
510146,8
510146,11
510146,24
510146,25
510146,28
510146,29
510146,30
510146,31
510146,32
510146,33
510146,34
510146,36
510146,37
510146,39
510146,47
510146,48
510146,64
510146,65
510146,67
510146,78
510146,94
510146,116
510345,3
510345,4
510345,9
510345,10
510345,13
510345,25
510345,26
510345,27
510345,31
510345,33
510345,34
510345,35
510345,36
510345,37
510345,38
510345,39
510345,40
510345,41
510345,42
510345,43
510345,44
510345,45
510345,46
510345,47
510345,106
510345,112
510544,9
510544,10
510544,11
510544,14
510544,27
510544,28
510544,29
510544,38
510544,39
510544,40
510544,41
510544,42
510544,58
510544,59
510544,60
510544,108
510544,110
510544,111
510743,9
510743,10
510743,16
510743,26
510743,27
510743,28
510743,29
510743,30
510743,31
510743,32
510743,33
510743,34
510743,35
510743,36
510743,37
510743,40
510743,41
510743,42
510743,43
510743,44
510743,45
510743,75
510743,76
510743,81
510743,82
510743,104
510942,3
510942,4
510942,26
510942,27
510942,29
510942,30
510942,31
510942,36
510942,37
510942,38
510942,40
510942,41
510942,42
510942,43
510942,44
510942,47
510942,48
510942,54
510942,55
510942,60
510942,61
510942,67
510942,71
510942,72
511141,16
511141,17
511141,23
511141,25
511141,26
511141,27
511141,28
511141,30
511141,31
511141,33
511141,34
511141,36
511141,39
511141,41
511141,42
511141,45
511141,47
511141,62
511141,63
511141,68
511141,83
511340,4
511340,7
511340,8
511340,29
511340,30
511340,31
511340,35
511340,36
511340,37
511340,38
511340,42
511340,43
511340,45
511340,46
511340,47
511539,25
511539,31
511539,32
511539,33
511539,34
511539,36
511539,37
511539,42
511539,43
511539,44
511539,45
511539,46
511539,47
511539,89
511539,91
511539,92
511539,99
511539,100
511738,10
511738,11
511738,16
511738,17
511738,27
511738,28
511738,30
511738,31
511738,32
511738,35
511738,36
511738,37
511738,38
511738,39
511738,40
511738,41
511738,42
511738,43
511738,44
511738,45
511738,46
511738,59
511738,73
511738,74
511738,79
511937,18
511937,19
511937,27
511937,29
511937,30
511937,32
511937,33
511937,35
511937,36
511937,39
511937,40
511937,41
511937,43
511937,69
511937,70
512136,14
512136,15
512136,27
512136,28
512136,29
512136,30
512136,31
512136,32
512136,33
512136,34
512136,35
512136,36
512136,38
512136,39
512136,40
512136,41
512136,44
512136,45
512136,46
512136,67
512136,68
512136,80
512335,30
512335,31
512335,32
512335,35
512335,36
512335,37
512335,38
512335,40
512335,41
512335,42
512335,43
512335,69
512335,70
512335,101
512335,102
512335,112
512534,17
512534,23
512534,24
512534,25
512534,26
512534,27
512534,28
512534,29
512534,31
512534,32
512534,33
512534,34
512534,36
512534,37
512534,38
512534,39
512534,40
512534,41
512534,43
512534,44
512534,45
512534,46
512534,47
512534,71
512534,72
512534,98
512534,108
512534,109
512733,25
512733,28
512733,29
512733,30
512733,31
512733,32
512733,35
512733,36
512733,37
512733,43
512733,44
512733,45
512733,46
512733,47
512733,48
512733,53
512733,56
512733,57
512733,58
512733,59
512733,64
512733,65
512932,3
512932,4
512932,9
512932,10
512932,25
512932,26
512932,28
512932,29
512932,30
512932,31
512932,33
512932,34
512932,35
512932,36
512932,37
512932,38
512932,39
512932,41
512932,42
512932,43
512932,44
512932,45
512932,46
512932,47
512932,48
513131,26
513131,27
513131,28
513131,29
513131,30
513131,31
513131,32
513131,33
513131,34
513131,35
513131,36
513131,37
513131,38
513131,39
513131,40
513131,41
513131,42
513131,43
513131,44
513131,46
513131,47
513131,48
513131,120
513330,26
513330,27
513330,28
513330,29
513330,30
513330,31
513330,32
513330,34
513330,36
513330,37
513330,40
513330,41
513330,42
513529,3
513529,4
513529,28
513529,29
513529,30
513529,31
513529,33
513529,34
513529,35
513529,36
513529,37
513529,38
513529,39
513529,40
513529,41
513529,42
513529,43
513529,45
513529,46
513529,47
513529,54
513529,55
513529,60
513529,61
513529,72
513529,107
513728,14
513728,16
513728,17
513728,22
513728,32
513728,33
513728,34
513728,35
513728,36
513728,37
513728,38
513728,39
513728,40
513728,41
513728,42
513728,43
513728,44
513728,45
513728,46
513728,47
513728,62
513728,63
513927,7
513927,8
513927,26
513927,27
513927,28
513927,33
513927,34
513927,35
513927,36
513927,37
513927,38
513927,39
513927,40
513927,41
513927,47
513927,48
513927,58
513927,59
513927,115
514126,28
514126,29
514126,30
514126,31
514126,32
514126,33
514126,34
514126,35
514126,37
514126,38
514126,39
514126,41
514126,42
514126,88
514126,89
514126,100
514126,101
514325,10
514325,11
514325,26
514325,27
514325,28
514325,32
514325,33
514325,34
514325,38
514325,67
514325,73
514325,74
514524,18
514524,19
514524,28
514524,29
514524,30
514524,31
514524,32
514524,33
514524,34
514524,35
514524,36
514524,37
514524,38
514524,39
514524,40
514524,43
514524,44
514524,45
514524,54
514524,69
514524,70
514723,14
514723,15
514723,27
514723,28
514723,29
514723,30
514723,31
514723,32
514723,37
514723,38
514723,39
514723,42
514723,43
514723,46
514723,47
514723,61
514922,29
514922,30
514922,31
514922,32
514922,33
514922,38
514922,39
514922,40
514922,43
514922,44
514922,45
514922,46
514922,47
515121,23
515121,24
515121,26
515121,27
515121,31
515121,32
515121,33
515121,34
515121,35
515121,37
515121,38
515121,39
515121,40
515121,41
515121,44
515121,69
515121,70
515320,14
515320,21
515320,25
515320,27
515320,28
515320,29
515320,30
515320,32
515320,33
515320,35
515320,36
515320,37
515320,42
515320,43
515320,44
515320,45
515320,46
515320,47
515320,48
515320,49
515320,50
515320,51
515320,65
515320,66
515519,4
515519,5
515519,10
515519,12
515519,13
515519,29
515519,35
515519,36
515519,37
515519,38
515519,39
515519,40
515519,41
515519,42
515519,43
515519,44
515519,45
515519,65
515718,26
515718,27
515718,28
515718,29
515718,30
515718,32
515718,33
515718,40
515718,41
515718,44
515718,45
515718,47
515718,70
515718,71
515917,29
515917,30
515917,31
515917,32
515917,33
515917,34
515917,35
515917,36
515917,37
515917,63
515917,81
515917,93
515917,94
516116,4
516116,26
516116,27
516116,28
516116,29
516116,38
516116,39
516116,40
516116,41
516116,42
516116,43
516116,46
516116,47
516116,55
516116,56
516116,60
516116,61
516116,69
516116,70
516116,72
516116,73
516116,80
516315,17
516315,18
516315,26
516315,27
516315,28
516315,29
516315,30
516315,33
516315,34
516315,35
516315,36
516315,37
516315,38
516315,39
516315,40
516315,41
516315,42
516315,43
516315,46
516315,47
516315,58
516315,62
516315,63
516514,7
516514,8
516514,28
516514,29
516514,30
516514,31
516514,32
516514,33
516514,34
516514,35
516514,36
516514,40
516514,41
516514,42
516514,43
516514,44
516514,45
516514,46
516514,47
516514,57
516713,28
516713,29
516713,30
516713,31
516713,32
516713,33
516713,34
516713,35
516713,36
516713,37
516713,38
516713,39
516713,46
516713,47
516713,66
516713,78
516713,106
516713,117
516713,118
516912,11
516912,27
516912,28
516912,29
516912,30
516912,31
516912,32
516912,33
516912,36
516912,37
516912,39
516912,40
516912,41
516912,44
516912,45
516912,47
516912,48
516912,73
516912,74
517111,4
517111,18
517111,19
517111,29
517111,30
517111,31
517111,32
517111,33
517111,34
517111,35
517111,36
517111,37
517111,38
517111,39
517111,41
517111,42
517111,43
517111,44
517111,45
517111,47
517111,69
517111,70
517310,14
517310,15
517310,26
517310,32
517310,33
517310,34
517310,35
517310,36
517310,37
517310,38
517310,39
517310,40
517310,41
517310,42
517310,43
517310,45
517310,46
517310,54
517310,55
517310,63
517310,99
517509,22
517509,26
517509,27
517509,28
517509,29
517509,30
517509,31
517509,32
517509,35
517509,36
517509,37
517509,38
517509,39
517509,40
517509,41
517509,42
517509,43
517509,44
517509,45
517509,46
517509,107
517708,23
517708,24
517708,25
517708,26
517708,27
517708,34
517708,35
517708,37
517708,38
517708,39
517708,40
517708,41
517708,63
517708,64
517708,69
517708,97
517708,98
517708,109
517907,14
517907,25
517907,26
517907,27
517907,28
517907,29
517907,30
517907,31
517907,32
517907,33
517907,34
517907,35
517907,36
517907,37
517907,40
517907,41
517907,43
517907,44
517907,46
517907,47
517907,48
517907,49
517907,65
517907,66
517907,68
517907,69
517907,93
518106,4
518106,5
518106,10
518106,11
518106,26
518106,28
518106,29
518106,30
518106,33
518106,34
518106,39
518106,40
518106,41
518106,42
518106,43
518106,44
518106,47
518106,48
518106,66
518106,67
518106,106
518305,26
518305,29
518305,30
518305,31
518305,32
518305,33
518305,34
518305,35
518305,36
518305,40
518305,41
518305,42
518305,43
518305,44
518305,46
518305,47
518305,109
518305,121
518504,25
518504,26
518504,27
518504,28
518504,29
518504,30
518504,31
518504,32
518504,34
518504,35
518504,36
518504,37
518504,39
518504,40
518504,41
518504,42
518504,43
518504,44
518504,45
518504,47
518504,48
518504,93
518504,94
518504,104
518703,4
518703,5
518703,9
518703,12
518703,13
518703,14
518703,22
518703,27
518703,29
518703,30
518703,31
518703,37
518703,38
518703,39
518703,40
518703,41
518703,42
518703,43
518703,44
518703,46
518703,47
518703,48
518703,55
518703,56
518703,61
518703,67
518703,72
518703,73
518902,11
518902,12
518902,17
518902,18
518902,26
518902,27
518902,28
518902,29
518902,30
518902,31
518902,32
518902,33
518902,34
518902,35
518902,36
518902,40
518902,41
518902,42
518902,43
518902,44
518902,45
518902,46
518902,47
518902,62
518902,63
518902,119
519101,7
519101,8
519101,9
519101,10
519101,11
519101,26
519101,27
519101,28
519101,29
519101,31
519101,35
519101,36
519101,37
519101,40
519101,41
519101,42
519101,43
519101,44
519101,45
519101,47
519101,48
519101,64
519101,65
519101,66
519101,95
519101,96
519300,26
519300,27
519300,28
519300,29
519300,30
519300,31
519300,32
519300,33
519300,34
519300,35
519300,36
519300,37
519300,38
519300,39
519300,44
519300,45
519300,77
519499,7
519499,11
519499,12
519499,16
519499,17
519499,19
519499,20
519499,26
519499,27
519499,28
519499,29
519499,30
519499,31
519499,32
519499,33
519499,34
519499,35
519499,36
519499,37
519499,38
519499,39
519499,41
519499,42
519499,43
519499,44
519499,45
519499,46
519499,47
519499,62
519499,73
519499,74
519698,18
519698,19
519698,26
519698,30
519698,31
519698,33
519698,34
519698,35
519698,37
519698,38
519698,39
519698,42
519698,43
519698,44
519698,45
519698,46
519698,47
519698,69
519698,70
519698,87
519698,98
519897,14
519897,15
519897,27
519897,30
519897,31
519897,32
519897,33
519897,34
519897,35
519897,36
519897,38
519897,39
519897,41
519897,42
519897,47
519897,54
519897,60
520096,26
520096,27
520096,28
520096,29
520096,30
520096,31
520096,32
520096,33
520096,34
520096,35
520096,36
520096,37
520096,38
520096,40
520096,41
520096,42
520096,43
520096,44
520096,47
520096,48
520096,107
520096,124
520096,125
520295,24
520295,26
520295,27
520295,28
520295,29
520295,32
520295,35
520295,36
520295,37
520295,40
520295,41
520295,42
520295,43
520295,44
520295,45
520295,63
520494,22
520494,23
520494,24
520494,25
520494,29
520494,30
520494,31
520494,32
520494,33
520494,34
520494,35
520494,36
520494,37
520494,41
520494,42
520494,43
520494,44
520494,45
520494,46
520494,47
520494,48
520494,49
520494,65
520494,66
520494,116
520494,122
520494,123
520693,4
520693,5
520693,10
520693,11
520693,29
520693,30
520693,31
520693,32
520693,34
520693,35
520693,36
520693,37
520693,38
520693,39
520693,40
520693,41
520693,42
520693,43
520693,44
520693,45
520892,29
520892,30
520892,31
520892,32
520892,33
520892,34
520892,35
520892,37
520892,38
520892,39
520892,40
520892,41
520892,42
520892,43
520892,44
520892,45
521091,26
521091,31
521091,36
521091,37
521091,38
521091,39
521091,40
521091,41
521091,44
521290,4
521290,5
521290,21
521290,22
521290,29
521290,30
521290,32
521290,33
521290,34
521290,35
521290,36
521290,37
521290,38
521290,39
521290,40
521290,41
521290,42
521290,43
521290,44
521290,55
521290,56
521290,61
521290,62
521290,67
521290,72
521290,73
521489,11
521489,12
521489,17
521489,18
521489,26
521489,27
521489,28
521489,29
521489,30
521489,31
521489,32
521489,33
521489,34
521489,35
521489,36
521489,42
521489,44
521489,47
521489,63
521489,65
521489,66
521489,76
521489,77
521489,109
521688,7
521688,8
521688,29
521688,30
521688,31
521688,32
521688,33
521688,34
521688,35
521688,36
521688,37
521688,40
521688,41
521688,42
521688,47
521688,48
521887,26
521887,27
521887,33
521887,34
521887,35
521887,36
521887,37
521887,38
521887,45
521887,89
521887,90
522086,11
522086,12
522086,28
522086,29
522086,30
522086,31
522086,32
522086,34
522086,35
522086,36
522086,37
522086,39
522086,40
522086,41
522086,42
522086,43
522086,44
522086,45
522086,46
522086,74
522086,91
522086,92
522086,102
522285,15
522285,16
522285,18
522285,19
522285,26
522285,28
522285,29
522285,30
522285,31
522285,32
522285,33
522285,34
522285,35
522285,36
522285,40
522285,41
522285,42
522285,43
522285,44
522285,45
522285,46
522285,47
522285,70
522285,71
522285,72
522285,88
522285,99
522484,14
522484,15
522484,25
522484,29
522484,30
522484,31
522484,32
522484,33
522484,34
522484,35
522484,36
522484,37
522484,38
522484,39
522484,40
522484,41
522484,42
522484,43
522484,44
522484,45
522484,46
522484,47
522484,60
522683,27
522683,28
522683,29
522683,30
522683,31
522683,35
522683,38
522683,40
522683,43
522683,45
522683,46
522683,47
522683,54
522683,69
522683,107
522683,113
522882,24
522882,25
522882,27
522882,28
522882,35
522882,38
522882,39
522882,40
522882,41
522882,42
522882,64
522882,69
522882,70
522882,77
522882,78
523081,14
523081,15
523081,17
523081,18
523081,25
523081,27
523081,28
523081,29
523081,30
523081,31
523081,32
523081,33
523081,34
523081,35
523081,36
523081,37
523081,38
523081,39
523081,40
523081,41
523081,42
523081,48
523081,49
523081,65
523081,66
523081,112
523081,122
523081,123
523280,4
523280,5
523280,6
523280,10
523280,11
523280,26
523280,27
523280,28
523280,29
523280,30
523280,31
523280,35
523280,36
523280,37
523280,39
523280,40
523280,41
523280,47
523280,107
523479,28
523479,29
523479,30
523479,31
523479,32
523479,34
523479,36
523479,37
523479,39
523479,40
523479,41
523479,44
523479,45
523479,46
523479,47
523479,79
523479,80
523479,109
523479,110
523479,111
523479,112
523678,27
523678,28
523678,29
523678,30
523678,31
523678,32
523678,35
523678,36
523678,37
523678,39
523678,40
523678,41
523678,42
523678,43
523678,44
523678,45
523678,46
523678,62
523678,63
523678,64
523678,66
523678,67
523678,82
523678,83
523877,4
523877,5
523877,21
523877,22
523877,29
523877,30
523877,31
523877,32
523877,33
523877,34
523877,37
523877,38
523877,39
523877,40
523877,41
523877,42
523877,43
523877,55
523877,56
523877,61
523877,62
523877,67
523877,68
523877,72
523877,73
523877,76
523877,79
524076,17
524076,18
524076,28
524076,29
524076,30
524076,32
524076,33
524076,34
524076,35
524076,36
524076,37
524076,38
524076,39
524076,40
524076,41
524076,42
524076,43
524076,44
524076,63
524076,64
524076,77
524275,3
524275,8
524275,9
524275,32
524275,33
524275,34
524275,35
524275,36
524275,37
524275,38
524275,39
524275,40
524275,41
524275,42
524275,43
524275,44
524275,46
524275,47
524275,48
524275,82
524474,29
524474,31
524474,34
524474,35
524474,36
524474,37
524474,38
524474,39
524474,40
524474,41
524474,42
524474,43
524474,106
524673,11
524673,12
524673,27
524673,28
524673,29
524673,34
524673,35
524673,36
524673,37
524673,38
524673,39
524673,40
524673,42
524673,74
524673,75
524673,91
524673,92
524673,125
524872,19
524872,20
524872,26
524872,27
524872,28
524872,30
524872,31
524872,32
524872,33
524872,34
524872,35
524872,36
524872,37
524872,38
524872,39
524872,40
524872,41
524872,42
524872,43
524872,44
524872,70
524872,87
524872,88
525071,29
525071,30
525071,31
525071,32
525071,33
525071,34
525071,35
525071,36
525071,37
525071,38
525071,39
525071,40
525071,41
525071,45
525071,46
525071,47
525071,48
525071,60
525071,61
525270,28
525270,29
525270,30
525270,31
525270,32
525270,33
525270,36
525270,37
525270,38
525270,39
525270,40
525270,41
525270,42
525270,43
525270,44
525270,45
525270,46
525270,47
525270,107
525469,24
525469,25
525469,26
525469,27
525469,28
525469,29
525469,31
525469,39
525469,40
525469,41
525469,42
525469,44
525469,45
525469,46
525469,47
525469,48
525469,64
525469,69
525469,70
525469,72
525469,73
525668,2
525668,11
525668,12
525668,28
525668,30
525668,31
525668,36
525668,37
525668,48
525668,49
525668,65
525668,66
525668,94
525668,122
525668,123
525867,5
525867,6
525867,10
525867,11
525867,26
525867,27
525867,28
525867,29
525867,30
525867,31
525867,32
525867,33
525867,34
525867,35
525867,36
525867,37
525867,38
525867,39
525867,40
525867,41
525867,42
525867,43
525867,44
525867,45
525867,46
525867,47
525867,56
525867,57
525867,58
526066,30
526066,41
526066,43
526066,44
526066,47
526066,75
526066,76
526066,83
526066,84
526066,109
526265,20
526265,25
526265,26
526265,27
526265,28
526265,29
526265,30
526265,31
526265,32
526265,33
526265,34
526265,35
526265,36
526265,37
526265,38
526265,39
526265,41
526265,45
526265,46
526265,47
526265,48
526265,70
526265,71
526265,81
526265,82
526265,83
526265,94
526464,4
526464,5
526464,21
526464,22
526464,26
526464,27
526464,28
526464,29
526464,30
526464,31
526464,32
526464,33
526464,34
526464,36
526464,37
526464,40
526464,41
526464,42
526464,43
526464,44
526464,45
526464,55
526464,56
526464,61
526464,62
526464,65
526464,67
526464,68
526663,4
526663,15
526663,17
526663,18
526663,31
526663,32
526663,33
526663,34
526663,35
526663,36
526663,37
526663,38
526663,39
526663,42
526663,63
526663,64
526663,65
526663,66
526663,76
526663,77
526663,91
526663,92
526862,8
526862,9
526862,29
526862,30
526862,31
526862,32
526862,33
526862,34
526862,35
526862,36
526862,37
526862,38
526862,39
526862,40
526862,41
526862,43
526862,44
526862,46
526862,47
526862,48
527061,27
527061,28
527061,29
527061,30
527061,31
527061,32
527061,33
527061,34
527061,35
527061,36
527061,37
527061,38
527061,39
527061,40
527061,41
527061,42
527061,43
527061,64
527061,71
527061,81
527061,110
527260,11
527260,12
527260,27
527260,28
527260,29
527260,31
527260,32
527260,33
527260,34
527260,35
527260,36
527260,37
527260,38
527260,39
527260,40
527260,41
527260,42
527260,43
527260,44
527260,45
527260,46
527260,47
527260,48
527260,74
527260,75
527260,91
527260,92
527459,19
527459,20
527459,29
527459,30
527459,31
527459,32
527459,33
527459,34
527459,35
527459,39
527459,40
527459,63
527459,70
527459,98
527459,99
527658,32
527658,33
527658,34
527658,35
527658,36
527658,37
527658,38
527658,39
527658,40
527658,41
527658,42
527658,43
527658,44
527658,45
527658,61
527857,14
527857,31
527857,32
527857,33
527857,34
527857,35
527857,36
527857,37
527857,38
527857,39
527857,40
527857,41
527857,67
527857,68
527857,69
527857,108
528056,24
528056,25
528056,27
528056,28
528056,29
528056,30
528056,31
528056,35
528056,36
528056,37
528056,38
528056,39
528056,40
528056,41
528056,42
528056,43
528056,61
528056,62
528056,64
528056,65
528056,70
528056,71
528056,76
528255,25
528255,27
528255,28
528255,29
528255,30
528255,31
528255,34
528255,37
528255,45
528255,49
528255,50
528255,51
528255,52
528255,66
528255,67
528255,68
528454,11
528454,13
528454,14
528454,25
528454,26
528454,27
528454,28
528454,29
528454,33
528454,34
528454,40
528454,41
528454,42
528454,44
528454,45
528454,46
528454,47
528454,48
528454,67
528653,2
528653,26
528653,27
528653,28
528653,30
528653,38
528653,39
528653,40
528653,41
528653,42
528653,45
528653,46
528653,71
528653,76
528653,81
528653,109
528653,110
528852,0
528852,31
528852,34
528852,35
528852,36
528852,37
528852,38
528852,41
528852,42
528852,64
528852,82
528852,83
529051,4
529051,5
529051,11
529051,26
529051,29
529051,30
529051,31
529051,32
529051,33
529051,34
529051,35
529051,36
529051,37
529051,38
529051,43
529051,44
529051,47
529051,48
529051,56
529051,57
529051,61
529051,62
529051,67
529051,68
529051,70
529051,71
529250,4
529250,14
529250,15
529250,18
529250,19
529250,26
529250,27
529250,28
529250,29
529250,30
529250,33
529250,34
529250,36
529250,37
529250,44
529250,45
529250,46
529250,63
529250,64
529449,8
529449,9
529449,27
529449,29
529449,30
529449,31
529449,32
529449,33
529449,35
529449,36
529449,37
529449,41
529449,42
529449,43
529449,48
529648,26
529648,27
529648,34
529648,40
529648,46
529648,47
529648,48
529648,64
529648,65
529648,66
529648,89
529648,90
529847,1
529847,12
529847,17
529847,26
529847,27
529847,28
529847,29
529847,30
529847,31
529847,32
529847,33
529847,34
529847,35
529847,36
529847,37
529847,38
529847,39
529847,42
529847,74
529847,75
529847,91
529847,92
529847,114
529847,115
530046,19
530046,20
530046,25
530046,30
530046,31
530046,32
530046,33
530046,34
530046,35
530046,38
530046,39
530046,40
530046,41
530046,70
530046,116
530046,117
530245,28
530245,29
530245,31
530245,32
530245,33
530245,34
530245,35
530245,37
530245,38
530245,39
530245,40
530245,41
530245,42
530245,43
530245,106
530245,107
530444,28
530444,29
530444,30
530444,31
530444,32
530444,33
530444,34
530444,35
530444,36
530444,37
530444,38
530444,39
530444,40
530444,41
530444,42
530444,43
530444,44
530444,45
530444,46
530444,47
530444,109
530643,24
530643,25
530643,27
530643,28
530643,29
530643,30
530643,31
530643,32
530643,33
530643,34
530643,35
530643,41
530643,42
530643,43
530643,44
530643,45
530643,46
530643,47
530643,70
530643,98
530842,2
530842,25
530842,31
530842,32
530842,34
530842,35
530842,36
530842,37
530842,38
530842,39
530842,40
530842,41
530842,44
530842,47
530842,49
530842,50
530842,66
530842,67
530842,69
530842,70
531041,5
531041,6
531041,11
531041,12
531041,27
531041,28
531041,29
531041,32
531041,33
531041,34
531041,35
531041,36
531041,37
531041,38
531041,39
531041,41
531041,45
531041,46
531041,47
531240,8
531240,30
531240,31
531240,32
531240,33
531240,34
531240,35
531240,36
531240,37
531240,38
531240,39
531240,40
531240,41
531240,42
531240,76
531240,109
531240,110
531439,27
531439,28
531439,29
531439,31
531439,33
531439,34
531439,35
531439,36
531439,37
531439,38
531439,39
531439,40
531439,41
531439,42
531439,83
531439,94
531439,95
531638,5
531638,6
531638,10
531638,11
531638,22
531638,23
531638,30
531638,31
531638,38
531638,41
531638,42
531638,43
531638,44
531638,45
531638,46
531638,56
531638,57
531638,60
531638,62
531638,66
531638,67
531638,68
531638,69
531638,81
531837,18
531837,19
531837,27
531837,28
531837,29
531837,30
531837,31
531837,33
531837,35
531837,36
531837,38
531837,43
531837,63
531837,64
532036,8
532036,9
532036,11
532036,12
532036,33
532036,37
532036,38
532036,40
532036,41
532036,42
532036,43
532036,44
532036,45
532036,46
532036,47
532036,48
532036,89
532235,26
532235,29
532235,30
532235,31
532235,32
532235,35
532235,36
532235,40
532235,41
532235,42
532235,90
532235,91
532235,101
532235,102
532235,118
532235,119
532434,1
532434,12
532434,20
532434,21
532434,27
532434,29
532434,30
532434,33
532434,34
532434,35
532434,74
532434,75
532434,114
532633,9
532633,19
532633,20
532633,27
532633,28
532633,29
532633,30
532633,31
532633,32
532633,33
532633,34
532633,35
532633,36
532633,38
532633,39
532633,40
532633,41
532633,42
532633,46
532633,57
532633,59
532633,62
532633,63
532633,70
532633,71
532633,87
532633,88
532633,99
532832,4
532832,13
532832,14
532832,15
532832,16
532832,17
532832,28
532832,31
532832,32
532832,33
532832,35
532832,36
532832,37
532832,40
532832,41
532832,42
533031,6
533031,23
533031,26
533031,34
533031,35
533031,37
533031,38
533031,39
533031,40
533031,41
533031,42
533031,43
533031,44
533031,65
533230,2
533230,25
533230,28
533230,29
533230,30
533230,31
533230,32
533230,33
533230,34
533230,35
533230,36
533230,37
533230,38
533230,41
533230,42
533230,55
533230,58
533230,61
533230,62
533230,67
533230,68
533230,69
533429,2
533429,30
533429,31
533429,32
533429,33
533429,34
533429,35
533429,36
533429,37
533429,40
533429,41
533429,49
533429,50
533429,56
533429,59
533429,64
533429,66
533429,67
533628,5
533628,6
533628,11
533628,12
533628,18
533628,26
533628,27
533628,28
533628,29
533628,30
533628,31
533628,32
533628,33
533628,34
533628,35
533628,36
533628,37
533628,38
533628,39
533628,40
533628,43
533628,44
533628,45
533628,60
533628,77
533628,78
533628,108
533628,109
533628,113
533827,26
533827,30
533827,31
533827,32
533827,33
533827,34
533827,35
533827,37
533827,38
533827,39
533827,40
533827,41
533827,42
533827,44
533827,45
533827,46
533827,109
533827,110
534026,2
534026,28
534026,30
534026,31
534026,32
534026,33
534026,34
534026,36
534026,37
534026,38
534026,60
534026,94
534225,5
534225,6
534225,11
534225,22
534225,23
534225,26
534225,28
534225,29
534225,30
534225,31
534225,32
534225,33
534225,34
534225,35
534225,36
534225,41
534225,42
534225,43
534225,56
534225,57
534225,62
534225,63
534225,67
534225,68
534225,73
534225,74
534424,18
534424,19
534424,24
534424,25
534424,28
534424,29
534424,30
534424,31
534424,32
534424,33
534424,34
534424,35
534424,36
534424,37
534424,38
534424,39
534424,40
534424,41
534424,42
534424,43
534424,44
534424,45
534424,63
534424,64
534424,66
534424,67
534424,93
534623,8
534623,9
534623,32
534623,33
534623,34
534623,35
534623,37
534623,38
534623,40
534623,41
534623,43
534623,44
534623,45
534623,46
534623,47
534623,48
534623,54
534623,55
534623,61
534623,95
534822,35
534822,36
534822,37
534822,38
534822,39
534822,40
534822,41
534822,42
534822,64
534822,67
534822,90
534822,107
534822,108
534822,118
534822,119
535021,12
535021,13
535021,18
535021,19
535021,26
535021,27
535021,28
535021,29
535021,30
535021,33
535021,34
535021,35
535021,36
535021,37
535021,38
535021,39
535021,42
535021,43
535021,44
535021,45
535021,46
535021,47
535021,48
535021,57
535021,58
535021,63
535021,75
535021,104
535220,19
535220,20
535220,29
535220,30
535220,31
535220,32
535220,33
535220,34
535220,38
535220,40
535220,41
535220,46
535220,57
535220,59
535220,71
535220,88
535220,89
535419,4
535419,5
535419,15
535419,28
535419,29
535419,30
535419,32
535419,33
535419,34
535419,40
535419,41
535419,42
535419,43
535419,44
535419,45
535419,58
535419,60
535419,62
535419,74
535419,75
535618,28
535618,29
535618,30
535618,32
535618,33
535618,34
535618,35
535618,37
535618,38
535618,39
535618,40
535618,41
535618,42
535618,43
535618,44
535618,45
535618,46
535618,48
535618,59
535618,60
535618,103
535618,108
535618,109
535618,115
535817,25
535817,26
535817,27
535817,28
535817,29
535817,30
535817,31
535817,35
535817,38
535817,39
535817,40
535817,41
535817,42
535817,43
535817,44
535817,45
535817,46
535817,61
535817,63
535817,64
535817,65
535817,70
535817,71
535817,99
535817,100
535817,122
536016,2
536016,15
536016,16
536016,17
536016,18
536016,20
536016,21
536016,22
536016,24
536016,27
536016,28
536016,29
536016,30
536016,32
536016,33
536016,34
536016,35
536016,37
536016,40
536016,41
536016,42
536016,48
536016,49
536016,50
536016,56
536016,59
536016,65
536016,66
536016,67
536016,82
536016,95
536016,112
536016,113
536215,10
536215,11
536215,12
536215,26
536215,27
536215,28
536215,29
536215,30
536215,31
536215,32
536215,37
536215,38
536215,39
536215,40
536215,42
536215,43
536215,44
536215,45
536215,46
536215,47
536414,29
536414,30
536414,31
536414,34
536414,35
536414,37
536414,38
536414,39
536414,40
536414,41
536414,42
536414,43
536414,44
536414,45
536414,47
536414,48
536414,75
536414,76
536414,111
536414,112
536414,113
536613,29
536613,30
536613,31
536613,32
536613,33
536613,35
536613,36
536613,37
536613,38
536613,39
536613,41
536613,42
536613,43
536613,44
536613,47
536613,61
536613,65
536613,83
536613,84
536613,94
536812,5
536812,6
536812,22
536812,23
536812,26
536812,30
536812,31
536812,32
536812,33
536812,34
536812,35
536812,36
536812,37
536812,38
536812,39
536812,40
536812,41
536812,42
536812,43
536812,44
536812,51
536812,52
536812,56
536812,57
536812,62
536812,63
536812,68
536812,69
536812,73
537011,18
537011,19
537011,24
537011,25
537011,27
537011,28
537011,29
537011,30
537011,31
537011,32
537011,34
537011,38
537011,39
537011,40
537011,45
537011,64
537011,65
537210,9
537210,10
537210,28
537210,30
537210,31
537210,32
537210,33
537210,34
537210,36
537210,37
537210,38
537210,40
537210,42
537210,43
537210,44
537210,45
537210,47
537210,48
537210,75
537210,76
537210,80
537210,83
537210,95
537409,20
537409,21
537409,22
537409,31
537409,32
537409,35
537409,36
537409,37
537409,38
537409,39
537409,40
537409,41
537409,42
537409,43
537409,44
537409,45
537409,48
537409,63
537409,64
537409,66
537409,69
537409,70
537409,71
537409,119
537608,4
537608,18
537608,19
537608,26
537608,27
537608,28
537608,29
537608,30
537608,31
537608,32
537608,33
537608,34
537608,35
537608,36
537608,37
537608,38
537608,39
537608,40
537608,41
537608,42
537608,43
537608,44
537608,46
537608,47
537608,48
537608,75
537608,76
537608,77
537608,78
537807,1
537807,20
537807,21
537807,27
537807,28
537807,29
537807,30
537807,31
537807,32
537807,34
537807,39
537807,40
537807,41
537807,42
537807,44
537807,45
537807,46
537807,47
537807,48
537807,49
537807,50
537807,99
537807,124
538006,0
538006,31
538006,32
538006,33
538006,34
538006,35
538006,36
538006,37
538006,38
538006,39
538006,40
538006,41
538006,42
538006,43
538006,44
538006,47
538006,48
538205,28
538205,29
538205,30
538205,31
538205,34
538205,35
538205,38
538205,39
538205,41
538205,42
538205,48
538205,72
538205,73
538205,74
538205,78
538205,79
538404,25
538404,26
538404,31
538404,32
538404,33
538404,34
538404,35
538404,36
538404,40
538404,41
538404,42
538404,43
538404,45
538404,71
538404,73
538603,29
538603,30
538603,31
538603,32
538603,33
538603,34
538603,35
538603,37
538603,40
538603,41
538603,42
538603,44
538603,45
538603,46
538603,49
538603,50
538603,56
538603,61
538603,62
538603,66
538603,67
538802,11
538802,12
538802,26
538802,27
538802,31
538802,33
538802,34
538802,35
538802,36
538802,37
538802,38
538802,39
538802,40
538802,41
538802,45
538802,46
538802,49
539001,30
539001,31
539001,35
539001,36
539001,37
539001,38
539001,39
539001,40
539001,41
539001,42
539001,44
539001,45
539200,16
539200,26
539200,27
539200,28
539200,29
539200,30
539200,31
539200,32
539200,33
539200,34
539200,35
539200,36
539200,38
539200,39
539200,40
539200,41
539200,46
539200,48
539200,50
539200,51
539200,52
539200,54
539200,60
539200,80
539200,81
539200,95
539399,5
539399,6
539399,12
539399,22
539399,23
539399,25
539399,26
539399,27
539399,29
539399,30
539399,31
539399,32
539399,33
539399,34
539399,35
539399,36
539399,37
539399,38
539399,39
539399,40
539399,41
539399,42
539399,43
539399,45
539399,46
539399,52
539399,56
539399,57
539399,62
539399,63
539399,64
539399,68
539399,69
539399,125
539598,14
539598,16
539598,18
539598,19
539598,24
539598,26
539598,27
539598,28
539598,30
539598,31
539598,32
539598,33
539598,34
539598,35
539598,36
539598,37
539598,38
539598,39
539598,40
539598,41
539598,42
539598,43
539598,44
539598,45
539598,64
539598,65
539797,9
539797,10
539797,28
539797,29
539797,30
539797,31
539797,32
539797,33
539797,34
539797,35
539797,36
539797,37
539797,38
539797,41
539797,42
539797,43
539797,44
539797,45
539797,46
539797,47
539797,48
539797,49
539996,27
539996,38
539996,39
539996,42
539996,43
539996,67
539996,108
539996,119
540195,18
540195,19
540195,25
540195,26
540195,27
540195,28
540195,29
540195,30
540195,31
540195,32
540195,33
540195,34
540195,35
540195,36
540195,37
540195,38
540195,39
540195,40
540195,41
540195,42
540195,43
540195,44
540195,45
540195,46
540195,47
540195,64
540195,65
540195,66
540195,75
540195,76
540195,92
540195,93
540394,19
540394,20
540394,21
540394,27
540394,28
540394,29
540394,30
540394,31
540394,32
540394,33
540394,34
540394,35
540394,38
540394,39
540394,40
540394,43
540394,44
540394,45
540394,46
540394,47
540394,67
540394,68
540394,71
540394,73
540394,100
540593,29
540593,30
540593,31
540593,32
540593,34
540593,35
540593,36
540593,37
540593,38
540593,39
540593,40
540593,41
540593,42
540593,43
540792,30
540792,31
540792,32
540792,33
540792,34
540792,35
540792,37
540792,38
540792,39
540792,40
540792,41
540792,42
540792,45
540792,46
540792,61
540792,109
540792,110
540991,25
540991,26
540991,28
540991,29
540991,30
540991,31
540991,32
540991,39
540991,40
540991,41
540991,42
540991,43
540991,45
540991,46
540991,49
540991,50
540991,51
540991,52
540991,55
540991,56
540991,74
540991,75
540991,100
541190,0
541190,9
541190,16
541190,26
541190,29
541190,30
541190,31
541190,32
541190,33
541190,34
541190,35
541190,36
541190,37
541190,38
541190,39
541190,42
541190,43
541190,44
541190,45
541190,46
541190,47
541190,50
541190,51
541190,52
541190,53
541190,56
541190,67
541190,68
541190,95
541389,6
541389,10
541389,12
541389,14
541389,15
541389,26
541389,27
541389,28
541389,29
541389,31
541389,32
541389,33
541389,34
541389,35
541389,36
541389,37
541389,41
541389,42
541588,8
541588,30
541588,31
541588,33
541588,34
541588,35
541588,36
541588,37
541588,39
541588,40
541588,41
541588,42
541588,43
541588,44
541588,46
541588,76
541588,83
541588,110
541588,111
541787,8
541787,28
541787,29
541787,30
541787,31
541787,32
541787,33
541787,34
541787,35
541787,37
541787,38
541787,39
541787,47
541787,49
541787,68
541787,81
541787,83
541787,84
541787,95
541986,5
541986,6
541986,23
541986,31
541986,32
541986,33
541986,34
541986,35
541986,36
541986,37
541986,38
541986,39
541986,42
541986,57
541986,58
541986,62
541986,63
541986,68
541986,69
541986,71
541986,72
541986,74
541986,78
541986,79
541986,80
542185,14
542185,19
542185,25
542185,26
542185,27
542185,28
542185,29
542185,30
542185,31
542185,32
542185,33
542185,34
542185,35
542185,36
542185,37
542185,39
542185,40
542185,43
542185,44
542185,45
542185,63
542185,64
542185,65
542185,104
542185,105
542384,5
542384,9
542384,10
542384,28
542384,29
542384,30
542384,31
542384,32
542384,33
542384,34
542384,35
542384,36
542384,37
542384,38
542384,39
542384,40
542384,41
542384,42
542384,43
542384,44
542384,45
542384,46
542384,49
542384,50
542384,117
542583,6
542583,31
542583,32
542583,33
542583,34
542583,35
542583,36
542583,37
542583,38
542583,39
542583,40
542583,41
542583,45
542583,46
542583,108
542782,6
542782,7
542782,8
542782,12
542782,13
542782,18
542782,19
542782,26
542782,27
542782,28
542782,29
542782,30
542782,31
542782,32
542782,33
542782,34
542782,35
542782,36
542782,38
542782,39
542782,40
542782,41
542782,42
542782,43
542782,44
542782,59
542782,62
542782,75
542782,76
542782,92
542782,93
542981,20
542981,21
542981,27
542981,29
542981,30
542981,31
542981,32
542981,34
542981,35
542981,36
542981,37
542981,38
542981,39
542981,40
542981,41
542981,42
542981,43
542981,45
542981,46
542981,71
543180,6
543180,7
543180,29
543180,30
543180,31
543180,32
543180,33
543180,35
543180,36
543180,37
543180,38
543180,39
543180,41
543180,42
543180,43
543180,44
543180,45
543180,46
543180,96
543180,97
543379,9
543379,15
543379,16
543379,17
543379,29
543379,30
543379,31
543379,40
543379,41
543379,42
543379,43
543379,44
543379,45
543379,46
543379,103
543379,104
543379,109
543379,110
543578,5
543578,25
543578,26
543578,28
543578,30
543578,31
543578,32
543578,36
543578,37
543578,38
543578,39
543578,40
543578,41
543578,42
543578,43
543578,44
543578,45
543578,46
543578,47
543578,48
543578,71
543578,72
543777,4
543777,5
543777,26
543777,27
543777,28
543777,32
543777,33
543777,34
543777,35
543777,36
543777,37
543777,38
543777,39
543777,40
543777,50
543777,51
543777,56
543777,67
543777,68
543777,69
543777,70
543777,71
543777,73
543777,74
543976,12
543976,13
543976,26
543976,27
543976,29
543976,30
543976,31
543976,33
543976,34
543976,35
543976,36
543976,37
543976,38
543976,39
543976,40
543976,41
543976,42
543976,45
543976,46
543976,47
543976,48
543976,69
544175,0
544175,1
544175,2
544175,29
544175,30
544175,31
544175,32
544175,38
544175,39
544175,40
544175,41
544175,42
544175,43
544175,44
544175,57
544175,74
544175,75
544175,110
544175,111
544374,2
544374,4
544374,8
544374,12
544374,32
544374,35
544374,36
544374,37
544374,38
544374,39
544374,40
544374,41
544374,42
544374,43
544374,44
544374,45
544374,46
544374,62
544374,95
544374,96
544573,6
544573,7
544573,8
544573,11
544573,12
544573,13
544573,23
544573,24
544573,31
544573,32
544573,33
544573,34
544573,35
544573,36
544573,37
544573,38
544573,39
544573,42
544573,51
544573,57
544573,63
544573,68
544573,69
544573,74
544573,108
544573,109
544573,120
544772,13
544772,14
544772,19
544772,20
544772,25
544772,27
544772,28
544772,29
544772,30
544772,31
544772,32
544772,33
544772,34
544772,35
544772,36
544772,37
544772,38
544772,39
544772,40
544772,41
544772,42
544772,43
544772,44
544772,45
544772,46
544772,47
544772,48
544772,64
544772,65
544772,93
544772,94
544772,104
544971,9
544971,10
544971,12
544971,13
544971,27
544971,31
544971,33
544971,38
544971,39
544971,40
544971,62
544971,95
545170,28
545170,30
545170,31
545170,32
545170,33
545170,34
545170,35
545170,36
545170,37
545170,38
545170,39
545170,40
545170,41
545170,42
545170,68
545369,10
545369,11
545369,12
545369,13
545369,14
545369,15
545369,16
545369,17
545369,19
545369,21
545369,22
545369,29
545369,30
545369,31
545369,32
545369,33
545369,34
545369,35
545369,36
545369,37
545369,38
545369,39
545369,40
545369,68
545369,75
545369,76
545369,92
545369,93
545568,1
545568,9
545568,20
545568,21
545568,25
545568,27
545568,28
545568,29
545568,32
545568,33
545568,34
545568,35
545568,36
545568,37
545568,38
545568,39
545568,40
545568,42
545568,43
545568,45
545568,46
545568,47
545568,48
545568,71
545568,84
545767,26
545767,27
545767,29
545767,32
545767,33
545767,35
545767,36
545767,38
545767,39
545767,42
545767,43
545966,34
545966,35
545966,39
545966,40
545966,41
545966,42
545966,43
545966,45
545966,46
545966,75
545966,103
545966,104
545966,109
545966,116
546165,18
546165,26
546165,29
546165,30
546165,31
546165,32
546165,35
546165,36
546165,40
546165,41
546165,42
546165,43
546165,44
546165,45
546165,46
546165,65
546165,66
546165,99
546165,100
546364,2
546364,3
546364,5
546364,6
546364,18
546364,26
546364,27
546364,28
546364,29
546364,31
546364,32
546364,33
546364,37
546364,38
546364,39
546364,42
546364,43
546364,44
546364,45
546364,46
546364,47
546364,48
546364,50
546364,51
546364,56
546364,57
546364,67
546364,68
546563,12
546563,13
546563,18
546563,30
546563,31
546563,34
546563,37
546563,46
546563,109
546563,110
546762,2
546762,13
546762,31
546762,32
546762,34
546762,35
546762,36
546762,38
546762,39
546762,41
546762,42
546762,43
546762,44
546762,45
546762,46
546762,47
546961,3
546961,4
546961,16
546961,36
546961,38
546961,39
547160,6
547160,7
547160,12
547160,23
547160,24
547160,26
547160,27
547160,28
547160,31
547160,32
547160,33
547160,34
547160,35
547160,36
547160,37
547160,38
547160,39
547160,40
547160,42
547160,43
547160,44
547160,45
547160,46
547160,47
547160,57
547160,58
547160,63
547160,64
547160,68
547160,69
547160,74
547359,7
547359,14
547359,19
547359,25
547359,26
547359,27
547359,28
547359,29
547359,30
547359,31
547359,33
547359,34
547359,35
547359,36
547359,37
547359,39
547359,42
547359,43
547359,65
547359,67
547359,68
547359,69
547359,70
547359,71
547359,72
547558,9
547558,10
547558,28
547558,31
547558,32
547558,37
547558,38
547558,39
547558,41
547558,60
547558,84
547558,95
547558,118
547757,25
547757,26
547757,27
547757,28
547757,29
547757,31
547757,39
547757,40
547757,41
547757,42
547757,43
547757,48
547757,61
547757,63
547757,80
547757,108
547757,109
547956,5
547956,15
547956,20
547956,26
547956,28
547956,29
547956,30
547956,31
547956,35
547956,36
547956,37
547956,38
547956,39
547956,40
547956,42
547956,43
547956,44
547956,45
547956,46
547956,47
547956,48
547956,56
547956,75
547956,76
547956,79
547956,93
548155,20
548155,21
548155,25
548155,26
548155,27
548155,29
548155,30
548155,31
548155,32
548155,33
548155,34
548155,35
548155,36
548155,37
548155,38
548155,39
548155,41
548155,42
548155,43
548155,48
548155,62
548155,63
548155,64
548155,65
548155,72
548155,90
548354,0
548354,16
548354,17
548354,25
548354,26
548354,27
548354,28
548354,29
548354,30
548354,31
548354,32
548354,33
548354,34
548354,35
548354,36
548354,38
548354,40
548354,41
548354,42
548354,43
548354,44
548354,47
548354,63
548354,65
548553,7
548553,27
548553,28
548553,29
548553,30
548553,31
548553,32
548553,33
548553,34
548553,35
548553,36
548553,37
548553,38
548553,39
548553,40
548553,41
548553,42
548553,43
548553,44
548553,45
548553,47
548553,48
548553,64
548752,26
548752,27
548752,30
548752,31
548752,32
548752,36
548752,37
548752,41
548752,42
548752,43
548752,44
548752,45
548752,61
548752,71
548752,79
548951,4
548951,5
548951,27
548951,31
548951,32
548951,33
548951,34
548951,35
548951,39
548951,40
548951,43
548951,44
548951,46
548951,47
548951,48
548951,50
548951,51
548951,56
548951,57
548951,67
548951,68
548951,113
549150,12
549150,13
549150,26
549150,29
549150,30
549150,32
549150,33
549150,34
549150,35
549150,36
549150,37
549150,38
549150,39
549150,40
549150,61
549150,62
549150,69
549349,3
549349,15
549349,16
549349,17
549349,18
549349,19
549349,20
549349,27
549349,28
549349,29
549349,30
549349,31
549349,32
549349,34
549349,35
549349,40
549349,42
549349,43
549349,45
549349,48
549349,49
549349,52
549349,64
549349,111
549349,112
549548,0
549548,27
549548,28
549548,29
549548,30
549548,31
549548,32
549548,33
549548,34
549548,35
549548,36
549548,37
549548,38
549548,39
549548,40
549548,42
549548,43
549548,48
549548,56
549548,58
549548,63
549548,64
549548,68
549548,113
549747,6
549747,7
549747,8
549747,13
549747,14
549747,23
549747,24
549747,26
549747,27
549747,28
549747,29
549747,30
549747,32
549747,33
549747,34
549747,40
549747,41
549747,42
549747,43
549747,44
549747,45
549747,48
549747,57
549747,58
549747,60
549747,61
549747,63
549747,64
549747,69
549747,70
549946,14
549946,16
549946,26
549946,31
549946,32
549946,33
549946,34
549946,35
549946,37
549946,44
549946,58
549946,65
549946,66
549946,79
550145,0
550145,10
550145,11
550145,15
550145,26
550145,32
550145,33
550145,34
550145,35
550145,36
550145,37
550145,38
550145,39
550145,41
550145,42
550145,43
550145,45
550145,46
550145,47
550145,48
550145,49
550145,64
550145,66
550344,13
550344,14
550344,15
550344,26
550344,27
550344,28
550344,29
550344,33
550344,34
550344,35
550344,36
550344,37
550344,38
550344,39
550344,40
550344,41
550344,42
550344,43
550344,52
550344,62
550344,63
550344,64
550344,66
550344,69
550543,16
550543,19
550543,20
550543,30
550543,31
550543,32
550543,33
550543,34
550543,35
550543,36
550543,37
550543,38
550543,39
550543,40
550543,41
550543,42
550543,66
550543,76
550543,77
550543,78
550543,79
550543,93
550543,94
550742,21
550742,22
550742,27
550742,31
550742,32
550742,33
550742,34
550742,39
550742,42
550742,64
550742,65
550742,66
550742,67
550941,25
550941,26
550941,28
550941,29
550941,30
550941,31
550941,32
550941,33
550941,34
550941,35
550941,36
550941,37
550941,48
550941,73
550941,74
550941,102
550941,103
551140,4
551140,31
551140,32
551140,33
551140,34
551140,35
551140,37
551140,39
551140,43
551140,44
551140,60
551339,4
551339,26
551339,27
551339,28
551339,29
551339,31
551339,32
551339,33
551339,34
551339,35
551339,36
551339,37
551339,40
551339,41
551339,42
551339,43
551339,64
551538,30
551538,32
551538,33
551538,41
551538,42
551538,43
551538,44
551538,45
551538,46
551538,47
551538,48
551538,50
551538,51
551538,56
551538,57
551538,59
551538,60
551538,67
551538,68
551538,69
551737,3
551737,12
551737,13
551737,29
551737,30
551737,31
551737,32
551737,33
551737,34
551737,36
551737,37
551737,38
551737,39
551737,40
551737,46
551737,47
551737,48
551737,87
551737,108
551936,3
551936,4
551936,8
551936,9
551936,10
551936,13
551936,14
551936,15
551936,16
551936,18
551936,29
551936,30
551936,31
551936,32
551936,33
551936,34
551936,35
551936,36
551936,37
551936,38
551936,39
551936,40
551936,41
551936,42
551936,43
551936,46
551936,47
551936,49
551936,111
551936,112
552135,16
552135,29
552135,32
552135,33
552135,34
552135,35
552135,36
552135,37
552135,38
552135,39
552135,40
552135,41
552135,42
552135,43
552135,44
552135,48
552135,61
552135,63
552135,80
552135,84
552135,85
552334,6
552334,7
552334,24
552334,27
552334,28
552334,29
552334,32
552334,33
552334,34
552334,35
552334,37
552334,38
552334,40
552334,41
552334,43
552334,44
552334,46
552334,47
552334,52
552334,53
552334,57
552334,58
552334,63
552334,64
552334,69
552334,70
552533,7
552533,8
552533,9
552533,10
552533,11
552533,12
552533,14
552533,15
552533,16
552533,19
552533,25
552533,26
552533,29
552533,31
552533,32
552533,33
552533,34
552533,35
552533,36
552533,37
552533,38
552533,39
552533,40
552533,41
552533,43
552533,44
552533,45
552533,65
552533,66
552533,67
552732,10
552732,11
552732,16
552732,27
552732,38
552732,39
552732,40
552732,41
552732,42
552732,43
552732,77
552732,78
552931,8
552931,16
552931,25
552931,26
552931,27
552931,28
552931,29
552931,30
552931,31
552931,32
552931,33
552931,34
552931,35
552931,36
552931,37
552931,38
552931,39
552931,40
552931,41
552931,42
552931,45
552931,91
552931,92
552931,108
553130,10
553130,18
553130,19
553130,20
553130,30
553130,31
553130,32
553130,33
553130,34
553130,36
553130,37
553130,40
553130,41
553130,42
553130,66
553130,76
553130,77
553130,96
553130,97
553329,12
553329,13
553329,21
553329,22
553329,25
553329,29
553329,30
553329,31
553329,32
553329,33
553329,37
553329,38
553329,39
553329,40
553329,41
553329,42
553329,43
553329,44
553329,45
553329,61
553329,89
553329,90
553528,0
553528,1
553528,22
553528,23
553528,31
553528,32
553528,33
553528,35
553528,36
553528,37
553528,38
553528,39
553528,40
553528,48
553528,62
553528,63
553528,65
553528,105
553727,8
553727,9
553727,28
553727,29
553727,30
553727,31
553727,32
553727,33
553727,34
553727,37
553727,38
553727,39
553727,41
553727,44
553727,64
553727,69
553727,104
553727,110
553926,14
553926,16
553926,17
553926,18
553926,26
553926,27
553926,28
553926,29
553926,30
553926,31
553926,32
553926,33
553926,34
553926,35
553926,36
553926,43
553926,44
553926,48
553926,49
553926,53
553926,66
553926,67
553926,117
554125,7
554125,10
554125,11
554125,13
554125,14
554125,15
554125,16
554125,17
554125,27
554125,29
554125,30
554125,31
554125,32
554125,33
554125,34
554125,35
554125,36
554125,37
554125,38
554125,39
554125,40
554125,42
554125,43
554125,45
554125,46
554125,51
554125,52
554125,56
554125,57
554125,62
554125,66
554125,68
554125,69
554324,8
554324,9
554324,10
554324,12
554324,13
554324,15
554324,16
554324,17
554324,18
554324,26
554324,27
554324,28
554324,29
554324,30
554324,31
554324,32
554324,33
554324,34
554324,35
554324,36
554324,37
554324,38
554324,39
554324,41
554324,42
554324,43
554324,44
554324,45
554324,46
554324,47
554324,54
554324,58
554324,59
554324,67
554324,68
554324,69
554523,31
554523,32
554523,35
554523,43
554523,44
554523,46
554523,47
554523,49
554523,56
554523,57
554523,71
554722,9
554722,12
554722,15
554722,26
554722,27
554722,28
554722,29
554722,30
554722,31
554722,32
554722,33
554722,36
554722,37
554722,38
554722,39
554722,40
554722,41
554722,42
554722,43
554722,44
554722,70
554722,97
554921,6
554921,7
554921,8
554921,9
554921,11
554921,14
554921,15
554921,16
554921,27
554921,31
554921,32
554921,33
554921,34
554921,35
554921,36
554921,37
554921,38
554921,39
554921,40
554921,58
554921,63
554921,64
554921,69
554921,70
555120,8
555120,9
555120,10
555120,11
555120,12
555120,13
555120,14
555120,15
555120,20
555120,27
555120,28
555120,29
555120,31
555120,32
555120,33
555120,34
555120,35
555120,36
555120,37
555120,38
555120,39
555120,40
555120,44
555120,45
555120,46
555120,47
555120,48
555120,65
555120,66
555120,69
555319,10
555319,11
555319,12
555319,14
555319,36
555319,37
555319,38
555319,39
555319,43
555319,46
555319,47
555319,50
555319,51
555319,62
555518,6
555518,7
555518,8
555518,9
555518,10
555518,11
555518,15
555518,16
555518,17
555518,27
555518,28
555518,29
555518,31
555518,32
555518,35
555518,36
555518,37
555518,38
555518,39
555518,40
555518,41
555518,42
555518,43
555518,46
555518,47
555518,48
555518,56
555518,57
555518,65
555717,6
555717,7
555717,9
555717,12
555717,15
555717,16
555717,17
555717,18
555717,19
555717,20
555717,27
555717,28
555717,29
555717,30
555717,31
555717,32
555717,33
555717,34
555717,36
555717,37
555717,40
555717,41
555717,42
555717,54
555717,60
555717,65
555717,76
555717,77
555717,94
555916,6
555916,7
555916,10
555916,14
555916,15
555916,16
555916,18
555916,20
555916,21
555916,22
555916,29
555916,30
555916,31
555916,32
555916,33
555916,35
555916,36
555916,37
555916,38
555916,39
555916,40
555916,41
555916,42
555916,43
555916,44
555916,45
555916,58
555916,62
556115,6
556115,9
556115,13
556115,27
556115,30
556115,32
556115,33
556115,34
556115,35
556115,36
556115,38
556115,39
556115,40
556115,41
556115,42
556115,43
556115,79
556314,13
556314,25
556314,28
556314,29
556314,32
556314,34
556314,37
556314,38
556314,41
556314,42
556314,43
556314,44
556314,45
556314,47
556513,25
556513,26
556513,27
556513,28
556513,29
556513,30
556513,31
556513,32
556513,33
556513,36
556513,37
556513,40
556513,41
556513,42
556513,43
556513,44
556513,59
556513,63
556513,66
556513,72
556513,73
556712,5
556712,10
556712,16
556712,28
556712,29
556712,30
556712,31
556712,32
556712,33
556712,34
556712,35
556712,36
556712,37
556712,38
556712,42
556712,43
556712,44
556712,45
556712,46
556712,51
556712,52
556712,57
556712,68
556712,69
556712,92
556911,7
556911,8
556911,10
556911,11
556911,12
556911,13
556911,14
556911,17
556911,24
556911,25
556911,26
556911,27
556911,28
556911,29
556911,30
556911,31
556911,32
556911,33
556911,34
556911,35
556911,36
556911,37
556911,41
556911,42
556911,43
556911,47
556911,60
556911,61
556911,62
556911,71
556911,87
556911,88
557110,4
557110,7
557110,8
557110,11
557110,13
557110,14
557110,15
557110,16
557110,25
557110,26
557110,27
557110,28
557110,29
557110,30
557110,32
557110,33
557110,34
557110,35
557110,36
557110,37
557110,38
557110,39
557110,42
557110,43
557110,44
557309,8
557309,9
557309,10
557309,13
557309,14
557309,25
557309,26
557309,27
557309,28
557309,29
557309,30
557309,31
557309,32
557309,34
557309,36
557309,37
557309,38
557309,39
557309,40
557309,42
557309,43
557309,47
557309,66
557508,7
557508,8
557508,9
557508,12
557508,13
557508,14
557508,15
557508,16
557508,17
557508,24
557508,25
557508,26
557508,27
557508,28
557508,32
557508,33
557508,34
557508,38
557508,39
557508,40
557508,44
557508,45
557508,46
557508,53
557508,58
557508,59
557508,61
557508,63
557508,64
557508,69
557508,70
557508,87
557508,109
557508,121
557707,5
557707,10
557707,13
557707,14
557707,15
557707,16
557707,28
557707,37
557707,38
557707,39
557707,40
557707,41
557707,42
557707,43
557707,44
557707,45
557707,50
557707,51
557707,62
557707,63
557707,65
557707,66
557906,10
557906,11
557906,12
557906,13
557906,14
557906,15
557906,26
557906,35
557906,39
557906,40
557906,41
557906,43
557906,69
557906,70
557906,71
557906,72
557906,73
557906,74
557906,96
558105,10
558105,11
558105,13
558105,14
558105,16
558105,17
558105,28
558105,29
558105,30
558105,31
558105,32
558105,33
558105,34
558105,43
558105,92
558105,104
558105,120
558304,10
558304,11
558304,12
558304,13
558304,16
558304,17
558304,28
558304,29
558304,30
558304,31
558304,32
558304,33
558304,34
558304,35
558304,36
558304,37
558304,38
558304,39
558304,40
558304,41
558304,42
558304,43
558304,44
558304,45
558304,46
558304,47
558304,69
558304,76
558304,77
558503,9
558503,11
558503,14
558503,15
558503,17
558503,21
558503,22
558503,25
558503,26
558503,29
558503,32
558503,33
558503,34
558503,35
558503,37
558503,40
558503,42
558503,43
558503,54
558503,56
558503,57
558702,0
558702,1
558702,20
558702,26
558702,27
558702,28
558702,30
558702,31
558702,32
558702,33
558702,38
558702,39
558702,42
558702,43
558702,44
558702,45
558702,53
558702,54
558702,56
558702,65
558901,25
558901,26
558901,28
558901,29
558901,30
558901,31
558901,32
558901,33
558901,35
558901,36
558901,37
558901,39
558901,40
558901,42
558901,43
558901,44
558901,45
558901,46
558901,47
558901,87
558901,88
558901,104
558901,105
559100,11
559100,14
559100,17
559100,26
559100,27
559100,28
559100,32
559100,33
559100,35
559100,36
559100,37
559100,38
559100,39
559100,41
559100,42
559100,44
559100,48
559100,65
559100,72
559100,100
559299,9
559299,10
559299,11
559299,14
559299,15
559299,16
559299,27
559299,28
559299,29
559299,30
559299,31
559299,32
559299,33
559299,35
559299,36
559299,37
559299,42
559299,43
559299,44
559299,51
559299,52
559299,57
559299,58
559299,68
559299,69
559498,12
559498,13
559498,14
559498,15
559498,19
559498,26
559498,27
559498,28
559498,29
559498,30
559498,31
559498,32
559498,33
559498,34
559498,35
559498,36
559498,37
559498,38
559498,39
559498,40
559498,41
559498,42
559498,43
559498,44
559498,55
559498,64
559498,70
559697,3
559697,4
559697,11
559697,12
559697,13
559697,14
559697,16
559697,17
559697,18
559697,26
559697,27
559697,28
559697,29
559697,30
559697,31
559697,32
559697,33
559697,34
559697,36
559697,37
559697,38
559697,39
559697,40
559697,41
559697,42
559697,43
559697,44
559697,47
559697,48
559697,61
559697,62
559896,7
559896,13
559896,14
559896,15
559896,16
559896,18
559896,28
559896,29
559896,30
559896,36
559896,38
559896,39
559896,40
559896,41
559896,42
559896,53
559896,55
559896,56
559896,57
559896,58
559896,60
559896,61
559896,62
559896,63
559896,65
559896,66
559896,85
559896,86
559896,102
559896,105
560095,7
560095,8
560095,9
560095,10
560095,13
560095,14
560095,24
560095,25
560095,27
560095,28
560095,29
560095,32
560095,33
560095,34
560095,35
560095,36
560095,37
560095,43
560095,44
560095,45
560095,46
560095,47
560095,48
560095,53
560095,54
560095,55
560095,56
560095,57
560095,58
560095,59
560095,60
560095,61
560095,62
560095,63
560095,64
560095,65
560095,66
560095,67
560095,68
560095,69
560095,70
560095,71
560095,87
560095,109
560095,110
560294,24
560294,27
560294,28
560294,29
560294,33
560294,34
560294,35
560294,36
560294,37
560294,38
560294,39
560294,40
560294,41
560294,43
560294,44
560294,45
560294,46
560294,47
560294,52
560294,54
560294,55
560294,56
560294,58
560294,59
560294,60
560294,62
560294,63
560294,64
560294,66
560294,67
560294,68
560294,69
560294,70
560294,83
560493,7
560493,8
560493,9
560493,10
560493,11
560493,13
560493,14
560493,15
560493,16
560493,30
560493,31
560493,35
560493,39
560493,40
560493,52
560493,55
560493,56
560493,58
560493,60
560493,61
560493,62
560493,63
560493,64
560493,65
560493,66
560493,67
560493,68
560493,69
560493,70
560493,71
560692,1
560692,8
560692,9
560692,15
560692,16
560692,28
560692,29
560692,32
560692,33
560692,34
560692,35
560692,36
560692,37
560692,38
560692,40
560692,43
560692,44
560692,54
560692,55
560692,56
560692,57
560692,58
560692,59
560692,60
560692,61
560692,62
560692,66
560692,68
560692,70
560692,71
560692,104
560891,8
560891,9
560891,10
560891,11
560891,13
560891,14
560891,15
560891,16
560891,17
560891,18
560891,20
560891,21
560891,26
560891,28
560891,29
560891,30
560891,31
560891,32
560891,33
560891,34
560891,35
560891,37
560891,38
560891,39
560891,40
560891,41
560891,42
560891,43
560891,44
560891,45
560891,46
560891,47
560891,48
560891,53
560891,54
560891,55
560891,56
560891,57
560891,58
560891,59
560891,60
560891,63
560891,64
560891,65
560891,66
560891,67
560891,70
560891,76
560891,77
561090,1
561090,2
561090,8
561090,9
561090,10
561090,11
561090,14
561090,15
561090,16
561090,17
561090,21
561090,22
561090,25
561090,32
561090,33
561090,34
561090,35
561090,36
561090,37
561090,39
561090,40
561090,41
561090,42
561090,43
561090,45
561090,47
561090,48
561289,9
561289,10
561289,25
561289,27
561289,28
561289,29
561289,34
561289,36
561289,37
561289,39
561289,41
561289,45
561289,48
561289,53
561289,55
561289,56
561289,57
561289,58
561289,63
561289,64
561289,65
561289,66
561488,7
561488,15
561488,28
561488,30
561488,34
561488,35
561488,36
561488,37
561488,40
561488,43
561488,44
561488,45
561488,46
561687,27
561687,28
561687,30
561687,31
561687,32
561687,33
561687,34
561687,35
561687,36
561687,37
561687,38
561687,39
561687,40
561687,41
561687,42
561687,43
561687,44
561687,79
561687,101
561886,1
561886,6
561886,26
561886,27
561886,28
561886,29
561886,30
561886,33
561886,34
561886,35
561886,36
561886,37
561886,38
561886,39
561886,40
561886,41
561886,42
561886,43
561886,44
561886,45
561886,46
561886,47
561886,48
561886,51
561886,52
561886,56
561886,57
561886,58
561886,68
561886,69
561886,98
562085,7
562085,8
562085,13
562085,14
562085,31
562085,32
562085,33
562085,36
562085,37
562085,38
562085,39
562085,40
562085,42
562085,43
562085,44
562085,45
562085,46
562085,60
562284,11
562284,13
562284,26
562284,27
562284,28
562284,29
562284,30
562284,31
562284,32
562284,33
562284,34
562284,35
562284,36
562284,37
562284,38
562284,39
562284,40
562284,41
562284,42
562284,43
562284,44
562284,77
562483,7
562483,8
562483,9
562483,10
562483,12
562483,13
562483,14
562483,15
562483,25
562483,26
562483,28
562483,29
562483,30
562483,31
562483,32
562483,33
562483,34
562483,35
562483,36
562483,37
562483,38
562483,39
562483,40
562483,42
562483,43
562483,44
562483,45
562483,46
562483,48
562483,51
562483,52
562483,55
562483,59
562483,60
562483,62
562483,64
562483,68
562682,6
562682,7
562682,8
562682,9
562682,11
562682,12
562682,13
562682,15
562682,16
562682,24
562682,25
562682,28
562682,29
562682,30
562682,31
562682,32
562682,33
562682,34
562682,35
562682,36
562682,37
562682,40
562682,42
562682,45
562682,46
562682,53
562682,54
562682,55
562682,56
562682,64
562682,65
562682,70
562682,71
562682,88
562682,109
562682,121
562682,122
562881,7
562881,10
562881,11
562881,12
562881,13
562881,15
562881,16
562881,30
562881,31
562881,32
562881,33
562881,34
562881,35
562881,36
562881,40
562881,41
562881,42
562881,43
562881,44
562881,45
562881,53
562881,55
562881,56
562881,57
562881,58
562881,59
562881,62
562881,64
562881,65
562881,66
562881,67
562881,68
562881,69
562881,83
562881,94
562881,95
563080,2
563080,7
563080,11
563080,12
563080,14
563080,15
563080,16
563080,26
563080,27
563080,30
563080,31
563080,32
563080,34
563080,35
563080,36
563080,37
563080,38
563080,42
563080,44
563080,45
563080,46
563080,47
563080,48
563080,61
563080,119
563279,9
563279,10
563279,11
563279,12
563279,15
563279,16
563279,26
563279,27
563279,32
563279,33
563279,34
563279,35
563279,36
563279,37
563279,39
563279,40
563279,41
563279,43
563279,44
563279,45
563279,57
563279,62
563279,63
563279,67
563279,70
563279,92
563279,93
563279,103
563279,104
563478,7
563478,10
563478,13
563478,14
563478,15
563478,16
563478,20
563478,21
563478,29
563478,30
563478,31
563478,32
563478,37
563478,38
563478,39
563478,40
563478,41
563478,42
563478,43
563478,44
563478,45
563478,54
563478,55
563478,56
563478,57
563478,58
563478,59
563478,61
563478,64
563478,67
563478,68
563478,69
563478,77
563478,78
563478,79
563478,94
563677,8
563677,10
563677,11
563677,12
563677,13
563677,16
563677,22
563677,23
563677,27
563677,28
563677,29
563677,30
563677,31
563677,32
563677,33
563677,34
563677,36
563677,37
563677,38
563677,39
563677,40
563677,41
563677,42
563677,43
563677,44
563677,45
563677,47
563677,48
563677,53
563677,54
563677,55
563677,56
563677,59
563677,60
563677,63
563677,64
563677,65
563677,66
563677,69
563677,70
563876,2
563876,7
563876,9
563876,12
563876,13
563876,15
563876,16
563876,28
563876,29
563876,30
563876,31
563876,32
563876,33
563876,34
563876,35
563876,36
563876,37
563876,40
563876,42
563876,43
563876,45
563876,46
563876,47
563876,53
563876,54
563876,55
563876,56
563876,60
563876,61
563876,62
563876,63
563876,64
563876,65
563876,66
563876,67
563876,68
563876,93
564075,7
564075,12
564075,13
564075,14
564075,15
564075,26
564075,30
564075,31
564075,32
564075,33
564075,34
564075,35
564075,36
564075,37
564075,42
564075,46
564075,47
564075,48
564075,55
564075,57
564075,58
564075,60
564075,61
564075,62
564075,67
564075,69
564075,70
564075,71
564075,105
564075,106
564274,3
564274,7
564274,8
564274,9
564274,26
564274,27
564274,28
564274,29
564274,30
564274,31
564274,32
564274,33
564274,35
564274,36
564274,38
564274,39
564274,40
564274,42
564274,43
564274,44
564274,53
564274,54
564274,55
564274,56
564274,58
564274,59
564274,61
564274,63
564274,65
564274,66
564274,67
564274,69
564274,70
564274,78
564274,101
564274,102
564473,16
564473,32
564473,33
564473,34
564473,35
564473,36
564473,37
564473,42
564473,48
564473,51
564473,52
564473,53
564473,54
564473,55
564473,57
564473,58
564473,59
564473,60
564473,66
564473,67
564473,68
564473,69
564473,70
564473,71
564672,13
564672,14
564672,19
564672,20
564672,26
564672,27
564672,28
564672,29
564672,30
564672,31
564672,32
564672,33
564672,34
564672,39
564672,40
564672,41
564672,42
564672,43
564672,44
564672,54
564672,56
564672,60
564672,61
564672,62
564672,63
564672,65
564672,66
564672,67
564672,68
564672,69
564672,70
564871,2
564871,5
564871,7
564871,24
564871,26
564871,29
564871,32
564871,33
564871,35
564871,36
564871,37
564871,38
564871,39
564871,40
564871,41
564871,42
564871,43
564871,44
564871,46
564871,47
564871,48
564871,53
564871,54
564871,57
564871,58
564871,59
564871,60
564871,61
564871,62
564871,63
564871,64
564871,65
564871,67
564871,68
564871,69
564871,70
564871,79
565070,8
565070,9
565070,10
565070,11
565070,14
565070,15
565070,28
565070,29
565070,30
565070,31
565070,32
565070,33
565070,34
565070,35
565070,36
565070,37
565070,38
565070,39
565070,40
565070,41
565070,53
565070,57
565070,59
565070,60
565070,61
565070,62
565070,63
565070,64
565070,66
565070,68
565070,71
565070,102
565269,7
565269,8
565269,9
565269,10
565269,11
565269,12
565269,14
565269,24
565269,25
565269,30
565269,31
565269,32
565269,33
565269,34
565269,35
565269,36
565269,37
565269,38
565269,39
565269,40
565269,41
565269,42
565269,43
565269,44
565269,45
565269,56
565269,64
565269,65
565269,69
565269,70
565269,71
565269,88
565269,121
565269,122
565468,8
565468,11
565468,12
565468,13
565468,15
565468,16
565468,21
565468,26
565468,27
565468,31
565468,33
565468,34
565468,35
565468,36
565468,37
565468,38
565468,39
565468,40
565468,41
565468,42
565468,43
565468,53
565468,56
565468,57
565468,58
565468,59
565468,66
565468,67
565468,69
565468,70
565468,94
565468,117
565667,7
565667,8
565667,9
565667,10
565667,11
565667,12
565667,13
565667,27
565667,28
565667,29
565667,33
565667,35
565667,36
565667,39
565667,41
565667,42
565667,43
565667,44
565667,46
565667,47
565667,69
565866,33
565866,62
565866,80
565866,92
565866,93
565866,104
565866,105
566065,20
566065,21
566065,28
566065,29
566065,30
566065,31
566065,33
566065,37
566065,38
566065,40
566065,41
566065,42
566065,43
566065,44
566065,45
566065,46
566065,47
566065,62
566065,66
566065,77
566065,78
566065,94
566065,95
566264,14
566264,15
566264,16
566264,22
566264,23
566264,29
566264,30
566264,31
566264,32
566264,33
566264,34
566264,41
566264,42
566264,44
566264,45
566264,48
566264,63
566264,68
566264,70
566264,90
566463,7
566463,29
566463,30
566463,31
566463,32
566463,34
566463,36
566463,42
566463,92
566463,93
566662,25
566662,29
566662,30
566662,31
566662,33
566662,34
566662,35
566662,36
566662,38
566662,39
566662,40
566662,41
566662,42
566662,43
566662,44
566662,45
566662,48
566662,56
566662,57
566662,58
566662,59
566662,60
566662,61
566662,62
566662,63
566662,64
566662,106
566662,116
566662,117
566861,2
566861,26
566861,27
566861,28
566861,30
566861,31
566861,32
566861,33
566861,34
566861,36
566861,37
566861,38
566861,42
566861,44
566861,45
566861,58
566861,66
566861,67
566861,78
566861,79
566861,101
566861,102
566861,124
567060,1
567060,25
567060,27
567060,28
567060,29
567060,30
567060,31
567060,32
567060,33
567060,34
567060,35
567060,36
567060,37
567060,38
567060,39
567060,40
567060,42
567060,43
567060,44
567060,45
567060,46
567060,47
567060,52
567060,53
567060,57
567060,58
567060,69
567060,70
567259,9
567259,10
567259,11
567259,14
567259,17
567259,26
567259,27
567259,28
567259,30
567259,31
567259,32
567259,33
567259,34
567259,35
567259,41
567259,42
567259,43
567259,44
567259,45
567259,46
567259,47
567259,56
567259,60
567259,62
567259,63
567259,64
567259,65
567458,4
567458,5
567458,18
567458,19
567458,28
567458,29
567458,30
567458,31
567458,32
567458,33
567458,37
567458,38
567458,43
567458,44
567458,45
567458,46
567458,47
567458,60
567458,61
567458,62
567458,70
567458,71
567657,8
567657,11
567657,12
567657,13
567657,14
567657,27
567657,28
567657,29
567657,31
567657,32
567657,33
567657,36
567657,37
567657,38
567657,39
567657,40
567657,41
567657,51
567856,6
567856,7
567856,8
567856,11
567856,12
567856,13
567856,15
567856,16
567856,17
567856,25
567856,27
567856,28
567856,29
567856,30
567856,31
567856,33
567856,34
567856,36
567856,37
567856,38
567856,39
567856,41
567856,42
567856,48
567856,64
567856,65
567856,67
567856,69
567856,70
567856,71
567856,110
567856,111
568055,26
568055,27
568055,30
568055,31
568055,33
568055,34
568055,35
568055,37
568055,40
568055,43
568055,44
568055,46
568055,47
568055,48
568055,57
568055,58
568055,60
568055,62
568055,63
568055,64
568055,65
568055,66
568055,67
568055,68
568055,69
568055,70
568055,79
568055,83
568055,84
568055,117
568055,118
568254,9
568254,10
568254,11
568254,12
568254,15
568254,16
568254,28
568254,29
568254,31
568254,32
568254,33
568254,34
568254,35
568254,36
568254,37
568254,38
568254,39
568254,40
568254,44
568254,55
568254,57
568254,58
568254,59
568254,62
568254,63
568254,64
568254,65
568254,66
568254,67
568254,70
568453,10
568453,11
568453,12
568453,13
568453,16
568453,17
568453,23
568453,26
568453,27
568453,28
568453,29
568453,30
568453,32
568453,34
568453,35
568453,41
568453,42
568453,43
568453,44
568453,45
568453,46
568453,47
568453,55
568453,56
568453,59
568453,60
568453,66
568453,68
568453,70
568453,71
568453,72
568453,92
568453,93
568652,7
568652,8
568652,9
568652,10
568652,11
568652,12
568652,13
568652,14
568652,15
568652,16
568652,20
568652,21
568652,23
568652,27
568652,28
568652,29
568652,32
568652,34
568652,35
568652,36
568652,37
568652,38
568652,39
568652,40
568652,41
568652,42
568652,44
568652,45
568652,46
568652,55
568652,56
568652,59
568652,61
568652,77
568652,78
568851,10
568851,11
568851,13
568851,22
568851,23
568851,27
568851,29
568851,30
568851,31
568851,32
568851,33
568851,34
568851,44
568851,47
568851,48
568851,55
568851,63
568851,69
569050,7
569050,8
569050,10
569050,11
569050,12
569050,15
569050,26
569050,27
569050,28
569050,30
569050,31
569050,33
569050,34
569050,35
569050,36
569050,37
569050,38
569050,39
569050,41
569050,42
569050,45
569050,46
569050,53
569050,60
569050,103
569050,104
569249,7
569249,11
569249,12
569249,15
569249,25
569249,28
569249,29
569249,33
569249,34
569249,35
569249,36
569249,38
569249,39
569249,40
569249,41
569249,42
569249,43
569249,45
569249,46
569249,47
569249,48
569249,63
569448,10
569448,11
569448,12
569448,26
569448,27
569448,28
569448,29
569448,30
569448,31
569448,32
569448,33
569448,34
569448,35
569448,36
569448,43
569448,44
569448,45
569448,48
569448,56
569448,67
569448,78
569448,101
569448,102
569647,2
569647,8
569647,9
569647,10
569647,11
569647,15
569647,16
569647,17
569647,27
569647,28
569647,29
569647,30
569647,31
569647,34
569647,35
569647,36
569647,37
569647,38
569647,39
569647,40
569647,41
569647,42
569647,43
569647,44
569647,45
569647,52
569647,53
569647,57
569647,58
569647,60
569647,62
569647,65
569647,68
569647,69
569647,70
569647,109
569846,8
569846,10
569846,11
569846,13
569846,14
569846,15
569846,27
569846,28
569846,29
569846,30
569846,31
569846,32
569846,33
569846,34
569846,35
569846,36
569846,37
569846,38
569846,39
569846,40
569846,41
569846,42
569846,46
569846,47
569846,60
570045,2
570045,4
570045,5
570045,7
570045,9
570045,11
570045,12
570045,13
570045,14
570045,28
570045,29
570045,30
570045,31
570045,32
570045,33
570045,35
570045,36
570045,37
570045,38
570045,39
570045,40
570045,43
570045,44
570045,45
570244,6
570244,9
570244,11
570244,13
570244,26
570244,27
570244,28
570244,29
570244,30
570244,31
570244,32
570244,33
570244,34
570244,35
570244,37
570244,38
570244,39
570244,40
570244,41
570244,42
570244,43
570244,54
570244,64
570244,65
570244,66
570443,5
570443,7
570443,8
570443,9
570443,10
570443,25
570443,26
570443,33
570443,34
570443,35
570443,36
570443,37
570443,38
570443,39
570443,40
570443,41
570443,42
570443,43
570443,44
570443,59
570443,60
570443,65
570443,66
570443,67
570443,68
570443,69
570443,70
570642,6
570642,7
570642,9
570642,12
570642,13
570642,14
570642,16
570642,25
570642,26
570642,27
570642,31
570642,32
570642,34
570642,35
570642,36
570642,37
570642,40
570642,41
570642,42
570642,66
570642,67
570642,96
570841,8
570841,11
570841,12
570841,13
570841,14
570841,15
570841,27
570841,28
570841,29
570841,30
570841,31
570841,32
570841,33
570841,34
570841,35
570841,36
570841,38
570841,39
570841,42
570841,43
570841,44
570841,45
570841,46
570841,57
570841,58
571040,27
571040,33
571040,34
571040,35
571040,36
571040,37
571040,38
571040,39
571040,40
571040,43
571040,46
571040,47
571040,48
571040,56
571040,60
571040,63
571040,93
571040,105
571040,107
571239,7
571239,8
571239,9
571239,10
571239,13
571239,14
571239,20
571239,21
571239,28
571239,32
571239,34
571239,35
571239,36
571239,37
571239,38
571239,39
571239,40
571239,41
571239,42
571239,43
571239,44
571239,45
571239,46
571239,47
571239,48
571239,59
571239,66
571239,67
571239,69
571239,70
571239,77
571239,78
571438,1
571438,7
571438,8
571438,9
571438,11
571438,12
571438,13
571438,14
571438,22
571438,23
571438,25
571438,26
571438,27
571438,28
571438,29
571438,30
571438,33
571438,34
571438,38
571438,39
571438,40
571438,42
571438,43
571438,44
571438,45
571438,46
571438,54
571438,55
571438,56
571438,57
571438,58
571438,59
571438,60
571438,63
571438,64
571438,65
571438,66
571438,67
571438,68
571637,8
571637,9
571637,10
571637,12
571637,13
571637,14
571637,26
571637,27
571637,28
571637,29
571637,31
571637,32
571637,33
571637,34
571637,35
571637,36
571637,37
571637,38
571637,39
571637,40
571637,41
571637,42
571637,43
571637,44
571637,46
571637,54
571637,55
571637,58
571637,59
571637,60
571637,64
571637,65
571637,66
571637,67
571637,93
571836,8
571836,12
571836,13
571836,14
571836,26
571836,27
571836,30
571836,35
571836,36
571836,37
571836,38
571836,40
571836,41
571836,42
571836,44
571836,45
571836,46
571836,47
571836,48
571836,60
571836,61
571836,64
571836,65
571836,66
571836,80
571836,117
571836,118
572035,26
572035,27
572035,28
572035,29
572035,30
572035,31
572035,32
572035,33
572035,34
572035,35
572035,36
572035,37
572035,38
572035,39
572035,41
572035,42
572035,43
572035,44
572035,48
572035,54
572035,56
572035,57
572035,61
572035,73
572035,79
572234,1
572234,2
572234,9
572234,15
572234,27
572234,28
572234,30
572234,31
572234,32
572234,34
572234,35
572234,36
572234,39
572234,52
572234,53
572234,54
572234,58
572234,59
572234,60
572234,61
572234,62
572234,65
572234,69
572234,70
572433,3
572433,9
572433,12
572433,14
572433,15
572433,20
572433,22
572433,30
572433,31
572433,32
572433,33
572433,34
572433,35
572433,36
572433,37
572433,39
572433,40
572433,41
572433,44
572433,45
572433,46
572433,60
572632,4
572632,5
572632,14
572632,26
572632,28
572632,29
572632,30
572632,31
572632,32
572632,33
572632,34
572632,35
572632,36
572632,37
572632,38
572632,44
572632,45
572632,60
572831,26
572831,27
572831,28
572831,29
572831,30
572831,31
572831,32
572831,33
572831,34
572831,35
572831,36
572831,37
572831,38
572831,39
572831,40
572831,41
572831,42
572831,43
572831,44
572831,45
572831,52
572831,54
572831,56
572831,61
572831,104
573030,8
573030,9
573030,14
573030,19
573030,25
573030,26
573030,31
573030,57
573030,59
573030,65
573030,66
573030,70
573030,71
573030,88
573229,1
573229,7
573229,8
573229,13
573229,15
573229,16
573229,21
573229,26
573229,27
573229,28
573229,29
573229,30
573229,31
573229,32
573229,33
573229,34
573229,36
573229,37
573229,39
573229,40
573229,41
573229,42
573229,43
573229,44
573229,45
573229,46
573229,47
573229,67
573229,68
573229,81
573229,106
573229,118
573428,10
573428,11
573428,12
573428,13
573428,27
573428,28
573428,29
573428,31
573428,32
573428,33
573428,34
573428,35
573428,36
573428,38
573428,39
573428,40
573428,41
573428,42
573428,43
573428,44
573428,45
573428,46
573428,47
573627,6
573627,9
573627,11
573627,15
573627,32
573627,33
573627,34
573627,35
573627,36
573627,37
573627,38
573627,44
573627,45
573627,61
573627,66
573627,67
573627,68
573627,79
573627,93
573627,105
573826,1
573826,8
573826,9
573826,12
573826,13
573826,14
573826,19
573826,20
573826,21
573826,22
573826,28
573826,29
573826,30
573826,31
573826,35
573826,36
573826,37
573826,38
573826,39
573826,40
573826,41
573826,42
573826,43
573826,66
573826,67
573826,77
573826,78
574025,11
574025,12
574025,22
574025,23
574025,30
574025,31
574025,32
574025,33
574025,34
574025,35
574025,37
574025,40
574025,41
574025,43
574025,44
574025,45
574025,46
574025,48
574025,49
574025,52
574025,53
574025,54
574025,55
574025,63
574025,70
574224,6
574224,7
574224,8
574224,10
574224,11
574224,12
574224,14
574224,21
574224,22
574224,23
574224,27
574224,28
574224,29
574224,30
574224,31
574224,32
574224,33
574224,34
574224,35
574224,37
574224,38
574224,39
574224,40
574224,41
574224,42
574224,44
574224,46
574224,54
574224,55
574224,62
574224,63
574224,64
574224,65
574224,66
574224,69
574224,77
574224,104
574423,7
574423,11
574423,12
574423,15
574423,24
574423,28
574423,29
574423,30
574423,34
574423,35
574423,36
574423,37
574423,38
574423,39
574423,40
574423,41
574423,42
574423,43
574423,44
574423,45
574423,46
574423,48
574423,64
574423,65
574622,18
574622,26
574622,27
574622,28
574622,29
574622,33
574622,34
574622,35
574622,36
574622,37
574622,38
574622,41
574622,44
574622,45
574622,46
574622,58
574622,64
574622,65
574622,69
574821,1
574821,2
574821,9
574821,10
574821,11
574821,12
574821,13
574821,15
574821,28
574821,29
574821,32
574821,33
574821,34
574821,35
574821,36
574821,37
574821,38
574821,39
574821,40
574821,43
574821,44
574821,45
574821,46
574821,47
574821,52
574821,53
574821,58
574821,59
574821,60
574821,61
574821,67
574821,69
574821,70
575020,8
575020,9
575020,14
575020,15
575020,30
575020,31
575020,32
575020,33
575020,34
575020,35
575020,36
575020,37
575020,38
575020,39
575020,41
575020,42
575020,43
575020,44
575020,45
575020,46
575020,47
575020,55
575020,56
575020,57
575020,58
575020,60
575020,61
575020,63
575020,64
575020,66
575020,68
575020,69
575020,76
575020,77
575219,5
575219,8
575219,9
575219,12
575219,13
575219,14
575219,30
575219,31
575219,33
575219,34
575219,35
575219,36
575219,37
575219,38
575219,39
575219,40
575219,41
575219,42
575219,43
575219,44
575219,45
575219,54
575219,55
575219,58
575219,60
575219,61
575219,66
575219,69
575418,11
575418,13
575418,28
575418,29
575418,30
575418,31
575418,32
575418,33
575418,34
575418,35
575418,36
575418,37
575418,38
575418,39
575418,40
575418,41
575418,42
575418,54
575418,57
575418,59
575418,61
575418,63
575418,64
575418,65
575418,67
575418,68
575418,69
575418,71
575418,75
575418,76
575617,8
575617,9
575617,10
575617,11
575617,12
575617,13
575617,14
575617,15
575617,25
575617,26
575617,27
575617,28
575617,29
575617,30
575617,33
575617,34
575617,35
575617,36
575617,37
575617,38
575617,39
575617,40
575617,41
575617,42
575617,43
575617,44
575617,45
575617,46
575617,47
575617,54
575617,55
575617,56
575617,57
575617,58
575617,59
575617,60
575617,62
575617,63
575617,64
575617,65
575617,66
575617,68
575617,69
575617,71
575617,72
575617,88
575617,89
575617,111
575617,122
575617,123
575816,12
575816,13
575816,14
575816,15
575816,16
575816,26
575816,30
575816,32
575816,33
575816,34
575816,35
575816,36
575816,39
575816,40
575816,42
575816,43
575816,44
575816,45
575816,46
575816,53
575816,54
575816,55
575816,56
575816,59
575816,60
575816,67
575816,68
575816,95
575816,96
576015,11
576015,12
576015,13
576015,15
576015,27
576015,28
576015,29
576015,30
576015,31
576015,32
576015,33
576015,34
576015,35
576015,38
576015,39
576015,43
576015,44
576015,45
576015,46
576015,48
576015,54
576015,55
576015,56
576015,57
576015,58
576015,59
576015,60
576015,61
576015,64
576015,65
576015,66
576015,70
576214,10
576214,12
576214,26
576214,27
576214,28
576214,33
576214,35
576214,38
576214,39
576214,40
576214,41
576214,44
576214,45
576214,46
576214,72
576214,73
576214,81
576214,82
576214,104
576214,105
576413,7
576413,8
576413,9
576413,11
576413,12
576413,13
576413,14
576413,16
576413,21
576413,22
576413,28
576413,31
576413,32
576413,33
576413,34
576413,35
576413,36
576413,37
576413,38
576413,39
576413,40
576413,41
576413,42
576413,43
576413,44
576413,45
576413,46
576413,47
576413,48
576413,62
576413,66
576413,67
576413,78
576413,79
576413,82
576413,83
576413,84
576612,9
576612,13
576612,23
576612,24
576612,25
576612,26
576612,28
576612,29
576612,30
576612,32
576612,34
576612,35
576612,36
576612,37
576612,39
576612,40
576612,43
576612,63
576612,109
576811,2
576811,7
576811,8
576811,14
576811,15
576811,26
576811,28
576811,29
576811,30
576811,31
576811,32
576811,33
576811,34
576811,35
576811,36
576811,37
576811,38
576811,39
576811,40
576811,45
576811,46
576811,47
576811,54
576811,55
576811,58
576811,63
576811,68
576811,69
576811,75
576811,94
576811,104
577010,1
577010,7
577010,11
577010,14
577010,30
577010,31
577010,34
577010,35
577010,36
577010,37
577010,38
577010,39
577010,40
577010,41
577010,42
577010,53
577010,54
577010,56
577010,57
577010,58
577010,59
577010,60
577010,61
577010,63
577010,68
577010,70
577010,71
577010,106
577010,107
577209,12
577209,25
577209,26
577209,28
577209,29
577209,30
577209,31
577209,32
577209,33
577209,34
577209,35
577209,36
577209,37
577209,40
577209,41
577209,42
577209,43
577209,44
577209,45
577209,66
577209,67
577209,68
577209,79
577209,80
577209,102
577209,103
577408,1
577408,2
577408,21
577408,22
577408,26
577408,27
577408,28
577408,29
577408,30
577408,33
577408,34
577408,37
577408,38
577408,39
577408,40
577408,42
577408,43
577408,46
577408,52
577408,53
577408,55
577408,56
577408,58
577408,59
577408,60
577408,61
577408,62
577408,63
577408,67
577408,68
577408,69
577408,70
577607,9
577607,10
577607,14
577607,15
577607,28
577607,29
577607,30
577607,32
577607,33
577607,34
577607,36
577607,39
577607,51
577607,52
577607,53
577607,54
577607,55
577607,56
577607,57
577607,58
577607,59
577607,60
577607,61
577607,62
577607,63
577607,65
577607,67
577806,5
577806,6
577806,9
577806,12
577806,28
577806,29
577806,32
577806,33
577806,34
577806,36
577806,37
577806,38
577806,39
577806,41
577806,44
577806,45
577806,47
577806,48
577806,60
577806,61
577806,62
577806,64
577806,65
577806,69
577806,70
577806,117
578005,1
578005,2
578005,11
578005,13
578005,14
578005,16
578005,21
578005,22
578005,41
578005,42
578005,43
578005,54
578005,62
578005,65
578005,66
578005,67
578005,68
578005,69
578005,70
578005,86
578005,87
578005,98
578204,2
578204,3
578204,4
578204,8
578204,9
578204,11
578204,14
578204,15
578204,23
578204,25
578204,26
578204,27
578204,29
578204,30
578204,31
578204,33
578204,34
578204,35
578204,36
578204,37
578204,38
578204,39
578204,40
578204,41
578204,43
578204,44
578204,45
578204,46
578204,53
578204,54
578204,55
578204,56
578204,57
578204,58
578204,59
578204,65
578204,66
578204,68
578204,69
578204,71
578204,72
578204,111
578204,112
578403,16
578403,17
578403,24
578403,27
578403,28
578403,31
578403,37
578403,38
578403,40
578403,51
578403,52
578403,56
578403,65
578403,66
578403,67
578403,68
578403,80
578403,85
578602,3
578602,4
578602,12
578602,13
578602,26
578602,27
578602,28
578602,29
578602,30
578602,31
578602,32
578602,33
578602,34
578602,35
578602,36
578602,37
578602,38
578602,39
578602,40
578602,42
578602,44
578602,45
578602,46
578602,48
578602,52
578801,13
578801,14
578801,17
578801,33
578801,34
578801,35
578801,36
578801,37
578801,39
578801,40
578801,41
578801,42
578801,43
578801,44
578801,45
578801,46
578801,55
578801,56
578801,57
578801,58
578801,62
578801,67
578801,70
578801,71
578801,105
579000,7
579000,9
579000,14
579000,15
579000,16
579000,21
579000,22
579000,26
579000,27
579000,29
579000,30
579000,31
579000,32
579000,33
579000,34
579000,35
579000,36
579000,37
579000,38
579000,39
579000,40
579000,43
579000,44
579000,45
579000,46
579000,47
579000,48
579000,54
579000,61
579000,62
579000,63
579000,64
579000,65
579000,66
579000,67
579000,68
579000,70
579000,71
579000,78
579000,79
579000,124
579199,16
579199,23
579199,24
579199,26
579199,27
579199,28
579199,29
579199,30
579199,31
579199,32
579199,33
579199,34
579199,35
579199,36
579199,37
579199,38
579199,39
579199,40
579199,41
579199,42
579199,43
579199,44
579199,45
579199,46
579199,47
579199,53
579199,54
579199,56
579199,57
579199,58
579199,59
579199,60
579199,62
579199,63
579199,64
579199,65
579199,66
579199,67
579199,68
579199,70
579199,105
579398,8
579398,10
579398,14
579398,15
579398,17
579398,18
579398,24
579398,26
579398,27
579398,28
579398,29
579398,30
579398,31
579398,32
579398,33
579398,34
579398,35
579398,36
579398,38
579398,39
579398,40
579398,41
579398,42
579398,43
579398,44
579398,45
579398,46
579398,47
579398,53
579398,54
579398,55
579398,56
579398,57
579398,58
579398,62
579398,63
579398,64
579398,65
579398,66
579398,93
579398,105
579597,2
579597,7
579597,8
579597,12
579597,13
579597,14
579597,15
579597,29
579597,30
579597,31
579597,33
579597,34
579597,36
579597,37
579597,38
579597,39
579597,40
579597,41
579597,42
579597,43
579597,44
579597,45
579597,54
579597,57
579597,58
579597,59
579597,60
579597,62
579597,63
579597,64
579597,65
579597,68
579597,69
579597,70
579597,106
579597,107
579597,117
579597,118
579796,7
579796,8
579796,9
579796,10
579796,13
579796,14
579796,15
579796,16
579796,25
579796,26
579796,27
579796,28
579796,29
579796,30
579796,31
579796,32
579796,33
579796,34
579796,35
579796,36
579796,37
579796,38
579796,41
579796,42
579796,43
579796,44
579796,45
579796,54
579796,56
579796,57
579796,58
579796,59
579796,60
579796,64
579796,65
579796,66
579796,69
579796,102
579796,103
579995,2
579995,6
579995,7
579995,8
579995,11
579995,12
579995,13
579995,15
579995,16
579995,17
579995,18
579995,26
579995,27
579995,28
579995,29
579995,30
579995,31
579995,33
579995,34
579995,35
579995,36
579995,37
579995,38
579995,39
579995,40
579995,42
579995,44
579995,45
579995,46
579995,47
579995,50
579995,53
579995,54
579995,55
579995,56
579995,58
579995,59
579995,60
579995,61
579995,62
579995,63
579995,66
579995,67
579995,69
579995,70
579995,71
579995,109
580194,15
580194,21
580194,28
580194,29
580194,31
580194,32
580194,33
580194,35
580194,36
580194,37
580194,38
580194,40
580194,41
580194,42
580194,43
580194,54
580194,55
580194,56
580194,57
580194,58
580194,59
580194,60
580194,61
580194,63
580194,64
580194,67
580194,70
580393,5
580393,6
580393,7
580393,8
580393,12
580393,13
580393,15
580393,16
580393,17
580393,27
580393,28
580393,29
580393,30
580393,31
580393,32
580393,33
580393,34
580393,35
580393,36
580393,37
580393,38
580393,39
580393,40
580393,41
580393,42
580393,45
580393,46
580393,47
580393,48
580393,53
580393,54
580393,56
580393,57
580393,59
580393,60
580393,62
580393,64
580393,65
580393,66
580393,67
580393,70
580592,7
580592,8
580592,11
580592,13
580592,14
580592,15
580592,16
580592,17
580592,25
580592,26
580592,27
580592,31
580592,33
580592,34
580592,35
580592,37
580592,38
580592,39
580592,40
580592,41
580592,43
580592,44
580592,45
580592,46
580592,53
580592,54
580592,57
580592,58
580592,59
580592,60
580592,61
580592,62
580592,63
580592,64
580592,65
580592,66
580592,67
580592,68
580592,70
580592,80
580791,2
580791,8
580791,9
580791,14
580791,25
580791,26
580791,28
580791,29
580791,30
580791,32
580791,33
580791,35
580791,36
580791,37
580791,38
580791,39
580791,40
580791,41
580791,42
580791,43
580791,53
580791,54
580791,55
580791,56
580791,59
580791,60
580791,61
580791,62
580791,63
580791,64
580791,65
580791,66
580791,67
580791,70
580791,71
580791,72
580990,16
580990,17
580990,19
580990,20
580990,25
580990,26
580990,27
580990,28
580990,30
580990,35
580990,36
580990,37
580990,38
580990,39
580990,40
580990,42
580990,67
580990,68
580990,96
581189,12
581189,13
581189,27
581189,30
581189,31
581189,32
581189,33
581189,34
581189,35
581189,36
581189,38
581189,45
581189,55
581388,12
581388,13
581388,14
581388,26
581388,27
581388,30
581388,34
581388,35
581388,40
581388,42
581388,43
581388,44
581388,45
581388,56
581388,105
581388,106
581587,6
581587,7
581587,9
581587,10
581587,11
581587,12
581587,13
581587,14
581587,15
581587,16
581587,17
581587,18
581587,21
581587,22
581587,30
581587,31
581587,33
581587,34
581587,35
581587,36
581587,37
581587,38
581587,39
581587,40
581587,43
581587,44
581587,45
581587,46
581587,47
581587,62
581587,67
581587,68
581587,78
581587,79
581786,12
581786,15
581786,16
581786,23
581786,24
581786,25
581786,26
581786,29
581786,30
581786,31
581786,32
581786,34
581786,35
581786,37
581786,38
581786,40
581786,41
581786,42
581786,43
581786,44
581786,45
581786,46
581786,47
581786,54
581786,55
581786,56
581786,57
581786,58
581786,59
581786,60
581786,61
581786,62
581786,63
581786,64
581786,65
581786,66
581786,67
581786,69
581786,71
581786,82
581985,5
581985,6
581985,7
581985,8
581985,9
581985,10
581985,11
581985,12
581985,16
581985,27
581985,28
581985,29
581985,30
581985,31
581985,32
581985,33
581985,34
581985,35
581985,36
581985,39
581985,40
581985,42
581985,43
581985,45
581985,46
581985,53
581985,54
581985,55
581985,56
581985,57
581985,58
581985,59
581985,60
581985,61
581985,62
581985,63
581985,64
581985,65
581985,66
581985,67
581985,68
581985,69
581985,104
582184,3
582184,6
582184,8
582184,10
582184,11
582184,13
582184,15
582184,29
582184,31
582184,33
582184,35
582184,36
582184,37
582184,38
582184,39
582184,40
582184,42
582184,51
582184,52
582184,53
582184,55
582184,56
582184,57
582184,59
582184,60
582184,61
582184,62
582184,64
582184,65
582184,67
582184,68
582184,69
582184,70
582383,7
582383,10
582383,14
582383,26
582383,27
582383,28
582383,29
582383,33
582383,34
582383,35
582383,39
582383,40
582383,42
582383,43
582383,44
582383,45
582383,46
582383,52
582383,53
582383,54
582383,55
582383,56
582383,57
582383,58
582383,59
582383,61
582383,64
582383,66
582383,68
582383,69
582383,70
582383,80
582582,2
582582,3
582582,8
582582,9
582582,10
582582,11
582582,12
582582,14
582582,15
582582,16
582582,17
582582,18
582582,27
582582,28
582582,29
582582,30
582582,31
582582,32
582582,33
582582,34
582582,35
582582,36
582582,37
582582,38
582582,39
582582,45
582582,46
582582,53
582582,54
582582,55
582582,56
582582,58
582582,59
582582,60
582582,61
582582,63
582582,66
582582,67
582582,68
582582,69
582582,70
582582,71
582582,99
582781,10
582781,15
582781,16
582781,18
582781,28
582781,30
582781,31
582781,32
582781,34
582781,35
582781,36
582781,37
582781,39
582781,40
582781,42
582781,43
582781,44
582781,45
582781,46
582781,60
582781,61
582781,72
582781,73
582980,5
582980,6
582980,13
582980,14
582980,17
582980,26
582980,27
582980,28
582980,29
582980,30
582980,31
582980,32
582980,33
582980,34
582980,35
582980,36
582980,37
582980,38
582980,41
582980,42
582980,44
582980,45
582980,46
582980,47
582980,48
583179,25
583179,26
583179,27
583179,28
583179,29
583179,33
583179,34
583179,35
583179,36
583179,37
583179,38
583179,39
583179,40
583179,41
583179,43
583179,44
583179,45
583179,46
583179,47
583179,48
583179,75
583378,9
583378,10
583378,11
583378,13
583378,14
583378,15
583378,16
583378,26
583378,27
583378,29
583378,34
583378,35
583378,36
583378,37
583378,38
583378,39
583378,40
583378,41
583378,42
583378,43
583378,44
583378,45
583378,66
583378,71
583378,72
583378,74
583378,75
583378,122
583378,123
583577,9
583577,16
583577,17
583577,27
583577,28
583577,29
583577,30
583577,31
583577,33
583577,34
583577,36
583577,37
583577,39
583577,40
583577,42
583577,43
583577,45
583577,67
583577,68
583776,12
583776,13
583776,14
583776,18
583776,19
583776,31
583776,32
583776,33
583776,34
583776,35
583776,36
583776,37
583776,38
583776,39
583776,40
583776,43
583776,44
583776,45
583776,46
583776,47
583776,48
583776,58
583776,79
583975,16
583975,27
583975,33
583975,34
583975,35
583975,36
583975,40
584174,9
584174,13
584174,15
584174,16
584174,17
584174,31
584174,33
584174,34
584174,35
584174,36
584174,37
584174,38
584174,39
584174,40
584174,41
584174,42
584174,43
584174,44
584174,45
584174,46
584174,61
584174,68
584373,9
584373,14
584373,23
584373,24
584373,28
584373,29
584373,30
584373,31
584373,32
584373,33
584373,34
584373,35
584373,36
584373,39
584373,40
584373,41
584373,42
584373,43
584373,44
584373,47
584373,63
584373,64
584572,8
584572,9
584572,28
584572,29
584572,31
584572,32
584572,33
584572,35
584572,36
584572,37
584572,38
584572,39
584572,40
584572,41
584572,42
584572,43
584572,44
584572,45
584572,46
584572,47
584572,79
584771,9
584771,11
584771,15
584771,16
584771,17
584771,18
584771,28
584771,29
584771,30
584771,31
584771,32
584771,33
584771,34
584771,38
584771,39
584771,40
584771,41
584771,44
584771,45
584771,46
584771,47
584771,48
584771,73
584771,74
584771,78
584771,79
584771,106
584771,107
584970,8
584970,9
584970,10
584970,11
584970,14
584970,15
584970,16
584970,28
584970,29
584970,30
584970,31
584970,32
584970,33
584970,34
584970,35
584970,37
584970,38
584970,39
584970,42
584970,48
584970,63
584970,64
584970,65
584970,66
584970,67
584970,68
584970,102
584970,103
584970,125
585169,2
585169,3
585169,7
585169,8
585169,10
585169,11
585169,12
585169,15
585169,27
585169,28
585169,29
585169,30
585169,31
585169,32
585169,33
585169,34
585169,35
585169,36
585169,37
585169,38
585169,40
585169,41
585169,42
585169,43
585169,44
585169,45
585169,46
585169,53
585169,54
585169,59
585169,60
585169,70
585169,71
585169,73
585169,74
585169,111
585368,7
585368,9
585368,12
585368,14
585368,15
585368,16
585368,26
585368,28
585368,29
585368,33
585368,34
585368,37
585368,38
585368,39
585368,40
585368,41
585368,42
585368,43
585368,44
585368,46
585368,47
585368,48
585368,60
585368,61
585567,5
585567,6
585567,10
585567,13
585567,16
585567,27
585567,28
585567,32
585567,34
585567,35
585567,36
585567,40
585567,41
585567,43
585567,44
585567,45
585567,46
585766,10
585766,11
585766,12
585766,14
585766,15
585766,16
585766,26
585766,28
585766,32
585766,33
585766,34
585766,35
585766,36
585766,39
585766,40
585766,41
585766,42
585766,43
585766,46
585766,55
585766,57
585766,61
585766,63
585766,64
585766,67
585766,68
585766,87
585965,9
585965,10
585965,25
585965,26
585965,27
585965,29
585965,30
585965,31
585965,34
585965,35
585965,36
585965,37
585965,38
585965,39
585965,41
585965,42
585965,44
585965,45
585965,46
585965,48
585965,54
585965,56
585965,61
585965,64
585965,66
585965,67
585965,71
585965,72
585965,80
586164,1
586164,17
586164,27
586164,28
586164,29
586164,30
586164,31
586164,32
586164,33
586164,34
586164,35
586164,36
586164,37
586164,39
586164,40
586164,41
586164,42
586164,43
586164,44
586164,45
586164,46
586164,47
586164,48
586164,63
586164,67
586164,68
586363,1
586363,12
586363,13
586363,15
586363,26
586363,27
586363,28
586363,29
586363,30
586363,31
586363,32
586363,33
586363,34
586363,35
586363,36
586363,37
586363,39
586363,40
586363,44
586363,45
586363,46
586363,48
586363,60
586562,10
586562,11
586562,12
586562,14
586562,16
586562,25
586562,27
586562,28
586562,30
586562,31
586562,32
586562,33
586562,34
586562,35
586562,36
586562,37
586562,38
586562,39
586562,40
586562,41
586562,42
586562,43
586562,44
586562,45
586562,46
586562,47
586562,59
586562,64
586562,70
586761,14
586761,15
586761,23
586761,24
586761,25
586761,26
586761,27
586761,28
586761,30
586761,31
586761,32
586761,34
586761,35
586761,36
586761,37
586761,38
586761,39
586761,40
586761,44
586761,45
586761,46
586761,47
586761,48
586761,67
586761,68
586761,78
586761,79
586960,2
586960,13
586960,23
586960,24
586960,27
586960,28
586960,29
586960,30
586960,31
586960,32
586960,33
586960,34
586960,35
586960,36
586960,37
586960,38
586960,39
586960,40
586960,41
586960,42
586960,43
586960,44
586960,45
586960,46
586960,47
586960,48
586960,54
586960,56
586960,62
586960,63
586960,64
586960,67
586960,68
586960,69
587159,7
587159,8
587159,9
587159,10
587159,11
587159,12
587159,13
587159,16
587159,17
587159,30
587159,31
587159,32
587159,33
587159,36
587159,38
587159,39
587159,40
587159,41
587159,42
587159,43
587159,53
587159,54
587159,55
587159,56
587159,57
587159,58
587159,64
587159,65
587159,66
587159,67
587159,68
587159,69
587159,70
587358,26
587358,35
587358,36
587358,37
587358,38
587358,39
587358,41
587358,42
587358,43
587358,44
587358,45
587358,46
587358,47
587358,48
587358,59
587557,11
587557,28
587557,29
587557,30
587557,31
587557,32
587557,33
587557,34
587557,35
587557,36
587557,37
587557,38
587557,39
587557,43
587557,44
587557,55
587557,56
587557,57
587557,58
587557,59
587557,60
587557,61
587557,62
587557,65
587557,67
587557,68
587557,92
587756,2
587756,3
587756,5
587756,6
587756,8
587756,10
587756,11
587756,12
587756,13
587756,16
587756,17
587756,20
587756,26
587756,30
587756,31
587756,32
587756,33
587756,34
587756,35
587756,36
587756,37
587756,39
587756,40
587756,41
587756,42
587756,53
587756,54
587756,59
587756,60
587756,70
587756,71
587955,9
587955,10
587955,15
587955,16
587955,21
587955,26
587955,27
587955,28
587955,29
587955,30
587955,31
587955,32
587955,39
587955,40
587955,42
587955,43
587955,59
587955,61
587955,62
587955,118
588154,6
588154,13
588154,16
588154,26
588154,28
588154,29
588154,31
588154,32
588154,33
588154,34
588154,35
588154,39
588154,40
588154,41
588154,42
588154,43
588154,44
588154,45
588154,46
588154,47
588154,115
588353,13
588353,16
588353,32
588353,33
588353,35
588353,36
588353,37
588353,38
588353,39
588353,40
588353,41
588353,42
588353,44
588353,45
588353,46
588353,58
588353,59
588353,76
588552,6
588552,7
588552,9
588552,10
588552,11
588552,12
588552,13
588552,26
588552,27
588552,29
588552,31
588552,32
588552,33
588552,34
588552,35
588552,36
588552,42
588552,47
588552,66
588552,67
588552,72
588552,73
588552,90
588552,100
588552,101
588751,9
588751,11
588751,13
588751,17
588751,24
588751,26
588751,27
588751,28
588751,29
588751,30
588751,31
588751,32
588751,33
588751,36
588751,37
588751,39
588751,42
588751,43
588751,68
588751,69
588751,70
588751,71
588751,96
588751,97
588751,108
588751,119
588950,11
588950,12
588950,13
588950,31
588950,32
588950,34
588950,36
588950,38
588950,39
588950,40
588950,41
588950,42
588950,55
588950,56
589149,11
589149,14
589149,30
589149,31
589149,32
589149,34
589149,36
589149,37
589149,38
589149,39
589149,40
589149,41
589149,42
589149,48
589348,9
589348,22
589348,23
589348,34
589348,35
589348,37
589348,38
589348,39
589348,40
589348,41
589348,42
589348,43
589348,45
589348,48
589348,59
589348,62
589348,63
589348,68
589348,79
589547,11
589547,14
589547,15
589547,16
589547,24
589547,25
589547,26
589547,27
589547,28
589547,29
589547,30
589547,31
589547,32
589547,33
589547,34
589547,35
589547,36
589547,37
589547,38
589547,39
589547,40
589547,41
589547,42
589547,43
589547,44
589547,45
589547,46
589547,47
589547,48
589547,60
589547,61
589547,62
589547,63
589547,64
589746,8
589746,9
589746,28
589746,29
589746,30
589746,31
589746,32
589746,33
589746,35
589746,36
589746,37
589746,38
589746,39
589746,40
589746,41
589746,42
589746,43
589746,44
589746,45
589746,46
589746,53
589746,61
589746,62
589746,64
589945,31
589945,35
589945,36
589945,37
589945,38
589945,39
589945,40
589945,41
589945,42
589945,43
589945,44
589945,46
589945,48
589945,61
589945,62
589945,63
589945,64
589945,107
589945,108
589945,118
590144,10
590144,11
590144,12
590144,28
590144,29
590144,30
590144,34
590144,35
590144,36
590144,37
590144,38
590144,39
590144,40
590144,41
590144,42
590144,43
590144,44
590144,45
590144,48
590144,80
590144,81
590144,92
590144,103
590144,104
590343,2
590343,3
590343,22
590343,23
590343,26
590343,27
590343,30
590343,31
590343,32
590343,33
590343,34
590343,35
590343,36
590343,37
590343,38
590343,39
590343,41
590343,42
590343,43
590343,44
590343,45
590343,46
590343,47
590343,53
590343,54
590343,56
590343,59
590343,60
590343,61
590343,64
590343,70
590343,71
590343,100
590542,10
590542,15
590542,16
590542,21
590542,22
590542,25
590542,26
590542,27
590542,28
590542,29
590542,32
590542,34
590542,35
590542,36
590542,37
590542,38
590542,39
590542,40
590542,41
590542,42
590542,43
590542,44
590542,45
590542,46
590542,47
590542,48
590542,54
590542,56
590542,59
590542,61
590542,62
590542,64
590542,65
590542,106
590741,6
590741,7
590741,30
590741,33
590741,34
590741,35
590741,36
590741,37
590741,38
590741,39
590741,40
590741,41
590741,42
590741,45
590741,46
590741,58
590741,65
590741,66
590940,29
590940,30
590940,31
590940,32
590940,33
590940,34
590940,35
590940,36
590940,37
590940,38
590940,39
590940,40
590940,41
590940,42
590940,43
590940,44
590940,45
590940,61
590940,64
590940,65
591139,2
591139,9
591139,10
591139,26
591139,27
591139,30
591139,31
591139,32
591139,33
591139,35
591139,36
591139,37
591139,38
591139,39
591139,42
591139,54
591139,62
591139,63
591139,64
591139,65
591139,66
591139,67
591139,72
591139,73
591139,90
591338,17
591338,18
591338,28
591338,29
591338,31
591338,32
591338,33
591338,36
591338,37
591338,38
591338,39
591338,41
591338,42
591338,43
591338,44
591338,68
591338,69
591537,2
591537,13
591537,31
591537,32
591537,33
591537,34
591537,35
591537,37
591537,38
591537,44
591537,53
591537,55
591537,57
591537,60
591537,61
591537,67
591736,27
591736,28
591736,34
591736,35
591736,36
591736,37
591736,38
591736,40
591736,42
591736,45
591736,46
591736,56
591736,57
591736,58
591736,77
591935,13
591935,14
591935,23
591935,26
591935,27
591935,28
591935,29
591935,35
591935,36
591935,37
591935,38
591935,39
591935,40
591935,41
591935,42
591935,43
591935,45
591935,55
591935,64
591935,65
591935,66
591935,67
591935,68
591935,79
592134,12
592134,13
592134,24
592134,25
592134,26
592134,31
592134,32
592134,33
592134,34
592134,35
592134,36
592134,41
592134,42
592134,43
592134,44
592134,45
592134,46
592134,47
592134,48
592134,57
592134,58
592134,64
592333,8
592333,9
592333,27
592333,28
592333,29
592333,30
592333,31
592333,32
592333,33
592333,34
592333,35
592333,36
592333,37
592333,38
592333,39
592333,40
592333,41
592333,42
592333,43
592333,44
592333,45
592333,46
592532,7
592532,9
592532,10
592532,12
592532,13
592532,14
592532,15
592532,29
592532,30
592532,31
592532,32
592532,38
592532,39
592532,40
592532,43
592532,44
592532,45
592532,46
592532,47
592532,48
592532,79
592731,29
592731,30
592731,31
592731,33
592731,35
592731,36
592731,37
592731,38
592731,39
592731,40
592731,41
592731,42
592731,43
592731,44
592731,45
592731,46
592731,47
592731,48
592930,2
592930,3
592930,26
592930,27
592930,29
592930,30
592930,31
592930,32
592930,33
592930,34
592930,35
592930,41
592930,42
592930,44
592930,54
592930,55
592930,59
592930,60
592930,71
592930,72
593129,16
593129,21
593129,22
593129,26
593129,27
593129,28
593129,29
593129,30
593129,31
593129,32
593129,34
593129,36
593129,54
593129,56
593129,57
593129,58
593129,60
593129,61
593129,62
593129,81
593328,6
593328,7
593328,30
593328,31
593328,32
593328,33
593328,34
593328,35
593328,37
593328,38
593328,39
593328,40
593328,42
593328,43
593328,44
593328,45
593328,46
593328,47
593328,48
593328,55
593328,56
593328,64
593527,32
593527,34
593527,35
593527,36
593527,37
593527,38
593527,39
593527,40
593527,41
593527,42
593527,43
593527,45
593527,46
593527,47
593527,48
593527,55
593527,57
593527,63
593726,9
593726,10
593726,27
593726,38
593726,43
593726,54
593726,55
593726,56
593726,61
593726,62
593726,64
593726,65
593726,66
593726,67
593726,72
593726,73
593925,17
593925,18
593925,20
593925,21
593925,28
593925,29
593925,30
593925,31
593925,32
593925,53
593925,57
593925,58
593925,60
593925,61
593925,64
593925,65
593925,66
593925,67
593925,68
593925,69
593925,70
593925,71
593925,97
594124,13
594124,20
594124,27
594124,28
594124,29
594124,30
594124,31
594124,32
594124,33
594124,34
594124,35
594124,36
594124,37
594124,38
594124,39
594124,40
594124,41
594124,42
594124,53
594124,54
594124,55
594124,56
594124,57
594124,58
594124,59
594124,60
594124,61
594124,62
594124,63
594124,64
594124,65
594124,66
594124,69
594124,70
594124,105
594323,17
594323,18
594323,31
594323,35
594323,36
594323,39
594323,40
594323,41
594323,42
594323,53
594323,54
594323,57
594323,58
594323,59
594323,60
594323,61
594323,62
594323,63
594323,64
594323,65
594323,66
594323,67
594323,69
594323,70
594522,22
594522,23
594522,27
594522,28
594522,29
594522,30
594522,31
594522,32
594522,33
594522,34
594522,35
594522,37
594522,39
594522,40
594522,41
594522,53
594522,56
594522,57
594522,58
594522,59
594522,60
594522,61
594522,62
594522,63
594522,64
594522,65
594522,66
594522,79
594721,24
594721,25
594721,31
594721,32
594721,33
594721,34
594721,35
594721,36
594721,37
594721,40
594721,41
594721,42
594721,43
594721,47
594721,48
594721,58
594721,59
594721,63
594721,64
594721,65
594721,66
594721,68
594721,87
594721,122
594920,9
594920,10
594920,34
594920,39
594920,40
594920,41
594920,42
594920,53
594920,54
594920,55
594920,58
594920,59
594920,62
594920,63
594920,64
594920,65
594920,66
594920,67
594920,68
594920,70
595119,39
595119,40
595119,52
595119,53
595119,54
595119,55
595119,56
595119,57
595119,58
595119,60
595119,61
595119,62
595119,63
595119,65
595119,66
595119,67
595119,68
595119,69
595119,70
595119,71
595119,90
595119,91
595318,8
595318,29
595318,30
595318,35
595318,36
595318,37
595318,40
595318,56
595318,60
595318,62
595318,65
595318,68
595318,69
595517,3
595517,4
595517,52
595517,54
595517,55
595517,57
595517,59
595517,60
595517,64
595517,69
595517,71
595517,72
595716,7
595716,8
595716,9
595716,11
595716,12
595716,16
595716,17
595716,19
595716,54
595716,56
595716,57
595716,60
595716,61
595716,62
595716,64
595716,65
595716,66
595915,6
595915,7
595915,35
595915,46
595915,47
595915,53
595915,54
595915,55
595915,59
595915,60
595915,62
595915,64
595915,65
595915,68
595915,81
596114,42
596114,47
596114,57
596114,58
596114,64
596114,66
596114,68
596114,69
596114,99
596114,100
596313,10
596313,11
596313,27
596313,28
596313,54
596313,55
596313,56
596313,57
596313,58
596313,59
596313,60
596313,66
596313,67
596313,72
596313,73
596313,75
596313,76
596512,17
596512,18
596512,29
596512,53
596512,54
596512,55
596512,56
596512,58
596512,59
596512,60
596512,61
596512,62
596512,65
596512,68
596512,69
596512,86
596512,98
596711,13
596711,14
596711,26
596711,58
596711,59
596711,60
596711,61
596711,62
596711,63
596711,69
596711,104
596910,34
596910,35
596910,39
596910,40
596910,41
596910,42
596910,82
596910,123
596910,124
597109,19
597109,22
597109,23
597109,25
597109,31
597109,32
597109,33
597109,34
597109,36
597109,37
597109,38
597109,39
597109,40
597109,41
597109,43
597109,44
597109,62
597109,63
597109,79
597308,11
597308,13
597308,14
597308,24
597308,25
597308,27
597308,28
597308,29
597308,31
597308,32
597308,33
597308,34
597308,36
597308,38
597308,39
597308,40
597308,41
597308,42
597308,47
597308,48
597308,56
597308,64
597308,65
597308,109
597308,121
597507,6
597507,9
597507,10
597706,39
597706,40
597706,62
597706,67
597706,69
597706,108
597905,1
597905,14
597905,29
597905,30
597905,31
597905,32
597905,33
597905,34
597905,35
597905,36
597905,38
597905,39
597905,40
597905,43
597905,44
597905,45
597905,46
597905,52
597905,53
597905,58
597905,59
598104,3
598104,4
598104,9
598104,11
598104,33
598104,34
598104,35
598104,36
598104,40
598104,41
598104,42
598104,43
598104,54
598104,55
598104,60
598104,61
598104,71
598104,72
598104,74
598303,16
598303,17
598303,34
598303,35
598303,38
598303,39
598303,40
598303,41
598303,59
598303,60
598303,61
598303,62
598502,6
598502,7
598502,32
598502,35
598502,36
598502,42
598502,46
598502,47
598502,64
598502,65
598900,9
598900,10
598900,11
598900,14
598900,27
598900,28
598900,34
598900,67
598900,72
598900,73
598900,90
598900,101
598900,102
598900,124
599099,2
599099,17
599099,18
599099,28
599099,29
599099,30
599099,32
599099,36
599099,37
599099,38
599099,45
599099,68
599099,69
599099,97
599099,98
599298,10
599298,12
599298,13
599298,14
599298,15
599298,54
599497,7
599497,8
599497,11
599497,12
599497,13
599497,14
599497,16
599497,29
599497,30
599497,31
599497,32
599497,33
599497,34
599497,35
599497,36
599497,37
599497,38
599497,39
599497,40
599497,41
599497,42
599497,59
599497,106
599497,107
599696,7
599696,8
599696,10
599696,13
599696,23
599696,24
599696,25
599696,26
599696,35
599696,37
599696,39
599696,40
599696,41
599696,42
599895,8
599895,10
599895,11
599895,12
599895,13
599895,14
599895,18
599895,24
599895,25
599895,28
599895,29
599895,30
599895,31
599895,32
599895,33
599895,34
599895,35
599895,36
599895,37
599895,38
599895,39
599895,40
599895,47
599895,48
599895,55
599895,56
599895,57
599895,64
599895,65
599895,66
600094,6
600094,7
600094,9
600094,10
600094,11
600094,12
600094,15
600094,16
600094,17
600094,30
600094,31
600094,32
600094,33
600094,34
600094,37
600094,39
600094,40
600094,41
600094,42
600094,54
600094,67
600094,68
600094,107
600293,10
600293,12
600293,13
600293,14
600293,15
600293,18
600293,29
600293,31
600293,32
600293,33
600293,34
600293,35
600293,36
600293,37
600293,38
600293,39
600293,40
600293,41
600293,42
600293,43
600293,58
600293,59
600492,1
600492,11
600492,17
600492,30
600492,31
600492,32
600492,33
600492,34
600492,35
600492,36
600492,37
600492,38
600492,39
600492,40
600492,55
600691,3
600691,4
600691,6
600691,7
600691,39
600691,40
600691,41
600691,42
600691,54
600691,55
600691,60
600691,61
600691,67
600691,71
600691,72
600890,16
600890,17
600890,22
600890,23
600890,28
600890,29
600890,30
600890,31
600890,32
600890,33
600890,34
600890,35
600890,36
600890,37
600890,38
600890,39
600890,40
600890,41
600890,42
600890,43
600890,44
600890,45
600890,58
600890,59
600890,60
600890,62
600890,63
600890,64
600890,119
601089,6
601089,7
601089,8
601089,10
601089,11
601089,14
601089,17
601089,19
601089,35
601089,36
601089,38
601089,46
601089,47
601089,56
601089,60
601089,63
601089,66
601288,30
601288,33
601288,34
601288,35
601288,36
601288,37
601288,38
601288,39
601288,40
601288,42
601288,56
601288,57
601288,70
601487,0
601487,7
601487,10
601487,11
601487,15
601487,27
601487,28
601487,30
601487,31
601487,32
601487,34
601487,35
601487,36
601487,37
601487,38
601487,39
601487,40
601487,41
601487,42
601487,56
601487,59
601487,60
601487,61
601487,67
601487,73
601487,74
601686,13
601686,14
601686,18
601686,19
601686,29
601686,30
601686,31
601686,32
601686,33
601686,34
601686,35
601686,36
601686,37
601686,60
601686,61
601686,62
601686,69
601686,70
601686,71
601686,97
601885,8
601885,10
601885,11
601885,12
601885,13
601885,14
601885,16
601885,17
601885,36
601885,37
601885,38
601885,39
601885,40
601885,41
601885,42
601885,43
601885,44
601885,55
601885,61
601885,62
601885,63
602084,7
602084,15
602084,16
602084,30
602084,31
602084,34
602084,35
602084,79
602084,80
602084,106
602084,107
602283,10
602283,11
602283,12
602283,13
602283,15
602283,16
602283,23
602283,24
602283,25
602283,32
602283,33
602283,34
602283,35
602283,37
602283,38
602283,39
602283,40
602283,41
602283,43
602283,44
602283,45
602283,55
602283,63
602283,64
602482,7
602482,8
602482,11
602482,12
602482,25
602482,36
602482,37
602482,47
602482,48
602482,55
602482,64
602482,65
602482,121
602482,122
602681,7
602681,8
602681,9
602681,10
602681,11
602681,30
602681,54
602681,55
602681,57
602681,62
602681,107
602880,10
602880,11
602880,12
602880,16
602880,28
602880,29
602880,30
602880,31
602880,32
602880,36
602880,37
602880,39
602880,40
602880,41
602880,46
602880,55
603079,10
603079,16
603079,30
603079,31
603079,32
603079,33
603079,34
603079,35
603079,36
603079,37
603079,38
603079,39
603079,40
603079,53
603079,55
603079,56
603079,57
603079,58
603079,59
603079,60
603079,61
603079,66
603278,3
603278,4
603278,6
603278,9
603278,10
603278,11
603278,12
603278,15
603278,16
603278,17
603278,23
603278,24
603278,31
603278,32
603278,33
603278,34
603278,35
603278,36
603278,41
603278,54
603278,55
603278,57
603278,58
603278,59
603278,60
603278,61
603278,63
603278,64
603278,65
603278,67
603278,71
603278,72
603278,106
603477,10
603477,12
603477,15
603477,16
603477,17
603477,22
603477,23
603477,28
603477,29
603477,31
603477,35
603477,36
603477,46
603477,62
603477,63
603676,6
603676,7
603676,8
603676,9
603676,10
603676,11
603676,14
603676,15
603676,16
603676,17
603676,31
603676,34
603676,35
603676,36
603676,37
603676,38
603676,39
603676,40
603676,42
603676,43
603676,44
603676,45
603676,46
603676,47
603676,64
603676,82
603875,6
603875,7
603875,8
603875,10
603875,14
603875,32
603875,33
603875,34
603875,35
603875,36
603875,38
603875,39
603875,40
603875,41
603875,42
603875,43
603875,44
603875,45
603875,65
603875,66
603875,105
603875,117
604074,10
604074,11
604074,27
604074,28
604074,33
604074,34
604074,64
604074,67
604074,73
604074,74
604074,113
604273,8
604273,10
604273,11
604273,12
604273,15
604273,16
604273,17
604273,18
604273,19
604273,29
604273,30
604273,33
604273,34
604273,37
604273,39
604273,42
604273,69
604273,70
604273,86
604273,89
604273,90
604273,120
604472,11
604472,12
604472,13
604472,14
604472,19
604472,27
604472,28
604472,29
604472,30
604472,31
604472,32
604472,33
604472,35
604472,37
604472,69
604472,99
604671,59
604671,124
604671,125
604870,7
604870,10
604870,11
604870,13
604870,14
604870,15
604870,16
604870,23
604870,24
604870,30
604870,33
604870,34
604870,36
604870,39
604870,40
604870,41
604870,42
604870,45
604870,46
604870,63
604870,64
604870,68
604870,69
604870,81
604870,82
605069,12
605069,16
605069,25
605069,27
605069,28
605069,29
605069,30
605069,36
605069,37
605069,41
605069,44
605069,45
605069,48
605069,59
605069,65
605268,8
605268,9
605268,10
605268,13
605268,14
605268,15
605268,17
605268,32
605268,33
605268,34
605268,35
605268,36
605268,40
605268,56
605268,76
605268,106
605268,107
605467,11
605467,12
605467,13
605467,14
605467,16
605467,28
605467,29
605467,31
605467,32
605467,39
605467,40
605467,41
605467,42
605467,43
605467,63
605467,64
605467,65
605666,9
605666,10
605666,11
605666,27
605666,28
605666,30
605666,31
605666,36
605666,37
605666,70
605865,3
605865,4
605865,11
605865,13
605865,14
605865,15
605865,16
605865,55
605865,60
605865,61
605865,67
605865,72
605865,73
605865,101
605865,111
605865,112
606064,10
606064,11
606064,12
606064,14
606064,17
606064,59
606064,62
606064,63
606263,6
606263,7
606263,8
606263,17
606263,35
606263,36
606263,43
606263,44
606263,45
606263,46
606263,47
606263,48
606462,28
606462,29
606462,30
606462,32
606462,33
606462,34
606462,35
606462,36
606462,37
606462,38
606462,39
606462,40
606462,41
606462,42
606462,43
606462,66
606462,105
606462,106
606462,117
606661,7
606661,10
606661,11
606661,14
606661,15
606661,18
606661,28
606661,32
606661,34
606661,35
606661,67
606661,73
606661,74
606860,18
606860,19
606860,21
606860,22
606860,29
606860,30
606860,31
606860,32
606860,33
606860,34
606860,69
606860,70
606860,86
606860,87
606860,98
607059,14
607059,33
607059,34
607059,35
607059,38
607059,39
607059,40
607059,41
607059,59
607059,60
607059,61
607258,7
607258,8
607258,11
607258,12
607258,13
607258,15
607258,17
607258,18
607258,35
607258,36
607258,37
607258,38
607258,39
607258,40
607258,41
607258,42
607258,115
607457,5
607457,8
607457,9
607457,11
607457,14
607457,15
607457,16
607457,17
607457,23
607457,24
607457,40
607457,41
607457,63
607457,64
607656,7
607656,9
607656,10
607656,11
607656,12
607656,13
607656,25
607656,26
607656,36
607656,37
607656,43
607656,48
607656,49
607656,65
607656,66
607656,81
607855,4
607855,5
607855,10
607855,11
608054,8
608054,10
608054,12
608054,13
608054,16
608054,29
608054,40
608054,41
608253,12
608253,13
608253,14
608253,15
608253,16
608253,27
608253,28
608253,30
608253,31
608253,32
608253,33
608253,34
608253,35
608253,36
608253,37
608253,40
608253,62
608253,80
608452,4
608452,5
608452,8
608452,9
608452,11
608452,12
608452,13
608452,14
608452,24
608452,29
608452,30
608452,31
608452,32
608452,36
608452,55
608452,56
608452,58
608452,61
608452,67
608452,72
608452,73
608651,17
608651,18
608651,31
608651,32
608651,33
608651,34
608651,35
608651,36
608651,37
608651,38
608651,39
608651,40
608651,41
608651,42
608651,43
608651,62
608651,63
608850,2
608850,4
608850,7
608850,8
608850,9
608850,34
608850,35
608850,36
608850,37
608850,39
608850,40
608850,42
608850,43
608850,44
608850,45
608850,47
608850,48
609049,3
609049,7
609049,8
609049,11
609049,13
609049,14
609049,15
609049,16
609049,43
609049,44
609049,45
609049,46
609049,56
609049,67
609049,80
609248,7
609248,8
609248,11
609248,12
609248,13
609248,14
609248,15
609248,28
609248,29
609248,34
609248,73
609248,74
609248,76
609248,77
609248,81
609447,7
609447,8
609447,9
609447,12
609447,14
609447,15
609447,17
609447,18
609447,19
609447,26
609447,29
609447,30
609447,69
609447,70
609447,86
609447,87
609447,98
609447,99
609447,121
609646,9
609646,10
609646,13
609646,14
609646,15
609646,18
609646,19
609646,53
609646,60
609845,5
609845,6
609845,7
609845,8
609845,13
609845,14
609845,24
609845,25
609845,26
610044,8
610044,15
610044,16
610044,17
610044,23
610044,24
610044,31
610044,40
610044,41
610243,24
610243,25
610243,27
610243,28
610243,29
610243,33
610243,34
610243,35
610243,36
610243,37
610243,40
610243,41
610243,42
610243,48
610243,49
610243,56
610243,57
610243,65
610243,66
610442,5
610442,8
610442,10
610442,11
610442,12
610442,13
610442,14
610442,17
610442,26
610442,95
610442,107
610641,7
610641,10
610641,11
610641,12
610641,13
610641,14
610641,16
610641,27
610641,29
610641,30
610641,40
610641,41
610641,53
610641,77
610840,9
610840,11
610840,16
610840,27
610840,30
610840,31
610840,36
610840,37
610840,39
610840,69
611039,4
611039,5
611039,12
611039,17
611039,55
611039,56
611039,61
611039,62
611039,67
611039,72
611039,73
611238,8
611238,9
611238,10
611238,17
611238,18
611238,23
611238,24
611238,28
611238,29
611238,30
611238,31
611238,32
611238,33
611238,34
611238,35
611238,62
611238,63
611437,7
611437,8
611437,15
611437,16
611437,17
611437,34
611437,35
611437,36
611437,37
611437,38
611437,39
611437,40
611437,41
611437,47
611437,48
611636,17
611636,25
611835,11
611835,17
611835,28
611835,29
611835,30
611835,31
611835,32
611835,33
611835,34
611835,35
611835,36
611835,37
611835,38
611835,39
611835,40
611835,41
611835,42
611835,43
611835,44
611835,45
611835,73
611835,74
611835,90
611835,91
611835,93
611835,94
612034,18
612034,19
612034,26
612034,30
612034,31
612034,32
612034,33
612034,34
612034,35
612034,36
612034,37
612034,38
612034,39
612034,40
612034,44
612034,45
612034,46
612034,69
612034,70
612233,14
612233,29
612233,30
612233,31
612233,32
612233,34
612233,35
612233,36
612233,37
612233,38
612233,39
612233,40
612233,41
612233,42
612233,43
612233,45
612233,54
612233,55
612233,63
612233,97
612233,98
612432,26
612432,37
612432,38
612432,39
612432,40
612432,41
612432,42
612432,43
612432,44
612631,22
612631,23
612631,24
612631,25
612631,26
612631,27
612631,36
612631,37
612631,38
612631,39
612631,41
612631,42
612631,53
612631,70
612631,77
612830,25
612830,33
612830,34
612830,35
612830,36
612830,37
612830,40
612830,41
612830,48
612830,49
612830,65
612830,66
612830,76
612830,77
613029,10
613029,11
613029,12
613029,13
613029,14
613228,29
613228,30
613228,40
613228,41
613427,26
613427,27
613427,31
613427,36
613427,37
613427,70
613626,4
613626,5
613626,7
613626,8
613626,11
613626,13
613626,14
613626,15
613626,55
613626,56
613626,61
613626,62
613626,67
613626,72
613626,73
613825,17
613825,18
613825,33
613825,34
613825,35
613825,60
613825,63
613825,64
614024,8
614024,36
614024,37
614024,39
614024,41
614024,42
614024,45
614024,46
614024,47
614024,48
614223,30
614223,34
614223,36
614223,79
614223,106
614223,107
614422,11
614422,12
614422,15
614422,28
614422,29
614422,34
614422,35
614422,74
614422,75
614621,19
614621,30
614621,31
614621,70
614621,71
614621,88
614820,36
614820,39
614820,40
614820,42
614820,61
614820,78
614820,79
614820,80
615019,39
615019,49
615019,73
615218,7
615218,8
615218,15
615218,24
615218,25
615218,27
615218,28
615218,29
615218,30
615218,39
615218,41
615218,42
615218,44
615218,45
615417,4
615417,30
615417,31
615417,32
615417,33
615417,34
615417,35
615417,37
615417,48
615417,49
615417,65
615417,66
615616,5
615616,10
615616,11
615616,29
615616,30
615616,32
615616,34
615616,35
615616,36
615616,37
615616,41
615616,42
615616,70
615616,71
615616,107
615616,108
615815,31
615815,32
615815,33
615815,34
615815,39
615815,40
615815,41
615815,42
615815,43
615815,44
615815,45
615815,97
616014,2
616014,3
616014,31
616014,37
616014,40
616014,41
616014,59
616014,60
616014,62
616213,4
616213,5
616213,24
616213,25
616213,55
616213,56
616213,61
616213,62
616213,67
616213,68
616213,72
616213,73
616213,112
616213,119
616412,9
616412,17
616412,18
616412,63
616412,64
616412,106
616611,8
616611,9
616611,15
616611,16
616611,17
616611,36
616611,37
616611,48
616611,75
616611,82
616810,1
616810,22
616810,25
616810,26
616810,34
616810,35
616810,36
616810,37
616810,39
616810,40
616810,41
616810,42
616810,118
617009,8
617009,9
617009,10
617009,11
617009,12
617009,28
617009,29
617009,31
617009,32
617009,33
617009,34
617009,35
617009,36
617009,37
617009,38
617009,39
617009,40
617009,41
617009,68
617009,69
617009,74
617009,75
617009,79
617009,92
617009,125
617208,14
617208,16
617208,17
617208,19
617208,20
617208,30
617208,31
617208,70
617208,71
617208,90
617208,91
617208,98
617208,99
617407,4
617407,5
617407,15
617407,29
617407,40
617407,61
617407,70
617407,106
617606,31
617606,36
617606,37
617606,41
617606,42
617805,4
617805,5
617805,9
617805,10
617805,24
617805,25
617805,26
617805,41
617805,42
618004,5
618004,7
618004,14
618004,15
618004,19
618004,26
618004,27
618004,28
618004,29
618004,30
618004,37
618004,49
618004,66
618203,3
618203,10
618203,11
618203,12
618203,107
618402,30
618402,32
618402,33
618402,40
618402,41
618402,42
618402,46
618601,4
618601,5
618601,14
618601,31
618601,37
618601,38
618800,4
618800,5
618800,16
618800,51
618800,56
618800,61
618800,62
618800,67
618800,68
618800,73
618800,74
618800,102
618800,112
618800,113
618999,12
618999,13
618999,18
618999,27
618999,28
618999,33
618999,34
618999,35
618999,38
618999,39
618999,40
618999,42
618999,43
618999,63
618999,64
619198,8
619198,9
619198,29
619198,30
619198,31
619198,32
619198,33
619198,34
619198,35
619198,36
619198,37
619198,38
619198,39
619198,40
619198,41
619198,42
619198,43
619198,45
619198,48
619198,49
619198,51
619198,73
619198,81
619198,82
619397,18
619397,19
619397,22
619397,29
619397,30
619397,31
619397,32
619397,38
619397,39
619397,40
619397,41
619397,42
619397,75
619397,106
619397,107
619596,11
619596,12
619596,29
619596,34
619596,35
619596,74
619596,75
619795,4
619795,19
619795,20
619795,22
619795,23
619795,26
619795,30
619795,31
619795,58
619795,70
619795,71
619795,87
619795,88
619994,3
619994,11
619994,12
619994,22
619994,28
619994,29
619994,34
619994,36
619994,37
619994,38
619994,39
619994,40
619994,41
619994,42
619994,43
619994,44
619994,45
619994,60
620193,2
620193,54
620193,55
620193,56
620193,67
620392,24
620392,25
620392,31
620392,32
620392,41
620392,42
620392,57
620392,65
620392,66
620392,67
620392,70
620392,98
620392,99
620591,37
620591,49
620591,50
620591,66
620591,67
620591,68
620790,11
620790,12
620790,17
620790,55
620790,108
620989,30
620989,41
620989,42
620989,109
620989,110
621188,31
621188,37
621188,38
621188,68
621188,70
621387,5
621387,9
621387,10
621387,22
621387,23
621387,27
621387,28
621387,29
621387,56
621387,57
621387,61
621387,62
621387,65
621387,66
621387,67
621387,68
621387,69
621387,70
621387,73
621387,74
621586,12
621586,18
621586,19
621586,54
621586,63
621586,64
621586,65
621586,66
621586,77
621785,8
621785,9
621785,37
621785,48
621785,63
621785,64
621785,67
621785,70
621785,83
621984,4
621984,8
621984,57
621984,58
621984,59
621984,65
621984,69
621984,70
622183,12
622183,29
622183,30
622183,34
622183,35
622183,42
622183,66
622183,67
622183,68
622183,70
622183,74
622183,75
622183,77
622183,78
622382,13
622382,19
622382,20
622382,31
622382,32
622382,33
622382,34
622382,35
622382,68
622382,69
622382,70
622382,71
622581,33
622581,34
622581,35
622581,36
622581,37
622581,38
622581,39
622581,40
622581,41
622581,42
622581,43
622581,44
622581,45
622581,66
622581,67
622581,68
622581,69
622581,107
622780,10
622780,30
622780,31
622780,32
622780,33
622780,34
622780,35
622780,36
622780,37
622780,38
622780,39
622780,40
622780,41
622780,42
622780,43
622780,65
622780,66
622780,67
622979,24
622979,25
622979,36
622979,37
622979,38
622979,39
622979,40
622979,41
622979,42
622979,43
622979,65
622979,67
622979,68
622979,98
622979,99
623178,42
623178,49
623178,50
623178,56
623178,57
623178,58
623178,66
623178,67
623178,68
623377,11
623377,12
623377,65
623377,66
623377,67
623377,68
623377,69
623377,70
623576,12
623576,13
623576,14
623576,15
623576,30
623576,31
623576,41
623576,42
623576,65
623775,31
623775,37
623775,38
623775,60
623775,83
623775,84
623974,5
623974,6
623974,39
623974,51
623974,56
623974,57
623974,62
623974,63
623974,64
623974,67
623974,68
623974,73
623974,74
624173,11
624173,18
624173,19
624173,25
624173,63
624173,64
624173,66
624372,8
624372,9
624372,37
624372,38
624372,48
624372,55
624372,56
624372,59
624571,8
624571,17
624571,59
624571,60
624571,64
624571,66
624571,70
624770,2
624770,12
624770,29
624770,30
624770,35
624770,36
624770,54
624770,64
624770,66
624770,68
624770,74
624770,75
624770,104
624969,19
624969,20
624969,31
624969,32
624969,63
624969,70
624969,71
624969,99
625168,22
625168,23
625168,57
625168,61
625168,62
625168,64
625367,7
625367,26
625367,77
625367,78
625566,25
625566,26
625566,32
625566,33
625566,34
625566,35
625566,36
625566,37
625566,38
625566,39
625566,42
625566,43
625566,56
625566,66
625566,67
625566,68
625765,15
625765,16
625765,49
625765,50
625765,56
625765,66
625765,67
625765,112
625964,11
625964,12
625964,14
625964,16
625964,27
625964,30
625964,31
625964,32
625964,33
625964,34
625964,35
625964,36
625964,37
625964,56
625964,60
626163,27
626163,30
626163,31
626163,41
626163,42
626163,48
626163,54
626163,55
626163,56
626163,92
626163,121
626362,16
626362,32
626362,33
626362,34
626362,35
626362,37
626362,38
626362,39
626362,40
626362,41
626362,42
626362,62
626362,79
626561,5
626561,6
626561,24
626561,32
626561,33
626561,34
626561,35
626561,36
626561,41
626561,42
626561,43
626561,44
626561,45
626561,54
626561,55
626561,56
626561,57
626561,62
626561,63
626561,68
626561,73
626561,74
626760,16
626760,18
626760,31
626760,32
626760,37
626760,38
626760,39
626760,40
626760,41
626760,64
626760,65
626959,7
626959,8
626959,9
626959,12
626959,33
626959,37
626959,38
626959,40
626959,47
626959,48
626959,53
626959,54
626959,55
626959,56
626959,57
626959,58
626959,59
627158,15
627158,27
627158,28
627158,56
627158,57
627158,58
627158,63
627158,84
627158,90
627158,91
627158,101
627158,102
627357,12
627357,16
627357,19
627357,29
627357,30
627357,35
627357,36
627357,55
627357,56
627357,67
627357,68
627357,75
627357,76
627556,8
627556,9
627556,10
627556,20
627556,31
627556,32
627556,71
627556,88
627556,99
627755,8
627755,9
627755,14
627755,16
627755,76
627755,77
627954,109
628153,9
628153,17
628153,25
628153,26
628153,42
628153,43
628352,8
628352,10
628352,40
628352,49
628352,50
628352,56
628352,66
628352,67
628551,3
628551,11
628551,12
628551,30
628551,32
628551,33
628551,37
628551,38
628551,39
628551,40
628551,108
628750,26
628750,30
628750,31
628750,41
628750,42
628750,80
628949,38
628949,45
628949,75
628949,76
628949,79
628949,80
628949,81
629148,5
629148,6
629148,14
629148,31
629148,56
629148,57
629148,62
629148,63
629148,68
629148,69
629148,73
629148,74
629148,77
629148,78
629148,79
629148,80
629347,9
629347,14
629347,18
629347,19
629347,24
629347,25
629347,28
629347,29
629347,30
629347,31
629347,32
629347,54
629347,55
629347,57
629347,60
629347,64
629347,65
629347,67
629347,68
629546,8
629546,9
629546,10
629546,37
629546,38
629546,62
629546,63
629546,65
629546,66
629546,68
629546,94
629546,95
629745,12
629745,17
629745,30
629745,31
629745,32
629745,33
629745,34
629745,35
629745,36
629745,37
629745,38
629745,39
629745,40
629745,41
629745,42
629745,43
629745,64
629745,65
629745,66
629745,119
629944,12
629944,14
629944,15
629944,19
629944,26
629944,29
629944,30
629944,35
629944,36
629944,37
629944,38
629944,39
629944,40
629944,43
629944,54
629944,57
629944,59
629944,75
629944,76
630143,10
630143,12
630143,20
630143,21
630143,31
630143,32
630143,44
630143,45
630143,62
630143,63
630143,64
630143,71
630143,99
630342,12
630342,13
630342,14
630342,15
630342,58
630342,59
630342,60
630342,63
630342,64
630342,66
630342,67
630342,68
630342,69
630541,7
630541,14
630541,37
630541,38
630541,54
630541,59
630541,60
630541,61
630541,62
630541,63
630541,65
630541,67
630541,68
630541,78
630740,11
630740,24
630740,25
630740,26
630740,31
630740,32
630740,42
630740,43
630740,55
630740,56
630740,60
630740,62
630740,63
630740,64
630740,65
630740,66
630740,67
630740,70
630740,71
630939,3
630939,8
630939,50
630939,56
630939,67
630939,72
630939,73
630939,74
631138,11
631138,12
631138,14
631138,62
631138,65
631138,66
631138,67
631138,68
631138,70
631337,17
631337,30
631337,31
631337,42
631337,43
631337,63
631337,64
631337,66
631337,67
631337,69
631536,27
631536,28
631536,29
631536,34
631536,35
631536,36
631536,38
631536,39
631536,40
631536,41
631536,42
631536,62
631536,65
631536,69
631735,5
631735,6
631735,51
631735,52
631735,57
631735,62
631735,63
631735,65
631735,66
631735,68
631735,69
631735,74
631735,102
631735,103
631735,119
631735,120
631934,13
631934,14
631934,18
631934,27
631934,28
631934,44
631934,47
631934,64
631934,65
632133,5
632133,9
632133,10
632133,17
632133,37
632133,38
632332,46
632332,77
632332,78
632332,90
632332,91
632531,12
632531,14
632531,19
632531,26
632531,30
632531,35
632531,36
632531,60
632531,61
632531,75
632531,76
632730,20
632730,21
632730,31
632730,32
632730,35
632730,46
632730,56
632730,71
632730,89
632929,8
632929,9
632929,16
632929,17
632929,18
632929,19
632929,20
632929,31
632929,32
632929,33
632929,34
632929,35
632929,36
632929,37
632929,38
632929,39
632929,61
633128,17
633128,18
633128,27
633128,28
633128,29
633128,33
633128,34
633128,37
633128,38
633128,39
633327,25
633327,26
633327,30
633327,31
633327,32
633327,33
633327,34
633327,35
633327,36
633327,37
633327,38
633327,39
633327,40
633327,41
633327,42
633327,43
633327,44
633327,45
633327,57
633327,58
633327,62
633327,65
633526,12
633526,37
633526,38
633526,39
633526,40
633526,41
633526,42
633526,43
633526,44
633526,45
633526,50
633526,51
633526,56
633526,67
633526,68
633725,4
633725,5
633725,6
633725,12
633725,13
633725,55
633924,31
633924,42
633924,43
634123,10
634123,38
634123,39
634322,6
634322,24
634322,54
634322,55
634322,57
634322,58
634322,60
634322,62
634322,63
634322,68
634322,69
634322,74
634322,102
634322,108
634322,109
634521,14
634521,19
634521,56
634521,57
634521,58
634521,60
634521,63
634521,64
634521,65
634521,66
634521,67
634720,9
634720,10
634720,13
634720,14
634720,38
634919,43
634919,102
634919,103
635118,5
635118,6
635118,19
635118,30
635118,31
635118,35
635118,36
635118,38
635118,39
635118,75
635118,76
635317,20
635317,21
635317,31
635317,32
635317,34
635317,71
635317,100
635317,101
635516,28
635516,62
635715,27
635715,28
635715,29
635715,30
635715,31
635715,115
635914,25
635914,26
635914,31
635914,32
635914,42
635914,43
635914,74
635914,75
635914,79
635914,80
636113,16
636113,17
636113,50
636113,51
636113,56
636113,67
636113,68
636113,77
636113,91
636312,12
636312,13
636312,23
636312,60
636511,3
636511,9
636511,10
636511,31
636511,32
636511,42
636511,43
636511,48
636511,49
636511,77
636710,12
636710,25
636710,30
636710,31
636710,32
636710,33
636710,34
636710,35
636710,36
636710,37
636710,38
636710,39
636710,40
636710,41
636710,42
636710,43
636710,55
636710,71
636710,72
636710,101
636710,102
636909,6
636909,7
636909,15
636909,23
636909,24
636909,32
636909,33
636909,34
636909,35
636909,39
636909,40
636909,41
636909,42
636909,43
636909,44
636909,46
636909,51
636909,52
636909,57
636909,58
636909,63
636909,64
636909,68
636909,69
636909,74
636909,109
637108,14
637108,19
637108,25
637108,26
637108,30
637108,31
637108,32
637108,33
637108,40
637108,41
637108,44
637108,45
637108,46
637108,64
637108,65
637108,66
637307,9
637307,10
637307,15
637307,16
637307,38
637307,39
637307,40
637307,49
637307,50
637307,124
637506,27
637506,28
637506,29
637506,31
637506,32
637506,33
637506,34
637506,35
637506,36
637506,37
637506,38
637506,39
637506,40
637506,41
637506,42
637506,78
637506,79
637506,80
637506,108
637705,15
637705,16
637705,17
637705,19
637705,23
637705,25
637705,30
637705,31
637705,36
637705,37
637705,59
637705,75
637705,76
637904,20
637904,21
637904,32
637904,33
637904,71
637904,75
637904,89
638103,9
638103,10
638103,11
638103,30
638103,62
638302,16
638302,28
638302,35
638501,26
638501,27
638501,31
638501,32
638501,43
638501,44
638501,62
638501,65
638501,66
638501,68
638501,78
638501,108
638700,15
638700,50
638700,51
638700,56
638700,57
638700,66
638700,67
638700,68
638899,10
638899,12
638899,13
638899,28
638899,54
638899,56
638899,66
638899,67
638899,110
639098,27
639098,28
639098,31
639098,32
639098,42
639098,43
639098,45
639098,46
639098,48
639098,49
639098,55
639098,56
639098,57
639098,58
639098,62
639098,63
639098,64
639098,65
639098,66
639098,68
639098,69
639098,77
639098,105
639297,11
639297,34
639297,38
639297,39
639297,40
639297,54
639297,57
639297,59
639297,61
639297,62
639297,66
639297,69
639297,101
639297,102
639496,6
639496,7
639496,24
639496,29
639496,42
639496,51
639496,52
639496,57
639496,58
639496,63
639496,64
639496,67
639496,68
639496,69
639496,74
639496,109
639695,13
639695,14
639695,16
639695,17
639695,19
639695,26
639695,31
639695,65
639695,66
639695,69
639894,10
639894,38
639894,39
639894,83
639894,95
639894,96
639894,113
639894,123
639894,124
640093,30
640093,31
640093,32
640093,33
640093,34
640093,35
640093,36
640093,37
640093,38
640093,39
640093,40
640093,41
640093,42
640093,43
640093,44
640093,45
640093,56
640093,62
640093,70
640093,71
640093,74
640292,9
640292,19
640292,20
640292,30
640292,31
640292,32
640292,33
640292,34
640292,35
640292,36
640292,37
640292,38
640292,39
640292,40
640292,41
640292,58
640292,60
640292,63
640292,76
640292,77
640491,20
640491,21
640491,32
640491,33
640491,34
640491,35
640491,36
640491,37
640491,39
640491,40
640491,41
640491,42
640491,43
640491,44
640491,45
640491,59
640491,60
640690,27
640690,29
640690,30
640690,31
640690,32
640690,33
640690,34
640690,35
640690,56
640690,63
641088,11
641088,12
641088,24
641088,26
641088,27
641088,32
641088,43
641088,44
641088,71
641287,50
641287,51
641287,53
641287,54
641287,56
641287,57
641287,62
641287,67
641287,68
641486,12
641486,13
641486,15
641486,16
641486,23
641486,31
641685,11
641685,14
641685,31
641685,32
641685,42
641685,43
641685,78
641685,95
641884,39
642083,6
642083,7
642083,24
642083,57
642083,58
642083,63
642083,64
642083,66
642083,69
642083,70
642083,72
642083,74
642282,14
642282,15
642282,19
642282,26
642282,65
642282,66
642481,10
642481,11
642481,32
642481,34
642481,35
642481,38
642481,39
642680,36
642680,37
642680,38
642680,39
642879,19
642879,20
642879,30
642879,31
642879,33
642879,34
642879,36
642879,37
642879,38
642879,39
642879,40
642879,76
642879,77
643078,11
643078,12
643078,21
643078,22
643078,32
643078,33
643078,40
643078,89
643078,90
643277,41
643277,62
643277,63
643277,72
643277,73
643277,102
643476,15
643476,17
643476,18
643476,19
643476,26
643476,27
643476,28
643476,29
643476,30
643476,31
643476,32
643476,33
643476,34
643476,35
643476,36
643476,37
643476,38
643476,39
643476,40
643476,42
643476,43
643476,44
643476,45
643675,26
643675,27
643675,28
643675,32
643675,33
643675,34
643675,43
643675,44
643675,45
643675,53
643675,56
643675,57
643675,66
643675,67
643874,23
643874,30
643874,31
643874,32
643874,33
643874,34
643874,35
643874,36
643874,37
643874,38
643874,39
643874,40
643874,41
643874,42
643874,43
643874,44
643874,51
643874,56
643874,57
643874,58
643874,60
643874,61
643874,64
643874,65
643874,66
643874,67
643874,68
643874,70
643874,71
643874,81
644073,3
644073,12
644073,13
644073,39
644073,40
644073,41
644073,42
644073,43
644073,54
644073,55
644073,56
644073,57
644073,59
644073,62
644073,66
644073,68
644073,69
644272,22
644272,23
644272,24
644272,31
644272,32
644272,43
644272,44
644272,55
644272,56
644272,57
644272,58
644272,61
644272,62
644272,63
644272,64
644272,65
644272,66
644272,67
644272,68
644272,111
644272,115
644471,39
644471,40
644471,42
644471,53
644471,54
644471,55
644471,58
644471,59
644471,60
644471,61
644471,62
644471,63
644471,64
644471,66
644471,69
644471,78
644471,79
644471,80
644670,6
644670,7
644670,24
644670,26
644670,27
644670,28
644670,48
644670,52
644670,58
644670,63
644670,64
644670,65
644670,69
644670,70
644869,14
644869,15
644869,26
644869,65
644869,66
645068,10
645068,11
645068,13
645068,14
645068,26
645068,38
645068,39
645068,85
645267,103
645267,104
645267,108
645267,109
645267,120
645267,121
645466,19
645466,20
645466,22
645466,23
645466,31
645466,36
645466,37
645466,39
645466,40
645466,41
645466,42
645466,43
645466,45
645466,58
645466,59
645466,60
645466,61
645466,62
645466,76
645466,77
645665,10
645665,21
645665,22
645665,32
645665,33
645665,72
645665,89
645665,90
645864,23
645864,62
646063,37
646063,99
646262,7
646262,8
646262,9
646262,26
646262,27
646262,32
646262,33
646262,43
646262,44
646262,83
646262,84
646461,31
646461,32
646461,33
646461,34
646461,35
646461,36
646461,37
646461,38
646461,39
646461,40
646461,41
646461,42
646461,51
646461,52
646461,55
646461,56
646461,57
646461,68
646461,69
646461,78
646461,79
646461,80
646461,114
646660,13
646660,14
646660,33
646660,58
646660,59
646660,87
646660,88
646660,109
646859,22
646859,23
646859,24
646859,25
646859,28
646859,29
646859,30
646859,31
646859,32
646859,33
646859,34
646859,35
646859,36
646859,37
646859,38
646859,39
646859,40
646859,41
646859,42
646859,43
646859,44
646859,45
646859,46
646859,56
646859,57
646859,60
646859,83
646859,84
647058,24
647058,28
647058,30
647058,31
647058,32
647058,33
647058,34
647058,35
647058,36
647058,37
647058,38
647058,39
647058,40
647257,7
647257,18
647257,24
647257,25
647257,28
647257,29
647257,30
647257,31
647257,32
647257,33
647257,34
647257,35
647257,36
647257,37
647257,40
647257,45
647257,58
647257,63
647257,64
647257,69
647257,70
647456,14
647456,15
647456,24
647456,26
647456,31
647456,32
647456,33
647456,34
647456,35
647456,36
647456,37
647456,38
647456,39
647456,40
647456,41
647456,65
647456,66
647655,10
647655,11
647655,39
647655,41
647655,42
647655,46
647655,64
647655,65
647655,66
647854,92
647854,120
648053,4
648053,19
648053,20
648053,31
648053,32
648053,36
648053,37
648053,63
648053,65
648053,76
648053,77
648252,10
648252,11
648252,21
648252,22
648252,24
648252,25
648252,28
648252,29
648252,30
648252,32
648252,33
648252,39
648252,59
648451,1
648451,22
648650,12
648650,26
648650,29
648650,30
648650,36
648650,37
648650,49
648650,71
648650,119
648849,2
648849,15
648849,22
648849,26
648849,27
648849,28
648849,29
648849,30
648849,31
648849,32
648849,33
648849,34
648849,35
648849,43
648849,44
648849,66
648849,67
648849,100
649048,14
649048,16
649048,30
649048,31
649048,33
649048,34
649048,35
649048,39
649048,44
649048,45
649048,57
649048,68
649048,69
649247,13
649247,14
649446,32
649446,33
649446,34
649446,35
649446,36
649446,39
649446,40
649446,41
649446,42
649446,43
649446,44
649446,50
649645,5
649645,39
649645,40
649645,59
649645,102
649645,103
649844,7
649844,8
649844,24
649844,25
649844,52
649844,53
649844,58
649844,64
649844,65
649844,69
649844,70
649844,75
649844,103
649844,104
649844,110
649844,121
650043,4
650043,14
650043,15
650043,26
650043,27
650043,65
650043,66
650043,79
650043,80
650043,81
650242,10
650242,11
650242,14
650242,39
650242,40
650242,50
650441,12
650441,13
650441,69
650441,109
650441,110
650640,6
650640,20
650640,26
650640,27
650640,31
650640,32
650640,33
650640,35
650640,37
650640,38
650640,76
650640,77
650640,79
650839,6
650839,7
650839,21
650839,22
650839,31
650839,32
650839,33
650839,34
650839,35
650839,36
650839,37
650839,38
650839,39
650839,40
650839,43
650839,51
650839,62
650839,72
651038,24
651038,34
651038,35
651038,36
651038,37
651038,38
651038,39
651038,40
651038,41
651038,42
651038,103
651237,11
651237,37
651237,42
651237,48
651436,27
651436,28
651436,32
651436,33
651436,44
651436,56
651436,66
651436,72
651436,73
651635,1
651635,8
651635,9
651635,10
651635,13
651635,14
651635,15
651635,17
651635,26
651635,27
651635,28
651635,51
651635,52
651635,57
651635,58
651635,60
651635,68
651635,69
651635,115
651834,6
651834,7
651834,11
651834,13
651834,14
651834,16
651834,20
651834,59
651834,81
651834,87
651834,88
651834,110
651834,111
652033,6
652033,7
652033,14
652033,18
652033,23
652033,24
652033,25
652033,32
652033,33
652033,43
652033,44
652232,9
652232,11
652232,12
652232,13
652232,39
652232,40
652232,41
652232,42
652232,43
652232,44
652232,45
652431,7
652431,8
652431,24
652431,25
652431,58
652431,64
652431,65
652431,70
652431,109
652431,110
652431,121
652630,14
652630,15
652630,20
652630,26
652630,27
652630,66
652630,67
652630,108
652829,10
652829,11
652829,19
652829,39
652829,40
652829,57
652829,97
653028,7
653028,15
653028,69
653028,120
653028,121
653227,20
653227,21
653227,31
653227,32
653227,37
653227,38
653227,39
653227,40
653227,62
653227,77
653227,78
653426,21
653426,22
653426,33
653426,34
653426,43
653426,46
653426,47
653426,79
653426,91
653625,2
653625,3
653625,4
653625,8
653625,9
653625,12
653625,13
653625,19
653625,31
653625,32
653625,33
653625,34
653625,35
653625,36
653625,37
653625,38
653625,39
653625,40
653625,42
653625,63
653824,12
653824,37
653824,68
653824,69
653824,70
653824,122
654023,12
654023,18
654023,27
654023,28
654023,32
654023,33
654023,34
654023,39
654023,44
654023,45
654222,1
654222,31
654222,32
654222,33
654222,34
654222,35
654222,36
654222,37
654222,38
654222,39
654222,40
654222,41
654222,42
654222,43
654222,44
654222,45
654222,51
654222,52
654222,57
654222,58
654222,64
654222,65
654222,66
654222,68
654222,69
654222,114
654222,115
654421,13
654421,14
654421,32
654421,33
654421,34
654421,35
654421,36
654421,60
654421,62
654421,87
654421,88
654620,4
654620,5
654620,12
654620,13
654620,32
654620,33
654620,37
654620,38
654620,39
654620,40
654620,41
654620,42
654620,43
654620,44
654620,45
654620,46
654620,49
654620,50
654620,62
654620,63
654620,64
654620,78
654819,3
654819,40
654819,62
655018,7
655018,8
655018,14
655018,15
655018,24
655018,25
655018,58
655018,64
655018,65
655018,68
655018,69
655018,70
655018,71
655018,104
655018,105
655018,121
655018,122
655217,13
655217,15
655217,16
655217,25
655217,26
655217,27
655217,28
655217,29
655217,30
655217,35
655217,66
655217,67
655217,77
655416,11
655416,12
655416,39
655416,65
655615,26
655615,27
655615,35
655615,109
655814,14
655814,15
655814,17
655814,20
655814,21
655814,29
655814,30
655814,31
655814,32
655814,37
655814,38
655814,41
655814,42
655814,43
655814,47
655814,77
655814,78
655814,94
655814,95
656013,22
656013,23
656013,27
656013,28
656013,29
656013,30
656013,31
656013,32
656013,33
656013,34
656013,35
656013,36
656013,38
656013,41
656013,42
656013,43
656013,44
656013,45
656013,46
656013,61
656013,62
656013,90
656013,91
656212,28
656212,31
656212,34
656212,57
656212,58
656212,63
656411,28
656411,29
656411,30
656411,33
656411,34
656411,37
656411,38
656411,39
656411,40
656411,42
656411,43
656411,45
656411,46
656411,47
656411,48
656411,49
656411,56
656411,71
656411,72
656411,105
656610,27
656610,28
656610,29
656610,30
656610,31
656610,33
656610,34
656610,44
656610,45
656610,80
656809,15
656809,28
656809,29
656809,31
656809,33
656809,51
656809,52
656809,57
656809,58
656809,69
657008,13
657008,14
657008,60
657207,4
657207,5
657207,11
657207,26
657207,29
657207,31
657207,32
657207,33
657207,34
657207,44
657207,45
657207,49
657207,50
657406,2
657406,12
657406,36
657406,37
657406,38
657406,39
657406,40
657406,41
657406,43
657406,44
657406,45
657406,46
657406,51
657406,60
657406,102
657605,7
657605,8
657605,24
657605,25
657605,32
657605,33
657605,34
657605,35
657605,36
657605,37
657605,38
657605,39
657605,40
657605,41
657605,42
657605,43
657605,44
657605,45
657605,64
657605,65
657605,70
657605,71
657605,110
657605,111
657804,15
657804,16
657804,26
657804,27
657804,28
657804,29
657804,30
657804,31
657804,66
657804,67
658003,11
658003,12
658003,16
658003,33
658003,34
658003,35
658003,36
658003,39
658003,40
658003,42
658003,43
658003,58
658202,9
658202,10
658202,40
658202,41
658202,42
658202,44
658202,45
658202,64
658202,65
658202,66
658401,20
658401,21
658401,32
658401,37
658401,38
658401,77
658401,78
658600,0
658600,22
658600,23
658600,33
658600,34
658600,63
658799,1
658799,9
658799,11
658799,14
658799,55
658799,64
658998,13
658998,37
658998,38
658998,40
659197,5
659197,15
659197,27
659197,28
659197,33
659197,34
659197,44
659197,45
659197,70
659396,1
659396,8
659396,10
659396,52
659396,53
659396,54
659396,57
659396,58
659396,69
659396,70
659396,114
659595,14
659595,15
659595,28
659595,29
659595,30
659595,44
659595,45
659595,46
659595,60
659794,5
659794,19
659794,20
659794,32
659794,33
659794,42
659794,43
659794,44
659794,45
659794,113
659993,1
659993,40
659993,41
659993,42
659993,105
660192,8
660192,14
660192,15
660192,16
660192,25
660192,26
660192,41
660192,42
660192,64
660192,65
660192,67
660192,70
660192,71
660391,15
660391,16
660391,26
660391,27
660391,29
660391,30
660391,31
660391,32
660391,33
660391,34
660391,35
660391,36
660391,37
660391,38
660391,39
660391,40
660391,41
660391,57
660391,58
660391,66
660391,67
660391,80
660590,6
660590,11
660590,12
660590,14
660590,20
660590,86
660789,61
660988,2
660988,20
660988,21
660988,28
660988,29
660988,30
660988,31
660988,32
660988,33
660988,34
660988,35
660988,37
660988,38
660988,40
660988,41
660988,42
660988,43
660988,44
660988,63
660988,77
660988,78
660988,80
661187,12
661187,22
661187,23
661187,27
661187,33
661187,34
661187,48
661187,49
661187,63
661187,90
661386,10
661386,30
661386,31
661386,32
661386,33
661386,39
661386,40
661386,43
661386,67
661386,68
661585,2
661585,33
661585,34
661585,35
661585,36
661585,37
661585,38
661585,39
661585,40
661585,41
661585,42
661585,43
661585,59
661585,71
661585,72
661784,2
661784,27
661784,28
661784,33
661784,34
661784,43
661784,44
661784,45
661983,2
661983,3
661983,4
661983,5
661983,52
661983,53
661983,58
661983,67
661983,69
661983,70
661983,114
661983,115
662182,11
662182,12
662182,14
662182,15
662182,60
662182,73
662381,5
662381,32
662381,33
662381,34
662381,44
662381,45
662381,50
662381,51
662580,25
662580,34
662580,40
662580,41
662580,80
662580,86
662580,87
662779,8
662779,9
662779,25
662779,26
662779,53
662779,54
662779,65
662779,66
662779,70
662779,71
662779,110
662779,111
662978,1
662978,9
662978,15
662978,16
662978,27
662978,28
662978,56
662978,57
662978,66
662978,67
663177,11
663177,12
663177,27
663177,31
663177,36
663177,40
663177,57
663177,67
663376,30
663376,31
663376,104
663376,121
663376,122
663575,13
663575,16
663575,21
663575,32
663575,33
663575,34
663575,35
663575,37
663575,38
663575,39
663575,40
663575,41
663575,42
663575,46
663575,47
663575,66
663575,67
663575,77
663575,78
663774,22
663774,23
663774,25
663774,26
663774,27
663774,28
663774,29
663774,30
663774,32
663774,33
663774,34
663774,35
663774,38
663774,39
663774,40
663774,41
663774,42
663774,43
663774,44
663774,45
663774,46
663774,47
663774,48
663774,63
663774,65
663774,66
663774,70
663774,71
663774,102
663774,103
663973,7
663973,28
663973,29
663973,30
663973,32
663973,33
663973,34
663973,38
663973,39
663973,40
663973,42
663973,43
663973,44
663973,45
663973,46
663973,55
663973,67
664172,33
664172,34
664172,37
664172,38
664172,46
664172,47
664172,123
664371,7
664371,27
664371,28
664371,29
664371,30
664371,31
664371,32
664371,33
664371,34
664371,35
664371,36
664371,37
664371,38
664371,39
664371,40
664371,41
664371,42
664371,43
664371,44
664371,45
664371,46
664371,71
664371,73
664371,74
664371,102
664570,2
664570,47
664570,52
664570,53
664570,58
664570,59
664570,69
664570,70
664570,115
664570,116
664769,14
664769,15
664769,28
664769,29
664769,30
664769,31
664769,33
664769,34
664769,35
664769,39
664769,40
664769,41
664769,60
664968,5
664968,7
664968,8
664968,13
664968,14
664968,15
664968,31
664968,32
664968,33
664968,34
664968,35
664968,36
664968,37
664968,38
664968,39
664968,40
664968,41
664968,42
664968,43
664968,44
664968,45
664968,46
665167,37
665167,38
665167,39
665167,40
665167,41
665167,42
665167,43
665167,44
665167,45
665167,46
665167,61
665167,62
665167,63
665167,64
665167,65
665167,66
665167,97
665366,8
665366,9
665366,25
665366,26
665366,30
665366,33
665366,34
665366,35
665366,36
665366,37
665366,38
665366,39
665366,52
665366,53
665366,65
665366,66
665366,71
665565,15
665565,16
665565,18
665565,27
665565,28
665565,30
665565,67
665565,68
665764,11
665764,12
665764,13
665764,14
665764,15
665963,111
665963,121
665963,122
666162,7
666162,21
666162,22
666162,26
666162,27
666162,28
666162,32
666162,33
666162,34
666162,38
666162,39
666162,40
666162,41
666162,42
666162,43
666162,78
666162,82
666162,95
666162,96
666361,22
666361,23
666361,34
666361,35
666361,41
666361,53
666361,63
666560,32
666560,33
666560,34
666560,35
666560,37
666560,39
666560,40
666560,46
666759,21
666759,22
666759,23
666759,31
666759,34
666759,35
666759,37
666759,38
666759,39
666759,40
666759,41
666759,72
666759,124
666958,6
666958,10
666958,11
666958,12
666958,20
666958,21
666958,22
666958,23
666958,24
666958,25
666958,28
666958,29
666958,30
666958,31
666958,32
666958,33
666958,34
666958,35
666958,36
666958,37
666958,38
666958,40
666958,41
666958,42
666958,45
666958,73
666958,74
667157,18
667157,19
667157,27
667157,28
667157,29
667157,30
667157,31
667157,32
667157,33
667157,34
667157,36
667157,37
667157,38
667157,39
667157,40
667157,41
667157,42
667157,43
667157,44
667157,45
667157,52
667157,53
667157,58
667157,59
667157,69
667157,70
667157,115
667356,8
667356,10
667356,11
667356,12
667356,13
667356,14
667356,15
667356,19
667356,20
667356,46
667356,60
667356,61
667356,63
667356,64
667356,69
667356,70
667356,71
667555,5
667555,6
667555,31
667555,32
667555,33
667555,34
667555,35
667555,36
667555,37
667555,38
667555,39
667555,40
667555,41
667555,42
667555,44
667555,45
667555,51
667555,113
667754,11
667754,31
667754,33
667754,41
667754,54
667953,0
667953,1
667953,4
667953,8
667953,9
667953,25
667953,26
667953,34
667953,35
667953,39
667953,40
667953,65
667953,66
667953,69
667953,70
667953,71
667953,72
668152,16
668152,17
668152,27
668152,28
668152,32
668152,33
668152,35
668152,36
668152,37
668152,45
668152,67
668152,68
668351,4
668351,12
668351,13
668351,27
668351,28
668351,29
668351,30
668351,31
668351,32
668351,33
668351,34
668351,35
668351,36
668351,37
668351,38
668351,39
668351,40
668351,41
668351,42
668351,43
668351,44
668351,45
668550,10
668550,15
668550,31
668550,32
668550,33
668550,34
668550,35
668550,36
668550,37
668550,38
668550,39
668550,41
668550,42
668550,43
668749,21
668749,22
668749,25
668749,32
668749,33
668749,38
668749,39
668749,40
668749,41
668749,42
668749,64
668749,65
668749,78
668948,5
668948,23
668948,24
668948,34
668948,35
668948,39
668948,58
668948,59
668948,63
668948,77
668948,78
668948,79
668948,91
668948,114
669147,2
669147,8
669147,9
669147,22
669147,23
669147,33
669147,34
669147,40
669147,43
669147,44
669147,60
669147,65
669147,66
669346,0
669346,1
669346,2
669346,26
669346,36
669346,37
669346,38
669346,39
669346,40
669346,41
669346,42
669346,44
669346,45
669346,46
669346,47
669346,48
669346,73
669346,77
669545,28
669545,29
669545,32
669545,33
669545,34
669545,35
669545,36
669545,37
669545,38
669545,40
669545,45
669545,58
669545,59
669545,63
669545,67
669744,2
669744,9
669744,11
669744,52
669744,53
669744,58
669744,59
669744,70
669943,14
669943,15
669943,26
669943,35
669943,56
669943,57
669943,60
669943,61
669943,64
669943,65
670142,3
670142,5
670142,6
670142,25
670142,26
670142,33
670142,34
670142,45
670142,46
670142,58
670142,59
670142,60
670142,84
670142,113
670142,114
670341,41
670341,42
670341,66
670341,67
670341,69
670341,70
670341,71
670540,8
670540,9
670540,10
670540,25
670540,26
670540,29
670540,30
670540,31
670540,32
670540,33
670540,34
670540,35
670540,36
670540,37
670540,38
670540,39
670540,40
670540,41
670540,42
670540,43
670540,44
670540,45
670540,61
670540,65
670540,66
670540,67
670540,71
670540,72
670540,79
670540,80
670540,81
670739,16
670739,17
670739,24
670739,26
670739,27
670739,28
670739,30
670739,31
670739,33
670739,44
670739,45
670739,46
670739,47
670739,67
670739,68
670938,12
670938,13
670938,19
670938,20
670938,21
670938,22
670938,28
670938,29
670938,30
670938,33
670938,34
670938,40
670938,42
670938,43
670938,44
670938,45
670938,52
670938,57
671137,29
671137,30
671137,33
671137,34
671137,35
671137,36
671137,37
671137,38
671137,39
671137,40
671137,41
671137,42
671137,43
671137,44
671137,45
671137,46
671137,73
671137,82
671137,83
671137,105
671137,106
671137,107
671137,108
671137,111
671336,14
671336,21
671336,22
671336,32
671336,33
671336,38
671336,39
671336,43
671336,44
671336,46
671336,47
671336,78
671336,106
671336,107
671535,11
671535,12
671535,13
671535,14
671535,23
671535,24
671535,34
671535,35
671535,46
671535,47
671535,63
671535,64
671734,9
671734,32
671734,33
671734,34
671734,35
671734,36
671734,37
671734,38
671734,39
671734,40
671734,41
671734,42
671734,43
671734,44
671734,45
671734,58
671933,13
671933,34
671933,35
671933,36
671933,37
671933,38
671933,39
671933,41
671933,42
672132,25
672132,26
672132,28
672132,29
672132,31
672132,32
672132,33
672132,34
672132,35
672132,36
672132,37
672132,38
672132,39
672132,40
672132,41
672132,42
672132,43
672132,44
672132,45
672132,46
672132,52
672132,59
672132,60
672132,61
672331,1
672331,2
672331,43
672331,53
672331,54
672331,58
672331,59
672331,70
672331,71
672331,77
672331,116
672530,6
672530,7
672530,8
672530,14
672530,15
672530,16
672530,17
672530,60
672530,61
672729,5
672729,6
672729,10
672729,11
672729,12
672729,33
672729,34
672729,45
672729,46
672928,26
672928,39
672928,40
672928,41
672928,42
672928,44
672928,45
672928,52
672928,86
672928,87
672928,98
672928,99
673127,9
673127,10
673127,14
673127,15
673127,16
673127,24
673127,25
673127,26
673127,27
673127,33
673127,34
673127,35
673127,36
673127,37
673127,38
673127,39
673127,40
673127,41
673127,42
673127,43
673127,44
673127,45
673127,65
673127,66
673127,71
673127,72
673326,9
673326,12
673326,13
673326,14
673326,16
673326,17
673326,24
673326,25
673326,27
673326,28
673326,30
673326,31
673326,33
673326,65
673326,67
673326,68
673525,12
673525,13
673525,34
673525,35
673525,36
673525,39
673525,40
673525,41
673525,44
673525,45
673724,5
673724,30
673724,31
673724,32
673724,33
673724,34
673724,35
673724,42
673724,47
673724,111
673923,5
673923,21
673923,22
673923,38
673923,39
673923,40
673923,41
673923,42
673923,57
673923,58
673923,59
673923,78
674122,11
674122,12
674122,13
674122,23
674122,24
674122,31
674122,32
674122,33
674122,34
674122,35
674122,36
674122,37
674122,38
674122,39
674122,40
674122,41
674122,42
674122,46
674122,47
674122,49
674122,50
674122,63
674122,64
674122,80
674321,9
674321,11
674321,30
674321,38
674520,6
674520,7
674520,8
674520,9
674520,12
674520,13
674520,31
674520,33
674520,34
674520,35
674520,36
674520,37
674520,38
674520,39
674520,40
674520,41
674520,42
674719,1
674719,28
674719,29
674719,31
674719,32
674719,34
674719,35
674719,45
674719,56
674719,57
674719,74
674918,2
674918,3
674918,7
674918,17
674918,53
674918,54
674918,59
674918,67
674918,68
674918,69
674918,70
674918,71
674918,105
675117,2
675117,15
675117,16
675117,31
675117,32
675117,33
675117,34
675117,35
675117,36
675117,37
675117,38
675117,39
675117,40
675117,41
675117,42
675117,43
675117,44
675117,45
675117,60
675117,61
675316,5
675316,6
675316,28
675316,33
675316,34
675316,35
675316,41
675316,45
675316,46
675515,1
675515,13
675515,25
675515,31
675515,32
675515,33
675515,34
675515,35
675515,36
675515,41
675714,9
675714,10
675714,26
675714,27
675714,37
675714,38
675714,39
675714,40
675714,41
675714,42
675714,43
675714,44
675714,45
675714,62
675714,63
675714,64
675714,66
675714,67
675714,71
675714,72
675913,16
675913,17
675913,28
675913,29
675913,54
675913,67
675913,68
675913,81
676112,12
676112,13
676112,27
676112,31
676112,32
676112,33
676112,34
676112,37
676112,59
676112,79
676112,80
676311,13
676311,75
676311,123
676510,22
676510,28
676510,39
676510,78
676709,2
676709,11
676709,12
676709,23
676709,24
676709,26
676709,27
676709,28
676709,35
676709,36
676709,47
676709,63
676709,64
676709,66
676709,67
676908,9
676908,12
676908,17
676908,18
676908,30
676908,33
676908,34
676908,35
676908,38
676908,39
676908,40
676908,43
676908,44
676908,45
676908,60
676908,61
676908,62
677107,11
677107,27
677107,31
677107,32
677107,33
677107,34
677107,35
677107,36
677107,37
677107,38
677107,39
677107,40
677107,41
677107,42
677107,62
677306,1
677306,29
677306,32
677306,33
677306,34
677306,35
677306,36
677306,38
677306,39
677306,40
677306,41
677306,42
677306,57
677505,2
677505,3
677505,15
677505,16
677505,22
677505,23
677505,53
677505,54
677505,59
677505,60
677505,70
677505,71
677505,81
677505,107
677505,108
677505,116
677505,117
677704,15
677704,16
677704,19
677704,41
677704,42
677704,61
677903,5
677903,6
677903,34
677903,35
677903,39
677903,41
677903,45
677903,46
678102,41
678102,42
678301,2
678301,9
678301,10
678301,26
678301,27
678301,33
678301,66
678301,67
678301,72
678301,123
678301,124
678500,16
678500,17
678500,28
678500,29
678500,30
678500,31
678500,32
678500,33
678500,34
678500,35
678500,36
678500,37
678500,38
678500,39
678500,40
678500,41
678500,42
678500,43
678500,44
678500,68
678699,12
678699,13
678699,39
678898,28
678898,29
678898,30
678898,31
678898,32
678898,33
678898,34
678898,35
678898,36
678898,38
678898,39
678898,40
678898,41
678898,42
678898,111
678898,112
678898,122
679097,11
679097,12
679097,22
679097,23
679097,32
679097,33
679097,34
679097,35
679097,36
679097,37
679097,38
679097,39
679097,40
679097,41
679097,42
679097,43
679097,57
679097,58
679097,67
679097,68
679097,119
679296,23
679296,24
679296,35
679296,36
679296,40
679296,41
679296,42
679296,44
679296,45
679296,47
679296,63
679296,64
679296,65
679296,66
679296,67
679495,18
679694,30
679694,31
679694,38
679694,39
679694,63
679893,16
679893,29
679893,34
679893,35
679893,62
679893,65
679893,74
680092,2
680092,3
680092,19
680092,20
680092,53
680092,54
680092,59
680092,60
680092,63
680092,64
680092,69
680092,70
680092,71
680092,72
680291,10
680291,15
680291,16
680291,61
680291,62
680291,64
680291,101
680490,2
680490,6
680490,7
680490,15
680490,30
680490,31
680490,32
680490,34
680490,35
680490,38
680490,39
680490,45
680490,46
680490,48
680490,51
680490,52
680490,63
680490,64
680490,66
680490,69
680490,71
680490,85
680490,125
680689,33
680689,38
680689,39
680689,40
680689,42
680689,87
680689,88
680888,9
680888,10
680888,15
680888,16
680888,25
680888,26
680888,27
680888,33
680888,52
680888,55
680888,66
680888,67
680888,72
680888,73
680888,79
680888,111
680888,112
681087,10
681087,17
681087,18
681087,19
681087,20
681087,28
681087,29
681087,68
681087,69
681286,13
681286,14
681286,98
681286,99
681485,6
681485,31
681485,33
681485,37
681485,42
681485,71
681485,72
681485,111
681485,123
681684,16
681684,22
681684,23
681684,29
681684,30
681684,31
681684,32
681684,33
681684,34
681684,35
681684,39
681684,40
681684,41
681684,42
681684,56
681684,79
681684,80
681883,1
681883,8
681883,16
681883,24
681883,25
681883,28
681883,29
681883,31
681883,32
681883,33
681883,34
681883,35
681883,36
681883,37
681883,38
681883,39
681883,40
681883,42
681883,46
681883,47
681883,52
681883,53
681883,63
681883,64
681883,79
681883,92
681883,103
681883,104
682082,9
682082,10
682082,32
682082,33
682082,34
682082,35
682082,36
682082,37
682082,38
682082,39
682082,40
682082,41
682082,57
682082,58
682281,10
682281,13
682281,26
682281,27
682281,28
682281,29
682281,30
682281,31
682281,32
682281,33
682281,34
682281,35
682281,36
682281,37
682281,38
682281,39
682281,40
682281,41
682281,42
682281,73
682281,108
682480,29
682480,30
682480,31
682480,32
682480,33
682480,34
682480,35
682480,36
682480,37
682480,38
682480,39
682480,40
682480,41
682480,42
682480,87
682679,2
682679,3
682679,9
682679,19
682679,20
682679,30
682679,32
682679,35
682679,36
682679,37
682679,38
682679,40
682679,41
682679,53
682679,54
682679,56
682679,57
682679,59
682679,60
682679,63
682679,64
682679,71
682679,116
682679,117
682878,15
682878,16
682878,18
682878,19
682878,30
682878,35
682878,36
682878,37
682878,42
682878,43
682878,46
682878,61
682878,62
683077,6
683077,7
683077,8
683077,9
683077,10
683077,11
683077,13
683077,15
683077,34
683077,35
683077,36
683077,37
683077,38
683077,39
683077,40
683077,42
683077,46
683077,47
683077,52
683276,31
683276,34
683276,35
683276,36
683276,37
683276,38
683276,39
683276,40
683276,42
683276,43
683276,117
683475,9
683475,10
683475,23
683475,26
683475,27
683475,33
683475,34
683475,37
683475,38
683475,39
683475,40
683475,41
683475,42
683475,55
683475,61
683475,66
683475,67
683475,72
683475,73
683475,75
683475,76
683674,17
683674,18
683674,25
683674,26
683674,28
683674,29
683674,31
683674,32
683674,33
683674,34
683674,39
683674,44
683674,68
683674,69
683674,77
683873,0
683873,11
683873,12
683873,13
683873,14
683873,15
683873,27
683873,28
683873,88
683873,98
684072,2
684072,28
684072,29
684072,30
684072,31
684072,32
684072,33
684072,34
684072,35
684072,36
684072,37
684072,38
684072,39
684072,40
684072,41
684072,42
684072,45
684072,48
684072,49
684072,65
684072,111
684072,112
684072,123
684271,22
684271,23
684271,30
684271,31
684271,32
684271,33
684271,34
684271,35
684271,36
684271,37
684271,38
684271,39
684271,40
684271,41
684271,42
684271,44
684271,97
684470,16
684470,24
684470,32
684470,33
684470,34
684470,35
684470,36
684470,37
684470,38
684470,39
684470,40
684470,41
684470,44
684470,45
684470,46
684470,47
684470,48
684470,52
684470,53
684470,56
684470,61
684470,62
684470,63
684470,64
684470,65
684470,92
684470,93
684470,103
684470,104
684669,4
684669,9
684669,13
684669,25
684669,26
684669,30
684669,36
684868,28
684868,29
684868,39
684868,40
684868,67
684868,70
684868,71
684868,73
684868,74
685067,29
685067,30
685067,31
685067,32
685067,35
685067,36
685067,46
685067,59
685067,63
685067,66
685067,70
685266,3
685266,9
685266,27
685266,28
685266,29
685266,54
685266,55
685266,59
685266,60
685266,71
685266,72
685266,74
685266,78
685266,94
685465,16
685465,17
685465,29
685465,30
685465,31
685465,32
685465,40
685465,61
685465,62
685465,63
685465,69
685664,6
685664,7
685664,14
685664,28
685664,31
685664,32
685664,34
685664,35
685664,40
685664,45
685664,46
685664,47
685664,81
685664,82
685664,83
685863,1
685863,31
685863,32
685863,33
685863,34
685863,35
685863,36
685863,37
685863,38
685863,39
685863,40
685863,41
685863,42
685863,44
685863,45
685863,59
685863,60
686062,10
686062,13
686062,27
686062,28
686062,31
686062,32
686062,34
686062,35
686062,36
686062,37
686062,38
686062,55
686062,56
686062,66
686062,71
686062,72
686062,73
686062,78
686062,106
686062,107
686261,17
686261,18
686261,28
686261,29
686261,31
686261,32
686261,33
686261,34
686261,35
686261,37
686261,38
686261,39
686261,40
686261,41
686261,42
686261,68
686261,69
686261,80
686460,1
686460,13
686460,14
686460,40
686460,41
686460,53
686460,72
686460,99
686659,50
686659,72
686659,73
686659,80
686659,81
686659,112
686858,18
686858,22
686858,23
686858,25
686858,26
686858,30
686858,32
686858,39
686858,40
686858,41
686858,42
686858,45
687057,2
687057,24
687057,35
687057,47
687057,48
687057,64
687057,65
687057,92
687057,93
687256,9
687256,10
687256,12
687256,39
687256,40
687256,42
687256,67
687455,14
687455,15
687455,26
687455,27
687455,28
687455,29
687455,30
687455,39
687455,40
687654,4
687654,35
687654,36
687654,37
687853,3
687853,4
687853,5
687853,6
687853,36
687853,38
687853,39
687853,40
687853,54
687853,55
687853,60
687853,71
687853,72
688052,7
688052,16
688052,17
688052,31
688052,32
688052,33
688052,34
688052,35
688052,36
688052,37
688052,38
688052,39
688052,40
688052,41
688052,42
688052,61
688052,62
688251,7
688251,14
688251,29
688251,35
688251,36
688251,46
688251,47
688251,53
688450,33
688450,34
688450,38
688450,39
688450,40
688450,41
688450,42
688450,66
688450,67
688450,117
688649,10
688649,11
688649,27
688649,28
688649,67
688649,68
688649,69
688649,72
688649,73
688649,113
688848,2
688848,3
688848,17
688848,18
688848,28
688848,29
688848,30
688848,32
688848,33
688848,35
688848,44
688848,68
688848,69
688848,71
688848,73
689047,5
689047,13
689047,14
689047,35
689047,39
689047,99
689246,28
689246,29
689246,30
689246,31
689246,34
689246,35
689246,36
689246,37
689246,38
689246,39
689246,40
689246,41
689246,72
689445,10
689445,11
689445,23
689445,30
689445,31
689445,32
689445,33
689445,34
689445,40
689445,41
689445,42
689445,43
689644,32
689644,33
689644,34
689644,35
689644,36
689644,38
689644,39
689644,40
689644,41
689644,47
689644,48
689644,64
689644,65
689644,93
689843,34
689843,36
689843,41
689843,42
689843,75
690042,27
690042,29
690042,39
690042,40
690241,7
690241,14
690241,35
690241,36
690241,39
690440,3
690440,4
690440,15
690440,16
690440,17
690440,23
690440,24
690440,34
690440,54
690440,55
690440,60
690440,61
690440,71
690440,72
690639,0
690639,16
690639,17
690639,18
690639,36
690639,37
690639,38
690639,39
690639,40
690639,41
690639,42
690639,43
690639,62
690639,67
690639,68
690838,7
690838,35
690838,36
690838,45
690838,46
690838,47
690838,81
691037,7
691037,27
691037,28
691037,29
691037,30
691037,31
691037,32
691037,33
691037,42
691037,61
691037,99
691236,6
691236,10
691236,11
691236,27
691236,28
691236,34
691236,38
691236,39
691236,40
691236,43
691236,73
691435,17
691435,18
691435,29
691435,30
691435,64
691435,69
691435,79
691634,13
691634,14
691634,17
691634,18
691634,53
691833,11
691833,52
691833,53
691833,124
692032,6
692032,7
692032,10
692032,16
692032,17
692032,23
692032,24
692032,31
692032,40
692032,41
692231,15
692231,17
692231,24
692231,47
692231,48
692231,64
692231,65
692430,9
692430,10
692430,14
692430,17
692430,67
692629,13
692629,15
692629,27
692629,28
692629,29
692629,31
692629,32
692629,39
692629,40
692629,79
692629,81
692629,82
692629,83
692828,13
692828,15
692828,32
692828,35
692828,36
693027,3
693027,4
693027,11
693027,33
693027,34
693027,35
693027,36
693027,37
693027,38
693027,54
693027,55
693027,60
693027,61
693027,71
693027,72
693226,13
693226,15
693226,16
693226,17
693226,35
693226,36
693226,37
693226,38
693226,39
693226,40
693226,41
693226,42
693226,43
693226,59
693226,60
693226,61
693226,62
693226,63
693226,113
693425,0
693425,3
693425,7
693425,8
693425,34
693425,35
693425,36
693425,37
693425,45
693425,46
693425,47
693624,10
693624,36
693624,37
693624,38
693624,40
693624,41
693624,42
693624,43
693624,81
693624,117
693823,10
693823,11
693823,12
693823,27
693823,28
693823,34
693823,67
693823,73
693823,74
694022,18
694022,19
694022,20
694022,21
694022,25
694022,27
694022,29
694022,30
694022,31
694022,32
694022,33
694022,34
694022,35
694022,36
694022,69
694022,70
694022,77
694022,82
694221,14
694221,15
694221,27
694221,80
694420,12
694420,13
694420,22
694420,23
694420,115
694619,4
694619,23
694619,24
694619,33
694619,34
694619,35
694619,40
694619,41
694818,25
694818,36
694818,37
694818,41
694818,42
694818,47
694818,48
694818,64
694818,65
695017,4
695017,5
695017,9
695017,10
695017,14
695017,34
695017,47
695216,13
695216,29
695216,40
695415,27
695415,30
695415,36
695415,37
695614,4
695614,33
695614,54
695614,55
695614,57
695614,58
695614,60
695614,61
695614,65
695614,72
695614,118
695813,16
695813,17
695813,19
695813,27
695813,62
695813,63
696012,7
696012,8
696012,35
696012,36
696012,46
696012,47
696012,48
696012,52
696012,53
696012,98
696211,2
696211,25
696410,10
696410,11
696410,27
696410,28
696410,29
696410,30
696410,31
696410,32
696410,33
696410,34
696410,63
696410,67
696410,73
696410,74
696410,76
696410,77
696609,18
696609,19
696609,29
696609,30
696609,31
696609,32
696609,33
696609,34
696609,35
696609,36
696609,37
696609,40
696609,41
696609,42
696609,43
696609,44
696609,45
696609,69
696609,70
696808,14
696808,15
696808,28
696808,29
696808,30
696808,31
696808,38
696808,39
696808,40
696808,41
696808,42
696808,43
696808,44
696808,45
696808,62
696808,63
697007,43
697007,44
697206,23
697206,24
697206,40
697206,41
697206,64
697206,70
697405,13
697405,14
697405,15
697405,36
697405,48
697405,49
697405,56
697405,57
697405,65
697405,66
697604,10
697604,17
697604,80
697803,9
697803,15
697803,26
697803,29
697803,40
697803,41
697803,75
698002,15
698002,16
698002,17
698002,30
698002,31
698002,32
698002,33
698002,35
698002,36
698002,37
698002,38
698002,39
698002,40
698002,41
698002,42
698002,43
698201,4
698201,20
698201,35
698201,36
698201,37
698201,38
698201,55
698201,56
698201,60
698201,61
698201,72
698201,73
698400,10
698400,17
698400,18
698400,62
698400,63
698599,7
698599,8
698599,35
698599,36
698599,47
698599,48
698798,1
698798,7
698798,65
698997,11
698997,27
698997,28
698997,29
698997,30
698997,31
698997,32
698997,33
698997,34
698997,39
698997,40
698997,41
698997,42
698997,67
698997,73
698997,74
698997,114
699196,18
699196,19
699196,29
699196,30
699196,69
699196,70
699395,14
699395,15
699594,9
699793,23
699793,24
699793,26
699793,27
699793,40
699793,41
699793,51
699992,25
699992,28
699992,29
699992,30
699992,31
699992,32
699992,33
699992,34
699992,35
699992,36
699992,38
699992,39
699992,40
699992,41
699992,42
699992,43
699992,44
699992,45
699992,48
699992,49
699992,63
699992,64
699992,65
699992,66
699992,93
700191,10
700191,11
700191,28
700191,33
700191,34
700191,37
700191,38
700191,39
700191,40
700191,41
700191,42
700191,43
700191,59
700191,95
700390,14
700390,29
700390,30
700390,40
700390,41
700390,42
700390,43
700390,61
700390,65
700390,66
700390,71
700390,74
700390,81
700589,1
700589,30
700589,36
700589,37
700589,60
700589,73
700788,4
700788,5
700788,6
700788,7
700788,22
700788,53
700788,55
700788,56
700788,60
700788,61
700788,71
700788,72
700788,73
700987,17
700987,18
700987,59
700987,60
700987,62
700987,63
700987,64
700987,74
700987,75
700987,92
701186,7
701186,8
701186,36
701186,37
701186,47
701186,48
701186,65
701186,66
701186,68
701186,71
701186,72
701186,115
701186,116
701385,34
701385,35
701385,36
701385,43
701385,44
701385,89
701385,90
701385,106
701385,107
701584,3
701584,4
701584,8
701584,9
701584,10
701584,11
701584,12
701584,15
701584,28
701584,29
701584,34
701584,35
701584,36
701584,37
701584,56
701584,57
701584,68
701584,73
701584,74
701584,125
701783,18
701783,19
701783,30
701783,38
701783,39
701783,40
701783,69
701783,70
701982,8
701982,9
701982,14
701982,15
702380,2
702380,5
702380,14
702380,24
702380,41
702380,43
702380,44
702579,12
702579,13
702579,25
702579,37
702579,48
702579,49
702579,65
702579,66
702579,111
702778,10
702778,11
702778,18
702778,19
702778,48
702977,29
702977,30
702977,40
702977,41
702977,56
702977,57
703176,6
703176,11
703176,27
703176,28
703176,29
703176,30
703176,31
703176,32
703176,33
703176,34
703176,36
703176,37
703176,53
703375,4
703375,5
703375,21
703375,22
703375,24
703375,25
703375,31
703375,32
703375,33
703375,34
703375,35
703375,36
703375,37
703375,38
703375,40
703375,41
703375,44
703375,55
703375,56
703375,61
703375,62
703375,67
703375,72
703375,73
703375,106
703375,107
703375,118
703574,12
703574,17
703574,18
703574,28
703574,29
703574,30
703574,31
703574,32
703574,33
703574,37
703574,63
703773,7
703773,8
703773,35
703773,36
703773,37
703773,38
703773,41
703773,43
703773,44
703773,45
703773,46
703773,47
703773,48
703773,53
703773,54
703773,81
703773,82
703972,66
703972,70
703972,106
703972,118
704171,11
704171,12
704171,17
704171,18
704171,28
704171,29
704171,34
704171,35
704171,39
704171,57
704171,59
704171,74
704171,108
704370,18
704370,19
704370,27
704370,28
704370,29
704370,30
704370,31
704370,32
704370,33
704370,34
704370,35
704370,40
704370,41
704370,42
704370,43
704370,44
704370,70
704370,88
704370,89
704569,11
704569,14
704569,15
704569,49
704569,80
704569,88
704569,89
704569,100
704569,101
704768,24
704768,25
704768,32
704768,33
704768,35
704768,36
704768,37
704768,38
704768,39
704768,41
704768,42
704967,11
704967,24
704967,25
704967,35
704967,41
704967,42
704967,67
704967,98
705166,12
705166,25
705166,27
705166,31
705166,32
705166,33
705166,34
705166,35
705166,36
705166,37
705166,38
705166,39
705166,40
705166,41
705166,42
705166,48
705166,49
705166,56
705166,65
705166,66
705166,95
705166,105
705365,10
705365,11
705365,33
705365,34
705365,35
705365,36
705365,37
705365,38
705365,39
705365,40
705365,41
705365,42
705564,12
705564,29
705564,30
705564,32
705564,33
705564,40
705564,41
705564,62
705564,63
705564,64
705564,67
705564,68
705564,74
705564,75
705763,3
705763,36
705763,37
705763,60
705763,66
705763,67
705763,68
705763,99
705962,4
705962,5
705962,22
705962,55
705962,56
705962,61
705962,62
705962,68
705962,70
705962,72
705962,73
705962,81
706161,1
706161,8
706161,9
706161,10
706161,11
706161,12
706161,17
706161,18
706161,63
706161,64
706360,8
706360,9
706360,36
706360,37
706360,47
706360,48
706758,7
706758,11
706758,12
706758,17
706758,28
706758,29
706758,31
706758,32
706758,33
706758,34
706758,35
706758,36
706758,37
706758,38
706758,39
706758,40
706758,41
706758,42
706758,43
706758,44
706758,45
706758,63
706758,74
706758,75
706758,91
706758,92
706957,3
706957,10
706957,19
706957,20
706957,21
706957,22
706957,27
706957,28
706957,29
706957,30
706957,31
706957,33
706957,34
706957,35
706957,36
706957,39
706957,40
706957,41
706957,42
706957,43
706957,70
706957,71
707156,13
707156,15
707156,16
707156,25
707156,26
707156,27
707156,28
707156,30
707156,31
707156,32
707156,33
707156,34
707156,35
707156,36
707156,37
707156,38
707156,39
707156,40
707156,41
707156,42
707156,43
707156,44
707156,47
707156,54
707156,55
707355,14
707355,15
707355,19
707355,20
707355,21
707355,38
707355,39
707355,40
707355,41
707355,42
707355,43
707355,44
707355,45
707355,64
707355,65
707554,21
707554,22
707554,24
707554,25
707554,41
707554,42
707554,98
707554,99
707554,109
707554,110
707753,9
707753,10
707753,11
707753,12
707753,13
707753,15
707753,16
707753,31
707753,32
707753,33
707753,34
707753,35
707753,48
707753,49
707753,65
707753,66
707952,10
707952,11
707952,13
707952,14
707952,15
707952,18
708151,11
708151,29
708151,30
708151,41
708350,26
708350,27
708350,28
708350,37
708350,38
708350,106
708549,4
708549,5
708549,12
708549,14
708549,15
708549,22
708549,55
708549,56
708549,58
708549,61
708549,62
708549,68
708549,73
708748,2
708748,17
708748,18
708748,36
708748,37
708748,38
708748,63
708748,64
708748,114
708947,8
708947,9
708947,15
708947,36
708947,37
708947,48
709146,23
709345,11
709345,12
709345,15
709345,16
709345,28
709345,29
709345,34
709345,35
709345,74
709345,75
709345,77
709345,78
709544,19
709544,20
709544,30
709544,31
709544,37
709544,57
709544,70
709544,71
709743,15
709743,60
709942,9
709942,13
709942,14
709942,15
710141,6
710141,24
710141,25
710141,28
710141,29
710141,30
710141,31
710141,32
710141,33
710141,34
710141,35
710141,36
710141,37
710141,38
710141,39
710141,40
710141,41
710141,42
710141,43
710141,44
710141,45
710141,64
710141,65
710141,70
710141,98
710141,99
710340,1
710340,15
710340,16
710340,33
710340,34
710340,35
710340,36
710340,37
710340,49
710340,50
710340,57
710340,58
710340,64
710340,65
710340,66
710340,67
710340,80
710340,117
710539,28
710539,29
710539,30
710539,31
710539,72
710539,73
710738,16
710738,25
710738,29
710738,30
710738,32
710738,33
710738,34
710738,35
710738,36
710738,37
710738,38
710738,39
710738,40
710738,41
710738,42
710937,19
710937,37
710937,38
710937,42
710937,80
711136,4
711136,5
711136,13
711136,15
711136,26
711136,56
711136,57
711136,61
711136,62
711136,68
711136,73
711335,16
711335,18
711335,19
711335,39
711335,40
711335,41
711335,63
711335,64
711534,8
711534,9
711534,36
711534,37
711733,67
711733,119
711932,12
711932,29
711932,30
711932,34
711932,35
711932,74
711932,75
711932,120
711932,121
712131,19
712131,20
712131,30
712131,31
712131,32
712131,70
712131,71
712330,15
712330,31
712330,38
712330,39
712330,40
712330,41
712330,53
712529,35
712529,125
712728,11
712728,24
712728,25
712728,27
712728,28
712728,31
712728,41
712728,42
712927,14
712927,28
712927,29
712927,30
712927,31
712927,32
712927,33
712927,34
712927,35
712927,37
712927,38
712927,39
712927,40
712927,49
712927,50
712927,66
712927,67
713126,9
713126,11
713126,12
713126,42
713325,30
713325,31
713325,41
713325,42
713524,4
713524,15
713524,20
713524,28
713524,29
713524,30
713524,31
713524,32
713524,37
713524,38
713524,39
713524,40
713524,82
713723,5
713723,6
713723,7
713723,8
713723,22
713723,23
713723,40
713723,56
713723,62
713723,73
713723,74
713922,3
713922,18
713922,19
713922,63
713922,64
713922,79
713922,103
714121,8
714121,9
714121,10
714121,16
714121,33
714121,35
714121,36
714121,37
714121,38
714121,39
714121,40
714121,41
714121,48
714121,71
714121,72
714320,25
714320,36
714320,37
714320,38
714320,39
714320,40
714320,41
714320,42
714320,43
714320,61
714320,62
714519,12
714519,29
714519,30
714519,35
714519,39
714519,40
714519,41
714519,43
714519,74
714519,75
714718,5
714718,19
714718,20
714718,31
714718,70
714718,71
714917,7
714917,12
714917,13
715315,25
715315,31
715315,42
715315,44
715315,45
715514,11
715514,12
715514,13
715514,49
715514,50
715514,56
715514,66
715514,67
715514,83
715514,90
715713,11
715713,12
715713,33
715912,20
715912,30
715912,31
715912,41
715912,42
716111,29
716111,31
716111,37
716111,38
716310,5
716310,6
716310,8
716310,9
716310,10
716310,12
716310,13
716310,22
716310,23
716310,25
716310,26
716310,32
716310,36
716310,37
716310,38
716310,40
716310,41
716310,42
716310,43
716310,44
716310,56
716310,57
716310,62
716310,63
716310,68
716310,73
716310,74
716509,18
716509,19
716509,32
716509,33
716509,37
716509,64
716708,8
716708,9
716708,37
716708,38
716708,48
716907,9
717106,12
717106,13
717106,29
717106,30
717106,33
717106,34
717106,35
717106,36
717106,37
717106,38
717106,42
717106,45
717106,74
717106,75
717305,19
717305,20
717305,27
717305,28
717305,29
717305,30
717305,31
717305,32
717305,33
717305,34
717305,35
717305,38
717305,39
717305,40
717305,41
717305,46
717305,71
717305,88
717504,15
717504,29
717504,32
717504,34
717504,35
717504,36
717504,37
717504,38
717504,39
717504,40
717504,41
717504,42
717504,43
717504,44
717504,45
717504,55
717504,101
717703,13
717703,24
717703,27
717703,28
717703,31
717703,32
717703,33
717703,36
717703,37
717703,38
717703,39
717703,40
717703,42
717703,103
717902,25
717902,26
717902,28
717902,29
717902,30
717902,31
717902,34
717902,35
717902,38
717902,39
717902,40
717902,41
717902,42
717902,43
718101,5
718101,15
718101,24
718101,36
718101,37
718101,38
718101,39
718101,41
718101,42
718101,46
718101,47
718101,49
718101,50
718101,56
718101,66
718101,67
718300,5
718300,6
718300,11
718300,12
718300,27
718300,33
718300,34
718300,35
718300,36
718300,37
718300,39
718300,43
718300,44
718300,45
718300,109
718499,3
718499,15
718499,16
718499,30
718499,31
718499,33
718499,34
718499,41
718499,42
718698,37
718698,38
718698,83
718698,84
718897,5
718897,6
718897,22
718897,23
718897,56
718897,57
718897,62
718897,63
718897,73
718897,74
719096,18
719096,19
719096,53
719096,64
719096,65
719295,9
719295,10
719295,36
719295,37
719295,38
719295,48
719295,54
719494,44
719494,45
719494,79
719693,8
719693,10
719693,11
719693,12
719693,13
719693,29
719693,30
719693,35
719693,36
719693,75
719693,76
719892,20
719892,21
719892,22
719892,23
719892,31
719892,32
719892,71
719892,89
720290,2
720489,6
720489,7
720489,22
720489,25
720489,26
720489,31
720489,42
720489,43
720489,74
720489,75
720688,13
720688,14
720688,15
720688,16
720688,19
720688,49
720688,50
720688,56
720688,66
720688,67
720688,76
720887,11
720887,12
720887,15
720887,24
720887,25
720887,30
720887,31
720887,32
720887,33
720887,36
720887,37
720887,38
720887,39
720887,40
721086,28
721086,29
721086,30
721086,31
721086,42
721285,2
721285,11
721285,34
721285,35
721285,36
721285,37
721285,38
721285,39
721285,40
721285,41
721285,42
721285,63
721285,68
721484,5
721484,6
721484,22
721484,23
721484,42
721484,43
721484,44
721484,51
721484,52
721484,56
721484,57
721484,62
721484,63
721484,65
721484,68
721484,69
721484,74
721484,102
721484,103
721484,108
721484,109
721683,14
721683,18
721683,19
721683,64
721683,65
721882,9
721882,10
721882,23
721882,33
721882,34
721882,35
721882,36
721882,37
721882,38
721882,40
721882,41
721882,42
721882,49
721882,54
721882,70
722081,27
722081,102
722280,12
722280,13
722280,19
722280,27
722280,28
722280,29
722280,30
722280,31
722280,32
722280,33
722280,34
722280,35
722280,36
722280,37
722280,38
722280,39
722280,40
722280,43
722280,75
722280,76
722280,78
722280,79
722479,10
722479,20
722479,21
722479,28
722479,29
722479,30
722479,31
722479,32
722479,33
722479,34
722479,35
722479,36
722479,39
722479,45
722479,46
722479,47
722479,71
722678,15
722678,32
722678,41
722678,42
722678,43
722678,46
722678,47
722877,27
722877,28
722877,31
722877,32
722877,33
722877,34
722877,37
722877,38
722877,39
722877,43
722877,44
722877,45
723076,25
723076,26
723076,28
723076,29
723076,30
723076,31
723076,32
723076,33
723076,34
723076,36
723076,39
723076,40
723076,41
723076,42
723076,43
723076,44
723076,45
723076,46
723076,47
723076,67
723076,71
723275,29
723275,30
723275,31
723275,32
723275,33
723275,34
723275,36
723275,37
723275,46
723275,47
723275,50
723275,51
723275,56
723275,58
723275,59
723275,67
723275,68
723474,12
723474,27
723474,28
723474,31
723474,32
723474,33
723474,36
723474,37
723474,38
723474,39
723474,40
723474,41
723474,42
723474,43
723474,44
723474,45
723673,1
723673,10
723673,11
723673,12
723673,30
723673,31
723673,40
723673,41
723673,42
723673,43
723673,110
723673,111
723872,25
723872,34
723872,35
723872,36
723872,38
723872,39
723872,40
723872,46
723872,47
723872,84
724071,5
724071,6
724071,15
724071,23
724071,31
724071,32
724071,33
724071,37
724071,39
724071,42
724071,43
724071,44
724071,47
724071,57
724071,58
724071,62
724071,63
724071,68
724071,69
724071,74
724270,14
724270,19
724270,24
724270,25
724270,29
724270,32
724270,38
724270,40
724270,42
724270,43
724270,44
724270,45
724270,46
724270,64
724270,65
724469,9
724469,10
724469,34
724469,35
724469,36
724469,37
724469,38
724469,39
724469,40
724469,41
724469,42
724469,45
724469,46
724469,47
724469,50
724668,13
724668,30
724668,31
724668,32
724668,33
724668,35
724668,36
724668,37
724668,38
724668,41
724668,42
724668,43
724668,44
724668,47
724668,90
724668,91
724668,103
724867,13
724867,18
724867,19
724867,30
724867,31
724867,32
724867,33
724867,34
724867,35
724867,36
724867,37
724867,38
724867,39
724867,40
724867,43
724867,75
724867,76
725066,5
725066,8
725066,20
725066,21
725066,29
725066,30
725066,31
725066,32
725066,34
725066,35
725066,36
725066,39
725066,40
725066,41
725066,42
725066,43
725066,44
725066,71
725265,2
725265,29
725265,30
725265,31
725265,32
725265,35
725265,36
725265,37
725265,40
725265,41
725265,42
725265,47
725464,11
725464,24
725464,31
725464,32
725464,33
725464,34
725464,35
725464,37
725464,38
725464,39
725464,40
725464,43
725464,44
725464,48
725464,49
725464,103
725464,104
725663,25
725663,26
725663,27
725663,28
725663,29
725663,30
725663,31
725663,32
725663,33
725663,34
725663,35
725663,36
725663,39
725663,42
725663,43
725663,99
725862,1
725862,24
725862,25
725862,26
725862,29
725862,30
725862,31
725862,32
725862,34
725862,35
725862,36
725862,37
725862,41
725862,42
725862,47
725862,48
725862,50
725862,51
725862,56
725862,67
725862,68
726061,6
726061,11
726061,12
726061,13
726061,28
726061,31
726061,32
726061,36
726061,41
726061,66
726061,87
726260,24
726260,27
726260,29
726260,30
726260,31
726260,32
726260,33
726260,34
726260,35
726260,36
726260,37
726260,38
726260,39
726260,40
726260,41
726260,42
726260,43
726260,44
726260,45
726260,81
726459,31
726459,34
726459,35
726459,36
726459,38
726459,39
726459,40
726459,41
726459,42
726459,43
726459,84
726459,96
726658,6
726658,7
726658,8
726658,9
726658,23
726658,24
726658,27
726658,30
726658,33
726658,34
726658,35
726658,37
726658,38
726658,39
726658,42
726658,43
726658,44
726658,54
726658,55
726658,57
726658,58
726658,59
726658,63
726658,65
726658,66
726658,67
726658,68
726658,69
726658,74
726857,14
726857,19
726857,25
726857,32
726857,33
726857,34
726857,35
726857,38
726857,39
726857,40
726857,41
726857,42
726857,43
726857,44
726857,45
726857,46
726857,64
726857,65
727056,9
727056,10
727056,30
727056,31
727056,34
727056,35
727056,36
727056,37
727056,38
727056,39
727056,40
727056,41
727056,42
727056,45
727056,46
727056,49
727255,19
727255,27
727255,30
727255,31
727255,32
727255,33
727255,34
727255,35
727255,36
727255,37
727255,38
727255,41
727255,42
727255,43
727255,44
727255,45
727255,46
727255,47
727255,48
727255,85
727255,91
727454,9
727454,13
727454,19
727454,30
727454,31
727454,32
727454,33
727454,34
727454,35
727454,36
727454,38
727454,39
727454,42
727454,43
727454,44
727454,45
727454,46
727454,75
727454,76
727653,20
727653,21
727653,24
727653,29
727653,30
727653,31
727653,32
727653,33
727653,34
727653,35
727653,39
727653,40
727653,41
727653,42
727653,43
727653,44
727653,45
727653,46
727653,71
727852,30
727852,31
727852,32
727852,34
727852,35
727852,38
727852,42
727852,43
727852,44
727852,45
727852,47
728051,31
728051,32
728051,33
728051,34
728051,35
728051,37
728051,38
728051,39
728051,40
728051,42
728051,43
728051,44
728051,45
728051,46
728051,57
728051,103
728051,109
728250,25
728250,26
728250,28
728250,29
728250,31
728250,32
728250,33
728250,34
728250,35
728250,36
728250,38
728250,39
728250,40
728250,41
728250,42
728250,43
728250,44
728250,45
728250,71
728250,72
728250,99
728449,5
728449,16
728449,17
728449,29
728449,30
728449,31
728449,32
728449,33
728449,34
728449,36
728449,37
728449,38
728449,41
728449,42
728449,43
728449,50
728449,51
728449,56
728449,57
728449,67
728449,68
728648,6
728648,7
728648,12
728648,13
728648,28
728648,29
728648,30
728648,32
728648,33
728648,34
728648,35
728648,36
728648,37
728648,38
728648,40
728648,41
728648,87
728847,27
728847,28
728847,29
728847,30
728847,31
728847,32
728847,33
728847,34
728847,35
728847,36
728847,37
728847,38
728847,39
728847,40
728847,41
728847,42
728847,43
728847,44
728847,45
728847,46
728847,47
728847,111
729046,34
729046,35
729046,36
729046,37
729046,38
729046,39
729046,40
729046,41
729046,42
729046,43
729046,44
729046,47
729046,48
729245,6
729245,7
729245,23
729245,24
729245,26
729245,27
729245,36
729245,37
729245,38
729245,39
729245,42
729245,43
729245,44
729245,57
729245,58
729245,63
729245,64
729245,68
729245,69
729245,74
729444,14
729444,19
729444,25
729444,26
729444,27
729444,28
729444,29
729444,65
729643,2
729643,8
729643,9
729643,10
729643,14
729643,34
729643,38
729643,39
729842,2
729842,3
729842,27
729842,31
729842,32
729842,33
729842,34
729842,35
729842,36
729842,37
729842,38
729842,39
729842,42
729842,92
730041,13
730041,19
730041,20
730041,28
730041,30
730041,31
730041,34
730041,36
730041,37
730041,43
730041,46
730041,75
730041,76
730240,20
730240,21
730240,28
730240,29
730240,30
730240,31
730240,32
730240,33
730240,39
730240,41
730240,42
730240,43
730240,44
730240,45
730240,46
730240,47
730240,48
730439,27
730439,29
730439,30
730439,32
730439,37
730439,38
730439,39
730439,41
730439,42
730439,43
730439,44
730439,63
730638,27
730638,28
730638,29
730638,32
730638,33
730638,34
730638,37
730638,43
730638,44
730638,45
730638,46
730837,24
730837,25
730837,26
730837,27
730837,28
730837,29
730837,30
730837,31
730837,32
730837,43
730837,44
730837,66
730837,71
730837,72
731036,16
731036,17
731036,18
731036,33
731036,34
731036,35
731036,36
731036,37
731036,38
731036,42
731036,50
731036,51
731036,56
731036,57
731036,67
731036,68
731235,6
731235,7
731235,12
731235,13
731235,27
731235,31
731235,32
731235,33
731235,34
731235,35
731235,36
731235,37
731235,38
731235,39
731235,40
731235,41
731235,42
731235,43
731235,44
731235,45
731235,69
731235,70
731235,87
731434,27
731434,28
731434,29
731434,30
731434,31
731434,32
731434,33
731434,34
731434,35
731434,36
731434,37
731434,39
731434,40
731434,41
731434,42
731434,43
731434,44
731434,45
731434,46
731434,47
731434,61
731434,62
731434,111
731434,112
731633,29
731633,30
731633,31
731633,32
731633,35
731633,36
731633,37
731633,38
731633,39
731633,40
731633,41
731633,42
731633,43
731633,70
731633,71
731633,84
731633,85
731832,6
731832,7
731832,23
731832,24
731832,33
731832,34
731832,36
731832,37
731832,38
731832,39
731832,42
731832,57
731832,58
731832,63
731832,64
731832,69
731832,70
731832,74
732031,11
732031,13
732031,14
732031,16
732031,19
732031,26
732031,27
732031,28
732031,29
732031,30
732031,32
732031,33
732031,34
732031,35
732031,39
732031,40
732031,41
732031,65
732031,66
732230,3
732230,10
732230,11
732230,30
732230,31
732230,34
732230,35
732230,36
732230,37
732230,38
732230,39
732230,40
732230,41
732230,42
732230,43
732230,46
732230,47
732429,27
732429,30
732429,32
732429,33
732429,34
732429,36
732429,37
732429,38
732429,39
732429,42
732429,43
732429,44
732429,47
732628,13
732628,19
732628,20
732628,30
732628,31
732628,32
732628,33
732628,34
732628,35
732628,36
732628,37
732628,38
732628,39
732628,40
732628,41
732628,44
732628,45
732628,46
732628,76
732628,77
732827,14
732827,21
732827,22
732827,23
732827,24
732827,28
732827,29
732827,30
732827,31
732827,32
732827,33
732827,34
732827,35
732827,36
732827,37
732827,38
732827,39
732827,41
732827,45
732827,46
733026,8
733026,9
733026,10
733026,27
733026,30
733026,31
733026,32
733026,33
733026,35
733026,36
733026,37
733026,38
733026,39
733026,41
733026,42
733026,43
733026,44
733225,28
733225,29
733225,32
733225,34
733225,35
733225,43
733225,44
733225,45
733225,46
733225,80
733225,109
733424,26
733424,27
733424,28
733424,29
733424,30
733424,31
733424,32
733424,39
733424,40
733424,42
733424,43
733424,44
733424,45
733424,46
733424,47
733424,71
733424,72
733424,80
733424,81
733623,16
733623,27
733623,30
733623,31
733623,32
733623,33
733623,34
733623,37
733623,38
733623,41
733623,42
733623,43
733623,44
733623,50
733623,51
733623,56
733623,57
733623,67
733623,68
733822,11
733822,12
733822,13
733822,27
733822,28
733822,29
733822,30
733822,31
733822,32
733822,33
733822,34
733822,35
733822,37
733822,38
733822,39
733822,41
733822,42
733822,110
734021,4
734021,27
734021,31
734021,32
734021,33
734021,35
734021,36
734021,37
734021,40
734021,43
734220,29
734220,30
734220,31
734220,32
734220,38
734220,39
734220,40
734220,41
734220,42
734220,45
734220,46
734220,47
734419,6
734419,7
734419,23
734419,24
734419,27
734419,28
734419,32
734419,33
734419,34
734419,35
734419,37
734419,38
734419,39
734419,42
734419,43
734419,44
734419,45
734419,57
734419,58
734419,63
734419,64
734419,69
734419,70
734618,14
734618,15
734618,16
734618,19
734618,26
734618,34
734618,35
734618,38
734618,39
734618,40
734618,41
734618,42
734618,43
734618,44
734618,45
734618,46
734618,58
734618,65
734618,66
734817,1
734817,10
734817,11
734817,34
734817,35
734817,36
734817,38
734817,39
734817,40
734817,41
734817,42
734817,43
734817,46
734817,47
735016,34
735016,35
735016,36
735016,37
735016,38
735016,39
735016,43
735016,45
735016,79
735016,80
735016,103
735016,120
735215,13
735215,19
735215,20
735215,30
735215,31
735215,32
735215,33
735215,34
735215,35
735215,36
735215,37
735215,39
735215,40
735215,46
735215,76
735215,77
735215,79
735215,93
735215,94
735414,21
735414,22
735414,28
735414,29
735414,30
735414,31
735414,32
735414,33
735414,34
735414,36
735414,37
735414,40
735414,43
735414,47
735613,3
735613,27
735613,28
735613,29
735613,30
735613,31
735613,32
735613,33
735613,34
735613,36
735613,37
735613,39
735613,42
735613,43
735613,44
735812,28
735812,29
735812,32
735812,33
735812,34
735812,37
735812,38
736011,2
736011,11
736011,26
736011,27
736011,28
736011,30
736011,31
736011,32
736011,33
736011,34
736011,35
736011,36
736011,39
736011,40
736011,41
736011,42
736011,43
736011,44
736210,2
736210,27
736210,30
736210,31
736210,32
736210,33
736210,34
736210,35
736210,36
736210,37
736210,41
736210,42
736210,43
736210,44
736210,47
736210,51
736210,52
736210,56
736210,57
736210,59
736210,60
736210,68
736210,69
736409,13
736409,34
736409,44
736409,45
736608,1
736608,4
736608,28
736608,29
736608,31
736608,32
736608,36
736608,37
736608,38
736608,39
736608,40
736608,41
736608,42
736608,43
736608,44
736608,45
736608,46
736608,47
736608,111
736608,112
736807,29
736807,32
736807,33
736807,39
736807,40
736807,44
736807,46
736807,47
737006,6
737006,7
737006,24
737006,31
737006,32
737006,33
737006,34
737006,37
737006,38
737006,39
737006,40
737006,43
737006,44
737006,45
737006,58
737006,63
737006,64
737006,67
737006,69
737006,70
737205,14
737205,15
737205,26
737205,28
737205,30
737205,33
737205,34
737205,35
737205,36
737205,41
737205,42
737205,43
737205,45
737205,46
737205,65
737205,66
737404,10
737404,11
737404,14
737404,31
737404,32
737404,35
737404,38
737404,39
737404,42
737404,43
737404,46
737603,27
737603,28
737603,32
737603,33
737603,34
737603,35
737603,36
737603,37
737603,38
737603,39
737603,42
737603,43
737603,44
737603,45
737603,109
737802,19
737802,20
737802,28
737802,29
737802,30
737802,31
737802,32
737802,34
737802,35
737802,36
737802,37
737802,46
737802,76
737802,77
737802,97
738001,21
738001,22
738001,29
738001,30
738001,31
738001,32
738001,33
738001,34
738001,35
738001,36
738001,37
738001,40
738001,42
738001,43
738001,90
738200,30
738200,31
738200,32
738200,33
738200,36
738200,37
738200,38
738200,39
738200,40
738200,42
738200,43
738200,44
738200,45
738399,27
738399,29
738399,32
738399,33
738399,34
738399,35
738399,37
738399,38
738399,39
738399,40
738399,41
738399,44
738399,45
738399,46
738598,26
738598,27
738598,29
738598,30
738598,32
738598,33
738598,34
738598,35
738598,36
738598,37
738598,40
738598,41
738598,42
738598,43
738598,44
738797,13
738797,27
738797,30
738797,31
738797,32
738797,33
738797,36
738797,37
738797,38
738797,41
738797,43
738797,44
738797,47
738797,51
738797,52
738797,56
738797,57
738797,68
738797,69
738996,13
738996,14
738996,28
738996,29
738996,32
738996,33
738996,35
738996,37
738996,40
738996,41
738996,43
738996,44
739195,4
739195,32
739195,34
739195,35
739195,37
739195,39
739195,40
739195,41
739195,42
739195,43
739195,44
739195,46
739195,111
739195,112
739394,30
739394,31
739394,32
739394,33
739394,34
739394,35
739394,36
739394,37
739394,39
739394,40
739394,41
739394,42
739394,97
739593,7
739593,8
739593,9
739593,10
739593,14
739593,15
739593,16
739593,24
739593,25
739593,27
739593,32
739593,33
739593,37
739593,38
739593,39
739593,43
739593,44
739593,45
739593,58
739593,64
739593,69
739593,70
739593,103
739593,104
739792,12
739792,13
739792,14
739792,15
739792,25
739792,26
739792,33
739792,34
739792,35
739792,36
739792,40
739792,41
739792,42
739792,65
739792,66
739991,8
739991,10
739991,11
739991,30
739991,32
739991,35
739991,36
739991,37
739991,38
739991,39
739991,40
739991,41
739991,42
739991,43
739991,46
740190,27
740190,31
740190,32
740190,33
740190,34
740190,35
740190,44
740190,103
740389,19
740389,20
740389,27
740389,31
740389,32
740389,34
740389,35
740389,36
740389,37
740389,38
740389,39
740389,40
740389,44
740389,63
740389,76
740389,77
740389,94
740588,21
740588,22
740588,29
740588,30
740588,31
740588,32
740588,33
740588,35
740588,36
740588,37
740588,41
740588,42
740588,43
740588,101
740588,102
740787,0
740787,1
740787,28
740787,29
740787,31
740787,32
740787,33
740787,34
740787,36
740787,39
740787,40
740787,42
740787,43
740787,45
740986,27
740986,28
740986,29
740986,32
740986,33
740986,34
740986,35
740986,37
740986,38
740986,39
740986,40
740986,41
740986,44
740986,45
740986,46
741185,26
741185,27
741185,28
741185,29
741185,30
741185,31
741185,32
741185,33
741185,34
741185,35
741185,36
741185,37
741185,40
741185,41
741185,42
741185,43
741185,44
741185,46
741384,30
741384,31
741384,32
741384,33
741384,36
741384,37
741384,38
741384,39
741384,42
741384,43
741384,44
741384,47
741384,51
741384,52
741384,57
741384,58
741384,68
741384,69
741583,1
741583,12
741583,13
741583,14
741583,27
741583,28
741583,29
741583,32
741583,33
741583,34
741583,35
741583,38
741583,39
741583,40
741583,42
741583,43
741583,44
741583,45
741583,46
741583,110
741782,4
741782,28
741782,29
741782,30
741782,31
741782,32
741782,33
741782,34
741782,35
741782,36
741782,37
741782,38
741782,39
741782,40
741782,41
741782,42
741782,43
741782,44
741782,47
741981,14
741981,15
741981,25
741981,30
741981,32
741981,33
741981,35
741981,36
741981,37
741981,38
741981,39
741981,40
741981,41
741981,42
741981,43
741981,44
741981,86
742180,7
742180,8
742180,9
742180,24
742180,25
742180,27
742180,28
742180,29
742180,32
742180,33
742180,34
742180,37
742180,38
742180,39
742180,40
742180,43
742180,44
742180,45
742180,46
742180,58
742180,64
742180,65
742180,69
742180,70
742379,14
742379,15
742379,25
742379,26
742379,27
742379,28
742379,33
742379,34
742379,35
742379,36
742379,39
742379,40
742379,41
742379,42
742379,66
742578,10
742578,11
742578,30
742578,31
742578,32
742578,38
742578,39
742578,40
742578,41
742578,42
742578,50
742578,51
742578,96
742777,32
742777,33
742777,34
742777,36
742777,37
742777,38
742777,43
742777,44
742777,45
742777,77
742976,10
742976,20
742976,21
742976,29
742976,30
742976,31
742976,32
742976,33
742976,34
742976,36
742976,37
742976,38
742976,40
742976,53
742976,65
742976,66
742976,76
742976,77
743175,21
743175,22
743175,29
743175,30
743175,31
743175,32
743175,33
743175,34
743175,35
743175,36
743175,42
743175,43
743175,44
743175,45
743175,46
743175,91
743374,1
743374,3
743374,8
743374,28
743374,31
743374,32
743374,33
743374,34
743374,36
743374,37
743374,38
743374,39
743374,40
743374,41
743374,42
743374,43
743374,44
743374,45
743374,48
743573,10
743573,11
743573,28
743573,29
743573,30
743573,33
743573,34
743573,35
743573,36
743573,37
743573,38
743573,39
743573,40
743573,41
743772,17
743772,26
743772,27
743772,28
743772,30
743772,32
743772,33
743772,34
743772,35
743772,37
743772,40
743772,42
743772,43
743772,44
743772,45
743772,73
743971,16
743971,27
743971,30
743971,31
743971,32
743971,33
743971,35
743971,36
743971,37
743971,38
743971,39
743971,42
743971,43
743971,44
743971,51
743971,52
743971,57
743971,58
743971,68
743971,69
743971,115
744170,7
744170,13
744170,14
744170,60
744369,4
744369,11
744369,29
744369,30
744369,31
744369,32
744369,33
744369,34
744369,35
744369,36
744369,37
744369,38
744369,39
744369,40
744369,41
744369,42
744369,43
744369,44
744369,45
744369,46
744369,47
744369,49
744369,50
744369,54
744369,78
744369,113
744568,5
744568,27
744568,30
744568,31
744568,32
744568,33
744568,36
744568,37
744568,38
744568,39
744568,40
744568,41
744568,42
744568,43
744568,44
744568,85
744568,97
744767,7
744767,8
744767,24
744767,25
744767,27
744767,28
744767,29
744767,32
744767,37
744767,38
744767,39
744767,40
744767,43
744767,58
744767,64
744767,65
744767,70
744767,71
744966,15
744966,26
744966,27
744966,29
744966,30
744966,31
744966,34
744966,35
744966,39
744966,40
744966,41
744966,42
744966,45
744966,46
744966,66
744966,67
745165,11
745165,12
745165,15
745165,29
745165,30
745165,31
745165,32
745165,37
745165,38
745165,39
745165,40
745364,9
745364,27
745364,28
745364,31
745364,32
745364,33
745364,34
745364,37
745364,38
745364,39
745364,40
745364,43
745364,44
745364,45
745364,46
745364,92
745563,20
745563,21
745563,29
745563,30
745563,31
745563,32
745563,33
745563,34
745563,36
745563,37
745563,38
745563,39
745563,40
745563,41
745563,42
745563,47
745563,77
745563,78
745563,94
745563,95
745762,13
745762,14
745762,15
745762,22
745762,23
745762,24
745762,25
745762,31
745762,32
745762,33
745762,34
745762,35
745762,36
745762,37
745762,38
745762,41
745762,42
745762,43
745961,27
745961,28
745961,33
745961,34
745961,35
745961,36
745961,37
745961,38
745961,39
745961,41
745961,42
745961,43
745961,44
745961,60
745961,61
745961,62
746160,27
746160,28
746160,29
746160,33
746160,37
746160,38
746160,40
746160,41
746160,44
746160,45
746359,25
746359,27
746359,28
746359,29
746359,30
746359,31
746359,32
746359,33
746359,35
746359,36
746359,40
746359,41
746359,42
746359,43
746359,44
746359,45
746359,46
746359,72
746359,73
746558,11
746558,18
746558,31
746558,32
746558,33
746558,34
746558,35
746558,36
746558,38
746558,39
746558,42
746558,51
746558,52
746558,57
746558,58
746558,68
746558,69
746757,13
746757,14
746757,29
746757,35
746757,40
746757,41
746757,43
746757,60
746757,88
746757,91
746956,4
746956,5
746956,25
746956,28
746956,30
746956,31
746956,32
746956,33
746956,34
746956,35
746956,36
746956,37
746956,38
746956,39
746956,44
746956,112
746956,113
747155,10
747155,28
747155,29
747155,30
747155,31
747155,32
747155,33
747155,34
747155,35
747155,36
747155,37
747155,38
747155,40
747155,41
747155,42
747155,43
747155,44
747155,45
747155,62
747155,63
747155,86
747354,7
747354,8
747354,24
747354,25
747354,27
747354,28
747354,29
747354,31
747354,32
747354,38
747354,43
747354,58
747354,59
747354,64
747354,65
747354,70
747354,71
747354,79
747354,104
747354,110
747354,111
747553,15
747553,16
747553,26
747553,27
747553,30
747553,31
747553,32
747553,33
747553,34
747553,35
747553,36
747553,37
747553,39
747553,40
747553,41
747553,42
747553,45
747553,46
747553,47
747553,66
747553,67
747553,94
747553,95
747752,3
747752,11
747752,12
747752,30
747752,31
747752,32
747752,37
747752,38
747752,39
747752,40
747752,41
747752,42
747752,43
747752,44
747951,14
747951,28
747951,29
747951,37
747951,38
747951,40
747951,43
747951,44
747951,45
747951,46
747951,104
748150,20
748150,21
748150,28
748150,30
748150,31
748150,32
748150,33
748150,34
748150,35
748150,36
748150,37
748150,38
748150,40
748150,41
748150,42
748150,45
748150,77
748150,78
748150,106
748349,22
748349,23
748349,26
748349,30
748349,31
748349,32
748349,33
748349,34
748349,35
748349,36
748349,37
748349,38
748349,39
748349,41
748349,44
748349,45
748349,46
748548,9
748548,28
748548,31
748548,32
748548,33
748548,34
748548,37
748548,38
748548,39
748548,40
748548,41
748548,42
748548,43
748548,44
748548,79
748747,33
748747,34
748747,35
748747,36
748747,37
748747,38
748747,39
748747,40
748747,41
748946,27
748946,28
748946,29
748946,31
748946,32
748946,33
748946,34
748946,35
748946,36
748946,37
748946,41
748946,43
748946,44
748946,45
748946,46
748946,47
749145,18
749145,32
749145,33
749145,34
749145,36
749145,37
749145,38
749145,39
749145,42
749145,52
749145,53
749145,57
749145,58
749145,60
749145,61
749145,69
749145,70
749344,14
749344,15
749344,33
749344,34
749344,35
749344,36
749344,37
749344,38
749344,39
749344,40
749344,41
749344,56
749344,57
749344,60
749344,88
749543,4
749543,5
749543,8
749543,28
749543,29
749543,31
749543,32
749543,33
749543,34
749543,36
749543,38
749543,39
749543,40
749543,41
749543,43
749543,44
749543,45
749543,63
749543,64
749543,65
749543,112
749543,113
749742,1
749742,26
749742,27
749742,30
749742,33
749742,35
749742,36
749742,37
749742,38
749742,39
749742,40
749742,41
749742,42
749742,43
749742,44
749742,45
749742,46
749742,47
749742,79
749742,85
749742,86
749742,97
749742,98
749941,7
749941,8
749941,15
749941,16
749941,25
749941,28
749941,29
749941,30
749941,32
749941,33
749941,34
749941,35
749941,39
749941,40
749941,41
749941,42
749941,43
749941,44
749941,45
749941,46
749941,64
749941,65
749941,70
749941,71
750140,14
750140,15
750140,16
750140,26
750140,27
750140,29
750140,30
750140,31
750140,33
750140,34
750140,36
750140,37
750140,38
750140,42
750140,43
750140,46
750140,66
750140,67
750339,11
750339,12
750339,26
750339,27
750339,28
750339,29
750339,30
750339,31
750339,32
750339,33
750339,38
750339,39
750339,40
750339,43
750339,44
750339,47
750339,51
750538,32
750538,33
750538,34
750538,35
750538,36
750538,38
750538,40
750538,44
750538,45
750737,14
750737,16
750737,20
750737,21
750737,32
750737,33
750737,34
750737,35
750737,36
750737,37
750737,38
750737,39
750737,40
750737,42
750737,77
750737,78
750737,98
750936,22
750936,23
750936,26
750936,27
750936,31
750936,32
750936,33
750936,34
750936,36
750936,37
750936,38
750936,42
750936,43
750936,46
750936,63
750936,90
750936,111
750936,112
751135,8
751135,26
751135,28
751135,29
751135,30
751135,31
751135,33
751135,34
751135,37
751135,38
751135,39
751135,41
751135,42
751135,43
751135,44
751135,45
751334,35
751334,36
751334,37
751334,38
751334,39
751334,40
751334,42
751334,45
751533,27
751533,28
751533,29
751533,30
751533,31
751533,32
751533,33
751533,34
751533,35
751533,36
751533,37
751533,38
751533,42
751533,43
751533,44
751533,45
751732,2
751732,3
751732,6
751732,7
751732,28
751732,29
751732,30
751732,31
751732,32
751732,33
751732,37
751732,38
751732,39
751732,42
751732,43
751732,44
751732,52
751732,53
751732,57
751732,58
751732,69
751732,70
751931,14
751931,15
751931,16
751931,27
751931,28
751931,29
751931,30
751931,31
751931,32
751931,33
751931,34
751931,38
751931,41
751931,44
751931,60
752130,4
752130,5
752130,6
752130,33
752130,34
752130,35
752130,40
752130,41
752130,42
752130,43
752130,44
752130,45
752130,47
752130,51
752130,78
752130,79
752329,26
752329,27
752329,31
752329,36
752329,37
752329,40
752329,41
752329,86
752528,8
752528,9
752528,10
752528,11
752528,25
752528,26
752528,28
752528,29
752528,32
752528,35
752528,36
752528,37
752528,38
752528,39
752528,40
752528,41
752528,44
752528,65
752528,70
752528,71
752727,15
752727,16
752727,27
752727,33
752727,34
752727,35
752727,36
752727,42
752727,43
752727,66
752727,67
752727,80
752926,11
752926,12
752926,27
752926,30
752926,31
752926,32
752926,33
752926,36
752926,37
752926,38
752926,39
752926,40
752926,59
752926,60
752926,81
753125,26
753125,28
753125,29
753125,32
753125,33
753125,34
753125,38
753125,39
753125,40
753125,66
753125,104
753324,20
753324,21
753324,32
753324,33
753324,34
753324,35
753324,36
753324,37
753324,38
753324,41
753324,42
753324,62
753324,77
753324,78
753324,81
753523,22
753523,23
753523,25
753523,27
753523,31
753523,32
753523,33
753523,34
753523,35
753523,36
753523,37
753523,38
753523,41
753523,46
753523,63
753722,8
753722,11
753722,32
753722,33
753722,34
753722,35
753722,36
753722,37
753722,40
753722,42
753722,43
753722,44
753722,46
753921,15
753921,16
753921,17
753921,18
753921,19
753921,37
753921,38
753921,39
753921,40
753921,41
753921,42
753921,43
753921,44
753921,45
753921,46
753921,62
753921,63
753921,71
754120,9
754120,27
754120,28
754120,29
754120,30
754120,31
754120,32
754120,33
754120,34
754120,35
754120,37
754120,38
754120,41
754120,43
754120,45
754319,2
754319,16
754319,26
754319,31
754319,32
754319,33
754319,34
754319,37
754319,38
754319,39
754319,40
754319,52
754319,53
754319,58
754319,59
754319,69
754319,70
754518,0
754518,1
754518,8
754518,14
754518,15
754518,27
754518,30
754518,33
754518,34
754518,39
754518,40
754518,41
754518,44
754518,60
754518,88
754717,0
754717,4
754717,5
754717,29
754717,30
754717,31
754717,33
754717,34
754717,36
754717,37
754717,38
754717,39
754717,41
754717,44
754717,45
754717,57
754717,59
754916,33
754916,34
754916,35
754916,36
754916,37
754916,38
754916,39
754916,40
754916,41
754916,42
754916,65
754916,79
755115,8
755115,9
755115,14
755115,25
755115,26
755115,27
755115,28
755115,29
755115,33
755115,34
755115,35
755115,38
755115,39
755115,40
755115,41
755115,42
755115,45
755115,46
755115,65
755115,66
755115,70
755115,71
755115,78
755115,79
755314,15
755314,16
755314,27
755314,28
755314,29
755314,30
755314,31
755314,34
755314,35
755314,36
755314,37
755314,42
755314,47
755314,66
755314,67
755513,5
755513,6
755513,7
755513,11
755513,12
755513,25
755513,27
755513,28
755513,29
755513,30
755513,31
755513,32
755513,33
755513,35
755513,36
755513,39
755513,40
755513,43
755513,44
755513,45
755513,47
755513,51
755513,52
755513,58
755712,28
755712,29
755712,32
755712,33
755712,34
755712,35
755712,39
755712,40
755712,41
755712,44
755712,61
755712,62
755911,3
755911,12
755911,21
755911,22
755911,28
755911,29
755911,30
755911,31
755911,32
755911,33
755911,34
755911,35
755911,36
755911,37
755911,38
755911,39
755911,40
755911,41
755911,45
755911,77
755911,78
755911,95
756110,17
756110,22
756110,23
756110,30
756110,32
756110,33
756110,34
756110,35
756110,38
756110,39
756110,41
756110,42
756110,43
756110,44
756110,46
756110,55
756110,56
756110,63
756309,1
756309,2
756309,6
756309,8
756309,31
756309,32
756309,33
756309,34
756309,35
756309,37
756309,38
756309,39
756309,40
756309,43
756309,44
756508,5
756508,28
756508,31
756508,34
756508,35
756508,36
756508,37
756508,38
756508,39
756508,40
756508,41
756508,42
756508,62
756508,63
756508,64
756707,27
756707,28
756707,29
756707,30
756707,32
756707,33
756707,34
756707,36
756707,37
756707,38
756707,41
756707,42
756707,43
756707,44
756707,45
756707,59
756707,60
756707,67
756906,2
756906,5
756906,6
756906,32
756906,33
756906,34
756906,37
756906,38
756906,39
756906,40
756906,43
756906,44
756906,52
756906,53
756906,58
756906,59
756906,69
756906,70
756906,73
756906,74
757105,11
757105,12
757105,13
757105,14
757105,15
757105,27
757105,28
757105,29
757105,30
757105,33
757105,34
757105,35
757105,36
757105,39
757105,40
757105,42
757105,45
757105,59
757105,60
757105,61
757105,80
757304,0
757304,5
757304,29
757304,30
757304,31
757304,32
757304,33
757304,34
757304,36
757304,37
757304,41
757304,42
757304,43
757304,44
757304,45
757304,46
757304,47
757304,51
757304,74
757304,83
757304,114
757503,5
757503,25
757503,32
757503,37
757503,38
757503,39
757503,40
757503,41
757503,43
757503,44
757503,67
757503,86
757503,121
757702,8
757702,9
757702,12
757702,13
757702,25
757702,26
757702,27
757702,28
757702,29
757702,30
757702,31
757702,32
757702,33
757702,34
757702,35
757702,37
757702,38
757702,39
757702,40
757702,64
757702,65
757702,66
757702,71
757702,72
757702,76
757901,3
757901,15
757901,16
757901,27
757901,28
757901,30
757901,31
757901,32
757901,35
757901,36
757901,37
757901,40
757901,41
757901,42
757901,43
757901,67
757901,68
758100,12
758100,13
758100,28
758100,30
758100,31
758100,32
758100,33
758100,34
758100,35
758100,36
758100,37
758100,38
758100,39
758100,40
758100,42
758100,43
758100,44
758100,45
758100,60
758100,61
758100,65
758100,66
758100,67
758100,71
758100,95
758299,32
758299,33
758299,34
758299,35
758299,36
758299,38
758299,39
758299,40
758299,41
758299,44
758299,45
758299,46
758299,81
758299,110
758299,111
758498,21
758498,22
758498,29
758498,30
758498,31
758498,32
758498,33
758498,34
758498,35
758498,36
758498,37
758498,38
758498,39
758498,41
758498,42
758498,43
758498,46
758498,78
758498,79
758697,13
758697,15
758697,16
758697,23
758697,24
758697,25
758697,27
758697,30
758697,31
758697,32
758697,34
758697,35
758697,36
758697,37
758697,38
758697,39
758697,42
758697,43
758697,44
758697,46
758697,47
758697,63
758697,70
758697,71
758896,8
758896,21
758896,22
758896,25
758896,28
758896,29
758896,31
758896,32
758896,33
758896,34
758896,35
758896,36
758896,37
758896,38
758896,39
758896,40
758896,43
758896,45
759095,28
759095,29
759095,30
759095,31
759095,32
759095,33
759095,34
759095,35
759095,36
759095,37
759095,38
759095,39
759095,40
759095,42
759294,28
759294,29
759294,30
759294,31
759294,32
759294,33
759294,34
759294,35
759294,36
759294,41
759294,42
759294,43
759294,44
759294,45
759294,85
759294,86
759493,2
759493,33
759493,34
759493,37
759493,52
759493,53
759493,58
759493,59
759493,60
759493,69
759493,70
759692,14
759692,15
759692,28
759692,29
759692,30
759692,32
759692,33
759692,34
759692,35
759692,36
759692,40
759692,41
759692,42
759692,45
759692,46
759692,60
759692,61
759692,62
759692,63
759692,64
759891,5
759891,6
759891,29
759891,30
759891,31
759891,32
759891,33
759891,34
759891,35
759891,36
759891,37
759891,38
759891,41
759891,42
759891,43
759891,45
759891,58
760090,27
760090,28
760090,31
760090,32
760090,33
760090,34
760090,37
760090,38
760090,39
760090,40
760090,41
760090,42
760090,65
760090,66
760090,67
760090,86
760090,87
760289,8
760289,9
760289,25
760289,26
760289,28
760289,29
760289,33
760289,34
760289,35
760289,39
760289,40
760289,41
760289,44
760289,45
760289,65
760289,66
760289,71
760289,72
760488,16
760488,17
760488,27
760488,28
760488,30
760488,31
760488,32
760488,35
760488,36
760488,37
760488,46
760488,67
760488,68
760687,12
760687,13
760687,14
760687,15
760687,22
760687,27
760687,28
760687,31
760687,32
760687,34
760687,36
760687,37
760687,39
760687,40
760687,42
760687,43
760687,44
760687,45
760687,52
760886,2
760886,13
760886,17
760886,27
760886,28
760886,30
760886,44
760886,45
760886,46
761085,12
761085,21
761085,22
761085,31
761085,32
761085,33
761085,34
761085,36
761085,37
761085,38
761085,39
761085,40
761085,41
761085,42
761085,43
761085,75
761085,78
761085,79
761085,95
761085,96
761284,14
761284,15
761284,16
761284,23
761284,24
761284,27
761284,32
761284,33
761284,34
761284,35
761284,36
761284,37
761284,38
761284,46
761284,63
761483,8
761483,27
761483,28
761483,31
761483,32
761483,33
761483,34
761483,35
761483,38
761483,39
761483,40
761483,41
761483,47
761682,11
761682,12
761682,13
761682,14
761682,30
761682,31
761682,33
761682,34
761682,35
761682,36
761682,37
761682,38
761682,39
761682,40
761682,41
761682,42
761881,27
761881,28
761881,29
761881,30
761881,31
761881,32
761881,33
761881,34
761881,35
761881,36
761881,37
761881,39
761881,41
761881,42
761881,43
761881,44
761881,45
761881,74
762080,2
762080,29
762080,32
762080,33
762080,34
762080,35
762080,37
762080,38
762080,39
762080,44
762080,46
762080,53
762080,58
762080,59
762080,61
762080,62
762080,70
762080,71
762080,115
762080,116
762279,14
762279,15
762279,29
762279,30
762279,31
762279,32
762279,33
762279,34
762279,35
762279,36
762279,37
762279,39
762279,41
762279,42
762279,45
762279,46
762279,47
762279,60
762279,61
762478,5
762478,6
762478,27
762478,30
762478,31
762478,33
762478,34
762478,35
762478,37
762478,38
762478,41
762478,44
762478,45
762478,46
762478,113
762478,114
762677,14
762677,15
762677,28
762677,30
762677,31
762677,34
762677,35
762677,36
762677,37
762677,38
762677,39
762677,40
762677,41
762677,42
762677,43
762677,44
762677,46
762677,86
762677,87
762876,8
762876,9
762876,12
762876,14
762876,15
762876,26
762876,30
762876,31
762876,32
762876,33
762876,35
762876,36
762876,38
762876,39
762876,40
762876,41
762876,45
762876,46
762876,65
762876,66
762876,71
762876,72
763075,16
763075,17
763075,27
763075,28
763075,30
763075,31
763075,32
763075,35
763075,38
763075,39
763075,43
763075,44
763075,45
763075,46
763075,47
763075,53
763075,56
763075,57
763075,67
763075,68
763274,12
763274,13
763274,28
763274,31
763274,32
763274,33
763274,34
763274,39
763274,40
763274,42
763274,43
763274,58
763274,65
763274,66
763473,28
763473,29
763473,30
763473,33
763473,34
763473,35
763473,36
763473,39
763473,40
763473,41
763473,42
763473,44
763473,61
763473,62
763672,21
763672,22
763672,23
763672,29
763672,30
763672,32
763672,33
763672,35
763672,38
763672,39
763672,41
763672,42
763672,60
763672,62
763672,78
763672,79
763871,1
763871,23
763871,24
763871,27
763871,28
763871,31
763871,32
763871,33
763871,34
763871,35
763871,36
763871,37
763871,38
763871,39
763871,42
763871,43
763871,44
763871,46
763871,47
763871,63
763871,64
764070,2
764070,3
764070,8
764070,9
764070,28
764070,29
764070,30
764070,31
764070,32
764070,33
764070,34
764070,35
764070,38
764070,40
764070,41
764070,44
764070,45
764070,46
764070,81
764269,31
764269,34
764269,35
764269,36
764269,38
764269,39
764269,41
764269,42
764269,43
764269,46
764468,27
764468,28
764468,29
764468,31
764468,32
764468,33
764468,34
764468,35
764468,36
764468,37
764468,38
764468,39
764468,42
764468,44
764468,45
764468,46
764468,54
764667,2
764667,3
764667,9
764667,10
764667,11
764667,29
764667,32
764667,33
764667,35
764667,36
764667,38
764667,39
764667,40
764667,44
764667,46
764667,53
764667,54
764667,58
764667,59
764667,66
764667,70
764667,71
764866,9
764866,15
764866,16
764866,17
764866,28
764866,29
764866,34
764866,36
764866,37
764866,39
764866,42
764866,45
764866,46
764866,47
764866,60
764866,61
764866,80
764866,81
764866,82
765065,5
765065,6
765065,27
765065,30
765065,31
765065,32
765065,33
765065,34
765065,35
765065,37
765065,38
765065,41
765065,42
765065,43
765065,44
765065,45
765065,46
765065,61
765065,64
765065,65
765065,66
765065,67
765264,26
765264,28
765264,29
765264,32
765264,33
765264,37
765264,38
765264,39
765264,41
765264,42
765264,43
765264,44
765264,46
765264,77
765264,78
765264,80
765264,87
765463,9
765463,10
765463,11
765463,12
765463,15
765463,26
765463,27
765463,28
765463,29
765463,34
765463,35
765463,36
765463,37
765463,38
765463,39
765463,40
765463,41
765463,42
765463,66
765463,71
765463,72
765463,75
765662,16
765662,17
765662,26
765662,27
765662,28
765662,29
765662,30
765662,31
765662,33
765662,34
765662,36
765662,37
765662,38
765662,41
765662,42
765662,43
765662,44
765662,45
765662,46
765662,47
765662,67
765662,68
765662,70
765662,71
765861,12
765861,13
765861,31
765861,32
765861,33
765861,34
765861,37
765861,38
765861,39
766060,30
766060,36
766060,39
766060,40
766060,41
766060,44
766060,46
766060,47
766060,67
766060,105
766259,21
766259,22
766259,31
766259,32
766259,33
766259,35
766259,36
766259,37
766259,38
766259,39
766259,40
766259,41
766259,42
766259,78
766259,79
766259,80
766458,10
766458,14
766458,15
766458,16
766458,23
766458,24
766458,27
766458,28
766458,31
766458,32
766458,33
766458,34
766458,35
766458,36
766458,38
766458,39
766458,42
766458,43
766458,44
766458,45
766458,46
766458,47
766458,63
766458,64
766458,96
766657,3
766657,5
766657,6
766657,8
766657,9
766657,13
766657,30
766657,32
766657,33
766657,34
766657,35
766657,36
766657,37
766657,38
766657,41
766657,43
766657,44
766657,45
766657,46
766657,47
766856,19
766856,28
766856,30
766856,31
766856,34
766856,35
766856,36
766856,37
766856,38
766856,39
766856,40
766856,41
766856,42
766856,50
766856,57
767055,28
767055,29
767055,30
767055,31
767055,32
767055,33
767055,34
767055,35
767055,36
767055,37
767055,38
767055,39
767055,42
767055,62
767055,65
767055,79
767254,2
767254,3
767254,32
767254,33
767254,34
767254,35
767254,38
767254,39
767254,40
767254,41
767254,53
767254,54
767254,55
767254,59
767254,60
767254,70
767254,71
767254,116
767453,14
767453,15
767453,16
767453,29
767453,30
767453,31
767453,33
767453,34
767453,35
767453,40
767453,41
767453,60
767453,61
767453,65
767453,66
767453,70
767453,89
767453,90
767652,3
767652,4
767652,5
767652,6
767652,13
767652,14
767652,30
767652,33
767652,34
767652,35
767652,37
767652,38
767652,39
767652,41
767652,42
767652,43
767652,44
767652,45
767652,46
767652,81
767652,82
767851,28
767851,32
767851,33
767851,34
767851,35
767851,36
767851,38
767851,39
767851,40
767851,41
767851,42
767851,43
767851,44
767851,45
767851,67
767851,68
767851,79
767851,80
768050,7
768050,8
768050,9
768050,10
768050,11
768050,12
768050,15
768050,24
768050,25
768050,26
768050,27
768050,29
768050,30
768050,31
768050,32
768050,33
768050,39
768050,40
768050,41
768050,42
768050,45
768050,46
768050,47
768050,60
768050,61
768050,66
768050,67
768050,71
768050,72
768249,13
768249,14
768249,16
768249,17
768249,28
768249,29
768249,31
768249,32
768249,33
768249,35
768249,36
768249,37
768249,38
768249,41
768249,42
768249,44
768249,53
768249,57
768249,67
768249,68
768448,12
768448,13
768448,16
768448,26
768448,27
768448,28
768448,29
768448,31
768448,32
768448,33
768448,34
768448,37
768448,40
768448,53
768448,98
768647,19
768647,27
768647,28
768647,29
768647,30
768647,33
768647,36
768647,39
768647,40
768647,42
768647,47
768647,80
768846,11
768846,12
768846,13
768846,14
768846,15
768846,18
768846,22
768846,23
768846,32
768846,33
768846,39
768846,40
768846,78
768846,79
769045,8
769045,11
769045,17
769045,23
769045,24
769045,27
769045,28
769045,31
769045,32
769045,33
769045,34
769045,35
769045,36
769045,37
769045,38
769045,39
769045,42
769045,46
769045,47
769045,63
769045,64
769045,65
769045,71
769244,8
769244,9
769244,13
769244,16
769244,17
769244,27
769244,28
769244,29
769244,30
769244,31
769244,33
769244,34
769244,35
769244,36
769244,38
769244,39
769244,40
769244,41
769443,7
769443,28
769443,30
769443,31
769443,32
769443,36
769443,37
769443,38
769443,39
769443,40
769443,42
769443,46
769443,47
769642,5
769642,15
769642,16
769642,26
769642,27
769642,28
769642,29
769642,30
769642,31
769642,32
769642,33
769642,34
769642,35
769642,36
769642,37
769642,38
769642,39
769642,42
769841,2
769841,3
769841,11
769841,19
769841,27
769841,28
769841,31
769841,33
769841,34
769841,35
769841,36
769841,37
769841,38
769841,53
769841,54
769841,59
769841,60
769841,70
769841,71
770040,12
770040,13
770040,14
770040,15
770040,16
770040,19
770040,30
770040,31
770040,34
770040,35
770040,36
770040,37
770040,40
770040,41
770040,42
770040,43
770040,52
770040,61
770040,62
770239,6
770239,13
770239,30
770239,31
770239,32
770239,33
770239,34
770239,35
770239,36
770239,37
770239,38
770239,39
770239,42
770239,43
770239,44
770239,45
770239,46
770239,65
770239,66
770438,10
770438,16
770438,26
770438,28
770438,29
770438,32
770438,33
770438,34
770438,35
770438,36
770438,37
770438,39
770438,40
770438,41
770438,42
770438,43
770438,44
770438,45
770438,46
770637,9
770637,10
770637,14
770637,15
770637,16
770637,26
770637,27
770637,30
770637,31
770637,32
770637,33
770637,40
770637,41
770637,42
770637,66
770637,67
770637,72
770637,73
770637,79
770637,80
770836,16
770836,17
770836,27
770836,28
770836,29
770836,30
770836,31
770836,32
770836,36
770836,37
770836,38
770836,41
770836,42
770836,43
770836,44
770836,68
770836,69
771035,13
771035,14
771035,16
771035,28
771035,33
771035,34
771035,35
771035,36
771035,37
771035,38
771035,40
771035,41
771035,43
771035,44
771035,77
771234,16
771234,28
771234,29
771234,30
771234,35
771234,36
771234,37
771234,38
771234,39
771234,40
771234,41
771234,70
771234,71
771234,105
771234,106
771234,123
771433,7
771433,22
771433,23
771433,26
771433,27
771433,28
771433,30
771433,31
771433,32
771433,33
771433,35
771433,36
771433,37
771433,38
771433,39
771433,40
771433,41
771433,42
771433,43
771433,46
771433,47
771433,67
771433,79
771433,97
771433,119
771632,8
771632,9
771632,10
771632,11
771632,14
771632,15
771632,16
771632,17
771632,24
771632,25
771632,28
771632,29
771632,31
771632,32
771632,33
771632,34
771632,35
771632,36
771632,37
771632,38
771632,39
771632,40
771632,43
771632,44
771632,45
771632,46
771632,47
771632,63
771632,64
771632,72
771632,73
771632,77
771632,78
771632,79
771831,8
771831,9
771831,16
771831,17
771831,27
771831,31
771831,32
771831,33
771831,34
771831,39
771831,40
771831,44
772030,12
772030,13
772030,26
772030,28
772030,30
772030,31
772030,32
772030,35
772030,38
772030,39
772030,40
772229,2
772229,15
772229,29
772229,30
772229,32
772229,33
772229,34
772229,35
772229,37
772229,38
772229,39
772428,2
772428,3
772428,19
772428,20
772428,29
772428,30
772428,32
772428,33
772428,35
772428,36
772428,38
772428,39
772428,40
772428,41
772428,44
772428,53
772428,54
772428,57
772428,58
772428,59
772428,60
772428,70
772428,71
772428,79
772627,10
772627,11
772627,12
772627,15
772627,16
772627,29
772627,30
772627,31
772627,32
772627,33
772627,34
772627,40
772627,41
772627,42
772627,43
772627,46
772627,47
772627,61
772627,62
772627,72
772627,73
772627,80
772627,89
772627,90
772826,6
772826,7
772826,26
772826,27
772826,28
772826,29
772826,30
772826,31
772826,32
772826,33
772826,34
772826,35
772826,36
772826,37
772826,38
772826,39
772826,40
772826,42
772826,43
772826,44
772826,45
772826,46
772826,52
772826,62
772826,63
772826,64
772826,114
772826,115
773025,28
773025,29
773025,32
773025,33
773025,35
773025,38
773025,39
773025,41
773025,42
773025,46
773025,64
773025,105
773224,9
773224,10
773224,17
773224,26
773224,27
773224,28
773224,30
773224,31
773224,33
773224,35
773224,36
773224,37
773224,40
773224,41
773224,42
773224,45
773224,46
773224,55
773224,56
773224,66
773224,67
773224,72
773224,73
773423,16
773423,17
773423,18
773423,19
773423,28
773423,29
773423,30
773423,31
773423,37
773423,38
773423,39
773423,41
773423,42
773423,44
773423,68
773423,69
773423,86
773423,96
773622,12
773622,13
773622,14
773622,15
773622,16
773622,17
773622,33
773622,34
773622,38
773622,39
773622,42
773622,44
773622,45
773622,58
773622,59
773622,60
773821,7
773821,28
773821,29
773821,30
773821,31
773821,34
773821,39
773821,40
773821,41
773821,42
773821,45
773821,50
773821,95
773821,101
773821,106
774020,15
774020,22
774020,23
774020,26
774020,27
774020,28
774020,33
774020,35
774020,36
774020,37
774020,39
774020,40
774020,41
774020,42
774020,67
774020,71
774020,72
774020,76
774020,77
774020,78
774020,79
774020,82
774020,96
774020,97
774219,24
774219,25
774219,32
774219,33
774219,34
774219,35
774219,36
774219,38
774219,39
774219,40
774219,47
774219,64
774418,4
774418,6
774418,8
774418,9
774418,11
774418,12
774418,28
774418,69
774418,70
774617,9
774617,28
774617,30
774617,31
774617,32
774617,34
774617,35
774617,36
774617,38
774617,39
774617,40
774617,42
774617,74
774816,20
774816,27
774816,28
774816,29
774816,30
774816,31
774816,32
774816,33
774816,34
774816,35
774816,36
774816,37
774816,38
774816,39
774816,40
774816,42
774816,43
775015,2
775015,3
775015,6
775015,16
775015,27
775015,28
775015,29
775015,30
775015,34
775015,36
775015,38
775015,39
775015,40
775015,41
775015,46
775015,47
775015,54
775015,59
775015,60
775015,62
775015,63
775015,71
775015,72
775214,12
775214,16
775214,30
775214,32
775214,35
775214,61
775214,62
775413,6
775413,7
775413,34
775413,35
775413,42
775413,43
775413,46
775413,47
775413,114
775413,115
775612,15
775612,18
775612,19
775612,28
775612,29
775612,32
775612,33
775612,34
775612,35
775612,38
775612,39
775612,40
775612,41
775612,42
775612,45
775612,99
775612,100
775811,9
775811,10
775811,15
775811,16
775811,26
775811,27
775811,28
775811,29
775811,30
775811,31
775811,32
775811,33
775811,34
775811,36
775811,37
775811,38
775811,39
775811,40
775811,41
775811,42
775811,43
775811,47
775811,66
775811,67
775811,72
775811,73
775811,74
775811,75
776010,14
776010,15
776010,17
776010,18
776010,26
776010,27
776010,28
776010,29
776010,30
776010,31
776010,33
776010,37
776010,44
776010,45
776010,47
776010,68
776010,69
776010,86
776209,6
776209,13
776209,14
776209,31
776209,32
776209,33
776209,34
776209,35
776209,38
776209,39
776209,40
776209,44
776209,45
776209,121
776408,28
776408,29
776408,30
776408,31
776408,34
776408,35
776408,36
776408,37
776408,39
776408,40
776408,41
776408,42
776408,43
776408,44
776408,45
776408,46
776408,47
776607,22
776607,23
776607,30
776607,32
776607,33
776607,34
776607,36
776607,37
776607,39
776607,40
776607,41
776607,43
776607,44
776607,47
776607,79
776806,20
776806,24
776806,25
776806,32
776806,33
776806,34
776806,35
776806,36
776806,37
776806,38
776806,39
776806,40
776806,43
776806,47
776806,48
776806,64
776806,65
777005,9
777005,10
777005,30
777005,34
777005,36
777005,39
777005,40
777005,42
777005,45
777005,46
777005,47
777204,19
777204,28
777204,29
777204,30
777204,35
777204,39
777204,40
777403,27
777403,29
777403,30
777403,31
777403,32
777403,33
777403,34
777403,35
777403,36
777403,37
777403,38
777403,39
777403,40
777403,43
777403,44
777403,70
777403,71
777403,72
777602,0
777602,1
777602,3
777602,4
777602,5
777602,6
777602,7
777602,19
777602,28
777602,30
777602,33
777602,34
777602,36
777602,39
777602,40
777602,41
777602,54
777602,55
777602,59
777602,60
777602,62
777602,63
777602,64
777602,71
777602,72
777602,117
777801,3
777801,8
777801,16
777801,17
777801,18
777801,19
777801,20
777801,32
777801,35
777801,36
777801,37
777801,40
777801,61
777801,62
778000,6
778000,7
778000,26
778000,27
778000,31
778000,32
778000,33
778000,34
778000,35
778000,37
778000,39
778000,44
778000,45
778000,46
778000,47
778199,5
778199,12
778199,13
778199,28
778199,29
778199,30
778199,33
778199,34
778199,35
778199,38
778199,39
778199,40
778199,41
778199,42
778398,10
778398,11
778398,12
778398,13
778398,20
778398,27
778398,28
778398,29
778398,31
778398,32
778398,33
778398,35
778398,36
778398,37
778398,40
778398,41
778398,42
778398,43
778398,46
778398,47
778398,61
778398,67
778398,72
778398,73
778597,2
778597,9
778597,17
778597,18
778597,19
778597,28
778597,29
778597,31
778597,32
778597,33
778597,34
778597,35
778597,36
778597,37
778597,38
778597,39
778597,42
778597,43
778597,44
778597,45
778597,47
778597,68
778597,69
778796,11
778796,12
778796,13
778796,14
778796,27
778796,31
778796,32
778796,34
778796,38
778796,39
778796,44
778796,45
778796,46
778995,8
778995,17
778995,25
778995,28
778995,29
778995,30
778995,31
778995,34
778995,35
778995,36
778995,42
778995,124
779194,14
779194,22
779194,23
779194,31
779194,32
779194,38
779194,39
779194,40
779194,41
779194,42
779194,43
779194,47
779194,48
779194,79
779194,117
779393,3
779393,24
779393,25
779393,28
779393,29
779393,32
779393,33
779393,34
779393,35
779393,36
779393,38
779393,39
779393,40
779393,43
779393,44
779393,45
779393,46
779393,47
779393,48
779393,57
779393,58
779393,59
779393,64
779393,65
779592,3
779592,4
779592,5
779592,9
779592,10
779592,28
779592,30
779592,36
779592,39
779592,42
779592,44
779592,48
779791,27
779791,28
779791,29
779791,31
779791,32
779791,36
779791,37
779791,38
779791,39
779791,40
779791,41
779791,42
779791,43
779791,44
779791,45
779791,46
779791,47
779791,48
779791,74
779990,4
779990,5
779990,6
779990,26
779990,27
779990,29
779990,30
779990,31
779990,32
779990,33
779990,34
779990,35
779990,36
779990,43
779990,44
779990,79
780189,3
780189,4
780189,28
780189,29
780189,30
780189,33
780189,34
780189,35
780189,36
780189,37
780189,38
780189,39
780189,40
780189,42
780189,45
780189,46
780189,47
780189,54
780189,55
780189,59
780189,60
780189,61
780189,71
780189,72
780189,106
780189,117
780388,14
780388,15
780388,16
780388,17
780388,31
780388,32
780388,33
780388,34
780388,35
780388,36
780388,37
780388,38
780388,39
780388,40
780388,61
780388,62
780388,90
780587,6
780587,7
780587,27
780587,28
780587,30
780587,31
780587,32
780587,33
780587,34
780587,35
780587,36
780587,37
780587,38
780587,39
780587,44
780587,45
780587,46
780587,47
780587,61
780587,80
780587,81
780786,11
780786,30
780786,33
780786,34
780786,35
780786,36
780786,38
780786,39
780786,40
780786,41
780786,42
780786,66
780786,88
780786,89
780786,99
780786,100
780786,105
780786,106
780985,10
780985,11
780985,15
780985,27
780985,28
780985,30
780985,31
780985,32
780985,33
780985,34
780985,35
780985,36
780985,37
780985,40
780985,55
780985,56
780985,64
780985,65
780985,67
780985,72
780985,73
780985,112
780985,113
780985,115
780985,116
781184,17
781184,18
781184,29
781184,30
781184,39
781184,42
781184,43
781184,68
781184,69
781383,0
781383,13
781383,14
781383,21
781582,46
781781,10
781781,14
781781,15
781781,16
781781,23
781781,24
781781,40
781781,41
781781,79
781980,18
781980,24
781980,25
781980,34
781980,36
781980,37
781980,47
781980,48
781980,64
781980,65
782179,5
782179,6
782179,8
782179,9
782179,10
782179,12
782179,13
782179,14
782179,17
782179,18
782179,28
782179,35
782179,41
782378,10
782378,15
782378,16
782378,28
782378,29
782378,32
782378,33
782378,36
782378,39
782378,40
782378,44
782577,9
782577,10
782577,15
782577,17
782577,28
782577,30
782577,31
782577,32
782577,33
782577,34
782577,35
782577,36
782577,37
782577,38
782577,39
782577,40
782577,75
782577,76
782776,3
782776,4
782776,11
782776,42
782776,54
782776,55
782776,60
782776,61
782776,63
782776,64
782776,71
782776,72
782975,16
782975,17
782975,30
782975,31
782975,35
782975,36
782975,37
782975,38
782975,42
782975,43
782975,44
782975,62
782975,63
783174,7
783174,28
783174,31
783174,32
783174,33
783174,34
783174,35
783174,36
783174,38
783174,39
783174,40
783174,41
783174,43
783174,46
783174,47
783373,33
783373,34
783373,36
783373,39
783373,40
783373,41
783373,42
783373,45
783373,57
783373,58
783373,59
783373,78
783572,10
783572,11
783572,27
783572,28
783572,33
783572,34
783572,35
783572,36
783572,37
783572,41
783572,42
783572,43
783572,67
783572,73
783572,74
783572,124
783771,5
783771,18
783771,28
783771,29
783771,30
783771,31
783771,32
783771,33
783771,37
783771,38
783771,69
783771,70
783970,14
783970,27
783970,28
783970,29
783970,30
783970,34
783970,63
783970,64
784169,34
784169,36
784169,37
784169,74
784169,75
784169,76
784368,10
784368,23
784368,24
784368,26
784368,32
784368,33
784368,34
784368,35
784368,36
784368,37
784368,38
784368,39
784368,40
784368,41
784567,25
784567,33
784567,34
784567,35
784567,36
784567,37
784567,38
784567,39
784567,40
784567,41
784567,47
784567,48
784567,61
784567,62
784567,64
784567,65
784766,9
784766,10
784766,30
784766,31
784766,34
784766,35
784766,36
784766,40
784766,41
784766,42
784965,28
784965,29
784965,31
784965,32
784965,39
784965,40
784965,44
785164,29
785164,30
785164,31
785164,36
785164,37
785164,40
785363,3
785363,4
785363,42
785363,54
785363,55
785363,60
785363,61
785363,67
785363,71
785363,72
785562,1
785562,2
785562,14
785562,16
785562,17
785562,30
785562,35
785562,36
785562,62
785562,63
785761,7
785761,8
785761,9
785761,10
785761,11
785761,15
785761,16
785761,17
785761,28
785761,31
785761,35
785761,36
785761,47
785761,81
785960,10
785960,11
785960,12
785960,13
785960,27
785960,29
785960,34
785960,35
785960,39
785960,100
786159,10
786159,11
786159,27
786159,28
786159,32
786159,33
786159,34
786159,35
786159,36
786159,37
786159,38
786159,41
786159,42
786159,67
786159,73
786159,74
786358,4
786358,18
786358,19
786358,29
786358,30
786358,37
786358,38
786358,69
786358,70
786358,82
786557,5
786557,14
786557,15
786557,30
786557,35
786557,36
786557,39
786557,40
786756,31
786756,32
786756,40
786756,41
786756,42
786756,43
786756,125
786955,23
786955,24
786955,28
786955,33
786955,36
786955,40
786955,41
786955,97
786955,98
787154,7
787154,25
787154,36
787154,37
787154,47
787154,48
787154,65
787353,1
787353,7
787353,9
787353,10
787353,37
787353,42
787353,43
787552,28
787552,29
787552,40
787552,41
787552,42
787751,1
787751,28
787751,29
787751,30
787751,31
787751,32
787751,33
787751,34
787751,35
787751,36
787751,37
787751,38
787751,45
787950,3
787950,4
787950,6
787950,7
787950,8
787950,30
787950,34
787950,35
787950,36
787950,37
787950,38
787950,39
787950,40
787950,41
787950,42
787950,47
787950,51
787950,52
787950,55
787950,60
787950,61
787950,63
787950,64
787950,67
787950,72
787950,73
788149,17
788149,26
788149,36
788149,37
788149,38
788149,41
788149,42
788149,43
788149,55
788149,58
788149,62
788149,63
788348,7
788348,8
788348,35
788348,36
788348,37
788348,38
788348,39
788348,43
788348,47
788348,48
788348,81
788547,5
788547,16
788547,17
788547,18
788746,10
788746,11
788746,27
788746,28
788746,32
788746,33
788746,34
788746,36
788746,37
788746,67
788746,73
788746,74
788746,77
788945,10
788945,11
788945,15
788945,18
788945,19
788945,27
788945,29
788945,30
788945,31
788945,33
788945,38
788945,39
788945,69
788945,70
788945,79
789144,0
789144,14
789144,15
789144,24
789144,28
789144,29
789144,35
789144,36
789144,41
789343,7
789343,15
789343,31
789343,32
789343,37
789343,40
789343,41
789343,43
789542,23
789542,24
789542,34
789542,37
789542,38
789542,40
789542,41
789542,42
789741,5
789741,7
789741,25
789741,27
789741,30
789741,33
789741,36
789741,37
789741,39
789741,40
789741,41
789741,48
789741,49
789741,56
789741,57
789741,65
789741,66
789940,10
789940,11
789940,20
789940,23
790139,29
790139,30
790139,31
790139,32
790139,38
790139,40
790139,41
790139,42
790338,11
790338,12
790338,24
790338,28
790338,29
790338,30
790338,31
790338,32
790338,36
790338,37
790338,39
790338,40
790338,41
790338,44
790338,79
790338,80
790537,4
790537,22
790537,37
790537,40
790537,42
790537,55
790537,56
790537,60
790537,61
790537,67
790537,72
790537,73
790736,17
790736,18
790736,33
790736,36
790736,37
790736,38
790736,44
790736,62
790736,63
790736,76
790935,7
790935,8
790935,11
790935,33
790935,34
790935,36
790935,37
790935,38
790935,47
790935,48
791134,29
791134,36
791134,39
791134,42
791333,2
791333,11
791333,12
791333,13
791333,22
791333,23
791333,24
791333,26
791333,28
791333,29
791333,33
791333,34
791333,35
791333,73
791333,74
791532,18
791532,19
791532,29
791532,30
791532,32
791532,33
791532,34
791532,36
791532,37
791532,38
791532,43
791532,44
791532,69
791532,70
791731,1
791731,14
791731,15
791731,29
791731,30
791731,33
791731,34
791731,35
791731,36
791731,39
791731,40
791731,41
791731,42
791731,80
791731,81
791930,27
791930,29
791930,30
791930,31
791930,35
791930,38
791930,41
791930,42
791930,43
791930,60
791930,61
792129,15
792129,23
792129,24
792129,32
792129,33
792129,39
792129,40
792129,41
792328,16
792328,25
792328,27
792328,28
792328,30
792328,33
792328,34
792328,35
792328,37
792328,38
792328,39
792328,40
792328,41
792328,44
792328,48
792328,49
792328,65
792328,66
792527,7
792527,8
792527,10
792527,11
792527,30
792527,31
792527,32
792527,35
792527,37
792527,43
792726,4
792726,16
792726,17
792726,20
792726,28
792726,29
792726,30
792726,33
792726,40
792726,41
792925,15
792925,16
792925,17
792925,28
792925,30
792925,31
792925,36
792925,37
792925,42
792925,43
793124,4
793124,5
793124,17
793124,18
793124,19
793124,22
793124,35
793124,36
793124,37
793124,55
793124,56
793124,61
793124,62
793124,67
793124,72
793124,73
793124,80
793124,81
793323,13
793323,14
793323,15
793323,16
793323,17
793323,18
793323,19
793323,24
793323,25
793323,26
793323,32
793323,33
793323,36
793323,38
793323,39
793323,42
793323,43
793323,44
793323,61
793323,62
793323,63
793522,7
793522,8
793522,26
793522,29
793522,32
793522,36
793522,37
793522,47
793522,48
793522,50
793721,29
793721,40
793721,41
793721,42
793920,11
793920,12
793920,28
793920,29
793920,31
793920,32
793920,34
793920,35
793920,38
793920,41
793920,42
793920,43
793920,44
793920,73
793920,74
794119,18
794119,19
794119,30
794119,31
794119,33
794119,34
794119,40
794119,43
794119,44
794119,69
794119,70
794119,77
794318,14
794318,15
794318,33
794318,34
794318,35
794318,36
794318,37
794318,38
794318,39
794318,42
794318,54
794517,35
794517,36
794517,42
794517,43
794517,124
794716,8
794716,9
794716,24
794716,25
794716,31
794716,32
794716,33
794716,37
794716,38
794716,39
794716,40
794716,41
794716,42
794716,46
794716,60
794716,61
794915,25
794915,29
794915,30
794915,33
794915,34
794915,35
794915,36
794915,37
794915,39
794915,48
794915,49
794915,65
794915,66
795114,2
795114,10
795114,11
795114,35
795114,36
795114,37
795114,38
795114,43
795313,29
795313,30
795313,31
795313,32
795313,33
795313,34
795313,35
795313,36
795313,37
795313,38
795313,39
795313,40
795313,41
795313,42
795313,70
795512,4
795512,5
795512,16
795512,17
795512,18
795512,31
795512,33
795512,34
795512,35
795512,36
795512,37
795512,38
795711,3
795711,4
795711,5
795711,22
795711,34
795711,35
795711,36
795711,43
795711,55
795711,56
795711,57
795711,61
795711,62
795711,67
795711,72
795711,73
795910,17
795910,18
795910,39
795910,42
795910,44
795910,63
795910,64
796109,8
796109,28
796109,32
796109,34
796109,35
796109,36
796109,37
796109,39
796109,40
796109,47
796109,48
796109,59
796308,29
796308,36
796308,37
796308,41
796308,42
796507,4
796507,11
796507,12
796507,28
796507,29
796507,30
796507,31
796507,32
796507,33
796507,34
796507,35
796507,36
796507,37
796507,74
796507,75
796706,19
796706,27
796706,30
796706,31
796706,32
796706,33
796706,34
796706,43
796706,49
796706,50
796706,70
796706,71
796905,15
796905,17
796905,18
796905,40
796905,41
796905,42
796905,69
797104,2
797104,25
797104,31
797104,32
797104,36
797104,37
797104,124
797104,125
797303,24
797303,25
797303,31
797303,41
797303,42
797303,43
797502,14
797502,15
797502,16
797502,30
797502,33
797502,34
797502,35
797502,36
797502,37
797502,39
797502,40
797502,41
797502,42
797502,48
797502,49
797502,65
797502,66
797701,10
797701,11
797701,31
797701,32
797701,35
797701,36
797701,37
797701,38
797701,41
797701,42
797701,43
797900,25
797900,26
797900,27
797900,29
797900,30
797900,31
797900,32
797900,33
797900,34
797900,37
797900,40
797900,41
798099,7
798099,27
798099,31
798099,33
798099,35
798099,36
798099,37
798298,4
798298,5
798298,22
798298,29
798298,30
798298,32
798298,35
798298,41
798298,42
798298,43
798298,55
798298,56
798298,61
798298,62
798298,67
798298,68
798298,72
798298,73
798298,107
798298,118
798497,17
798497,18
798497,31
798497,32
798497,33
798497,34
798497,35
798497,36
798497,37
798497,38
798497,39
798497,42
798497,43
798497,61
798497,62
798497,63
798497,64
798696,8
798696,9
798696,12
798696,13
798696,14
798696,18
798696,19
798696,32
798696,33
798696,36
798696,37
798696,38
798696,39
798696,40
798696,41
798696,48
798895,35
798895,36
798895,43
799094,11
799094,12
799094,28
799094,29
799094,30
799094,31
799094,32
799094,33
799094,34
799094,35
799094,36
799094,74
799094,75
799293,19
799293,20
799293,30
799293,31
799293,33
799293,70
799293,71
799293,78
799293,88
799492,2
799492,15
799492,30
799492,31
799492,34
799492,35
799492,37
799492,39
799492,40
799691,25
799691,26
799691,27
799691,30
799691,37
799691,38
799691,125
799890,12
799890,24
799890,25
799890,31
799890,38
799890,41
799890,42
800089,11
800089,12
800089,13
800089,34
800089,37
800089,49
800089,57
800089,58
800089,62
800089,66
800089,67
800089,80
800089,81
800288,10
800288,11
800288,25
800288,30
800288,43
800487,10
800487,11
800487,13
800487,14
800487,15
800487,28
800487,29
800487,30
800487,31
800487,39
800487,40
800487,41
800487,42
800487,77
800686,29
800686,30
800686,31
800686,33
800686,34
800686,35
800686,37
800686,38
800686,39
800686,40
800686,50
800686,79
800885,2
800885,4
800885,5
800885,22
800885,29
800885,30
800885,31
800885,32
800885,33
800885,34
800885,36
800885,37
800885,40
800885,56
800885,61
800885,62
800885,64
800885,65
800885,67
800885,68
800885,73
800885,74
801084,18
801084,26
801084,27
801084,31
801084,32
801084,33
801084,34
801084,37
801084,42
801084,43
801084,63
801084,64
801084,77
801283,8
801283,9
801283,25
801283,27
801283,28
801283,29
801283,30
801283,33
801283,34
801283,35
801283,36
801283,37
801283,38
801283,39
801283,40
801283,41
801283,48
801482,30
801482,31
801482,34
801482,37
801482,40
801482,42
801482,81
801681,11
801681,12
801681,27
801681,28
801681,29
801681,31
801681,32
801681,33
801681,34
801681,35
801681,74
801681,75
801880,19
801880,20
801880,28
801880,29
801880,30
801880,31
801880,32
801880,33
801880,34
801880,35
801880,60
801880,70
801880,71
801880,99
802079,1
802079,2
802079,15
802079,28
802079,29
802079,31
802079,34
802079,35
802079,36
802079,37
802079,40
802079,41
802079,42
802079,58
802079,59
802278,9
802278,27
802278,30
802278,31
802278,32
802278,36
802278,37
802278,38
802278,41
802278,42
802278,43
802278,44
802278,55
802477,18
802477,24
802477,25
802477,27
802477,28
802477,31
802477,41
802477,42
802676,25
802676,34
802676,37
802676,39
802676,40
802676,49
802676,50
802676,66
802676,67
802875,11
802875,12
802875,44
802875,82
802875,107
803074,26
803074,27
803074,28
803074,29
803074,30
803074,33
803074,34
803074,37
803074,38
803074,41
803074,42
803074,43
803074,44
803074,45
803074,46
803074,76
803273,7
803273,8
803273,9
803273,12
803273,31
803273,33
803273,36
803273,37
803273,38
803273,39
803273,40
803472,5
803472,15
803472,22
803472,23
803472,26
803472,29
803472,30
803472,38
803472,56
803472,57
803472,61
803472,62
803472,67
803472,68
803472,73
803472,74
803671,18
803671,19
803671,28
803671,31
803671,33
803671,34
803671,37
803671,38
803671,39
803671,42
803671,63
803671,64
803870,8
803870,9
803870,27
803870,28
803870,29
803870,30
803870,37
803870,48
803870,55
803870,75
803870,76
803870,81
804069,1
804069,28
804069,29
804069,30
804069,31
804069,32
804069,34
804069,35
804069,36
804069,37
804069,38
804069,39
804069,40
804069,41
804069,42
804069,43
804069,47
804268,12
804268,13
804268,14
804268,29
804268,30
804268,34
804268,35
804268,74
804268,75
804467,19
804467,20
804467,28
804467,29
804467,30
804467,31
804467,32
804467,33
804467,34
804467,35
804467,38
804467,39
804467,40
804467,41
804467,63
804467,70
804467,71
804467,110
804467,111
804666,9
804666,10
804666,15
804865,91
804865,92
805064,4
805064,5
805064,6
805064,24
805064,25
805064,28
805064,29
805064,31
805064,32
805064,33
805064,34
805064,35
805064,36
805064,37
805064,38
805064,39
805064,40
805064,41
805064,42
805064,43
805064,44
805064,79
805263,19
805263,42
805263,49
805263,50
805263,56
805263,62
805263,63
805263,66
805263,67
805263,111
805263,112
805462,11
805462,12
805462,30
805462,31
805462,32
805462,33
805462,41
805462,77
805462,78
805462,79
805661,4
805661,5
805661,18
805661,19
805661,30
805661,31
805661,33
805661,34
805661,37
805661,38
805661,39
805661,40
805661,41
805661,42
805661,43
805661,61
805661,62
805661,63
805860,28
805860,29
805860,30
805860,31
805860,37
805860,38
805860,42
805860,73
805860,74
806059,5
806059,6
806059,19
806059,22
806059,23
806059,56
806059,57
806059,62
806059,63
806059,67
806059,68
806059,73
806059,74
806258,18
806258,19
806258,63
806258,64
806258,92
806258,93
806457,8
806457,9
806457,16
806457,17
806457,18
806457,31
806457,32
806457,33
806457,37
806457,38
806457,48
806457,54
806457,73
806457,79
806457,82
806457,94
806457,95
806656,32
806656,37
806656,38
806656,40
806656,41
806656,42
806656,67
806656,68
806656,75
806656,90
806656,91
806656,107
806656,118
806656,119
806855,6
806855,7
806855,12
806855,13
806855,29
806855,30
806855,32
806855,33
806855,34
806855,35
806855,36
806855,37
806855,38
806855,39
806855,42
806855,44
806855,57
806855,74
806855,75
806855,114
806855,115
807054,19
807054,20
807054,28
807054,29
807054,30
807054,31
807054,32
807054,33
807054,34
807054,35
807054,38
807054,41
807054,46
807054,70
807054,71
807054,88
807253,1
807253,2
807253,12
807253,13
807253,15
807253,29
807253,30
807253,31
807253,33
807253,34
807253,35
807253,36
807253,38
807253,39
807253,40
807253,43
807253,46
807253,47
807253,102
807452,9
807452,79
807452,83
807452,84
807452,125
807651,25
807651,26
807651,31
807651,42
807651,43
807651,44
807651,45
807651,46
807651,121
807850,3
807850,4
807850,49
807850,50
807850,56
807850,66
807850,67
807850,74
807850,77
808049,11
808049,12
808049,60
808049,109
808248,30
808248,31
808248,41
808248,42
808248,48
808248,75
808248,122
808447,11
808447,37
808447,38
808447,60
808447,61
808447,101
808646,5
808646,6
808646,22
808646,23
808646,30
808646,31
808646,32
808646,33
808646,34
808646,51
808646,56
808646,57
808646,62
808646,63
808646,68
808646,73
808646,74
808646,107
808646,119
808646,120
808845,11
808845,14
808845,15
808845,17
808845,18
808845,19
808845,28
808845,31
808845,33
808845,34
808845,37
808845,64
808845,65
809044,9
809044,10
809044,11
809044,23
809044,24
809044,37
809044,38
809044,40
809044,48
809044,54
809044,55
809044,58
809243,4
809243,5
809243,8
809243,17
809243,30
809243,38
809243,39
809243,40
809243,41
809243,42
809243,45
809243,64
809243,65
809243,66
809243,67
809243,107
809243,108
809243,118
809243,119
809442,12
809442,13
809442,18
809442,19
809442,29
809442,30
809442,35
809442,36
809442,58
809442,75
809442,76
809641,19
809641,20
809641,31
809641,32
809641,33
809641,34
809641,36
809641,37
809641,38
809641,39
809641,41
809641,44
809641,49
809641,71
809641,80
809641,84
809840,25
809840,29
809840,30
809840,31
809840,33
809840,34
809840,35
809840,36
810039,63
810039,64
810039,125
810238,10
810238,25
810238,26
810238,31
810238,42
810238,43
810238,122
810437,14
810437,38
810437,49
810437,50
810437,56
810437,66
810437,67
810437,112
810437,113
810636,11
810636,12
810636,33
810636,34
810636,35
810636,36
810835,25
810835,26
810835,30
810835,31
810835,41
810835,42
810835,43
810835,47
810835,48
811034,11
811034,38
811034,61
811034,62
811034,101
811233,5
811233,6
811233,22
811233,23
811233,26
811233,27
811233,31
811233,32
811233,33
811233,35
811233,36
811233,37
811233,38
811233,56
811233,57
811233,62
811233,63
811233,68
811233,69
811233,73
811233,74
811233,102
811432,14
811432,18
811432,19
811432,32
811432,33
811432,34
811432,35
811432,36
811432,37
811432,38
811432,40
811432,62
811432,63
811432,64
811432,65
811631,9
811631,10
811631,11
811631,12
811631,13
811631,37
811631,38
811631,41
811631,83
811631,84
811830,31
811830,32
811830,35
811830,36
811830,37
811830,38
811830,41
811830,42
811830,60
812029,12
812029,13
812029,18
812029,19
812029,29
812029,30
812029,31
812029,32
812029,33
812029,34
812029,35
812029,36
812029,37
812029,38
812029,39
812029,40
812029,41
812029,42
812029,43
812029,44
812029,75
812029,76
812029,82
812228,20
812228,21
812228,31
812228,32
812228,33
812228,34
812228,35
812228,36
812228,71
812228,100
812427,29
812427,30
812427,31
812427,32
812427,35
812427,42
812427,63
812427,64
812427,65
812427,66
812626,3
812626,4
812626,5
812626,14
812626,15
812626,16
812626,31
812626,32
812626,33
812626,34
812626,35
812626,36
812626,37
812626,38
812626,47
812626,59
812626,60
812626,61
812825,25
812825,26
812825,31
812825,32
812825,33
812825,39
812825,40
812825,41
812825,42
812825,43
812825,44
812825,79
813024,11
813024,15
813024,17
813024,40
813024,50
813024,56
813024,67
813223,11
813223,12
813223,24
813223,25
813223,33
813223,42
813422,9
813422,10
813422,12
813422,15
813422,23
813422,30
813422,31
813422,32
813422,33
813422,34
813422,35
813422,38
813422,39
813422,40
813422,41
813422,42
813422,43
813621,36
813621,38
813621,39
813621,40
813621,41
813621,42
813621,61
813621,81
813820,5
813820,6
813820,22
813820,23
813820,57
813820,62
813820,63
813820,65
813820,66
813820,68
813820,69
813820,74
814019,9
814019,13
814019,14
814019,15
814019,19
814019,27
814019,28
814019,64
814019,65
814218,2
814218,9
814218,10
814218,19
814218,37
814218,38
814218,39
814218,82
814417,20
814417,30
814616,12
814616,13
814616,19
814616,30
814616,35
814616,36
814616,75
814616,76
814815,20
814815,21
814815,31
814815,32
814815,46
814815,71
814815,84
814815,112
815014,0
815014,8
815014,13
815014,30
815014,31
815014,35
815014,36
815014,37
815014,38
815014,41
815014,42
815014,101
815213,17
815412,25
815412,26
815412,31
815412,32
815412,42
815412,43
815611,29
815611,30
815611,50
815611,51
815611,56
815611,67
815611,68
815611,112
815611,113
815810,12
815810,13
815810,28
815810,54
816009,30
816009,31
816009,32
816009,33
816009,34
816009,35
816009,42
816009,43
816208,6
816208,19
816208,34
816208,35
816208,36
816208,37
816208,38
816208,39
816208,63
816208,64
816208,101
816407,6
816407,23
816407,24
816407,39
816407,42
816407,43
816407,57
816407,58
816407,62
816407,63
816407,68
816407,69
816407,74
816606,14
816606,19
816606,21
816606,40
816606,51
816606,52
816606,64
816606,65
816606,76
816805,9
816805,10
816805,31
816805,38
816805,55
816805,83
816805,84
817004,38
817004,43
817004,68
817203,13
817203,19
817203,30
817203,31
817203,35
817203,36
817203,44
817203,45
817203,67
817203,68
817203,75
817203,76
817203,77
817203,78
817203,79
817402,11
817402,20
817402,21
817402,30
817402,31
817402,32
817402,35
817402,39
817402,40
817402,41
817402,42
817402,59
817402,63
817402,64
817402,71
817601,0
817601,1
817601,6
817601,18
817601,31
817601,32
817601,35
817601,36
817601,37
817601,41
817601,42
817601,43
817601,44
817601,47
817601,56
817601,102
817800,31
817800,32
817800,33
817800,34
817800,35
817800,36
817800,39
817800,40
817800,43
817800,44
817999,25
817999,26
817999,31
817999,32
817999,34
817999,35
817999,42
817999,43
818198,24
818198,35
818198,36
818198,37
818198,38
818198,50
818198,51
818198,56
818198,67
818198,68
818397,3
818397,6
818397,12
818397,13
818397,28
818397,29
818397,30
818397,54
818596,5
818596,6
818596,31
818596,32
818596,33
818596,34
818596,35
818596,39
818596,40
818596,41
818596,42
818596,43
818596,48
818596,76
818795,10
818795,11
818795,29
818795,32
818795,35
818795,38
818795,39
818795,50
818795,61
818795,96
818994,6
818994,7
818994,30
818994,31
818994,32
818994,33
818994,34
818994,35
818994,36
818994,37
818994,38
818994,39
818994,42
818994,57
818994,58
818994,63
818994,64
818994,68
818994,69
818994,74
819193,14
819193,19
819193,26
819193,33
819193,35
819193,36
819193,37
819193,38
819193,41
819193,64
819193,65
819392,9
819392,10
819392,28
819392,29
819392,30
819392,31
819392,32
819392,33
819392,34
819392,35
819392,36
819392,37
819392,38
819392,39
819392,40
819392,41
819392,42
819392,49
819392,50
819392,75
819392,76
819392,77
819591,26
819591,27
819591,28
819591,31
819591,32
819591,36
819591,37
819591,38
819591,39
819591,41
819591,42
819591,43
819591,44
819591,59
819591,69
819591,91
819591,92
819591,119
819591,120
819790,13
819790,19
819790,30
819790,31
819790,33
819790,36
819790,37
819790,38
819790,39
819790,43
819790,63
819790,72
819790,75
819790,76
819790,115
819790,116
819989,11
819989,14
819989,20
819989,21
819989,32
819989,33
819989,35
819989,71
820188,0
820188,47
820387,50
820586,12
820586,26
820586,27
820586,29
820586,31
820586,32
820586,34
820586,41
820586,43
820586,44
820586,100
820785,17
820785,31
820785,32
820785,35
820785,38
820785,41
820785,42
820785,50
820785,51
820785,56
820785,57
820785,67
820785,68
820984,6
820984,7
820984,12
820984,13
820984,14
820984,26
820984,28
820984,29
820984,30
820984,31
820984,32
820984,33
820984,34
820984,38
820984,39
820984,42
820984,43
820984,44
820984,54
820984,60
820984,61
821183,16
821183,27
821183,28
821183,29
821183,31
821183,32
821183,34
821183,35
821183,36
821183,39
821183,40
821183,41
821183,42
821183,43
821183,65
821183,66
821183,69
821382,28
821382,32
821382,33
821382,35
821382,36
821382,37
821382,38
821382,39
821382,40
821382,43
821382,50
821382,51
821581,6
821581,7
821581,12
821581,13
821581,16
821581,23
821581,24
821581,57
821581,58
821581,63
821581,64
821581,69
821581,74
821581,120
821581,121
821780,14
821780,19
821780,26
821780,65
821780,66
821979,9
821979,10
821979,38
821979,39
822178,1
822178,2
822178,26
822178,33
822178,34
822178,36
822178,37
822178,38
822178,39
822178,40
822178,42
822178,43
822178,44
822178,45
822178,46
822178,76
822178,77
822178,81
822178,82
822178,83
822178,91
822377,13
822377,16
822377,17
822377,18
822377,19
822377,20
822377,30
822377,31
822377,36
822377,37
822377,67
822377,68
822377,76
822377,77
822576,20
822576,21
822576,28
822576,29
822576,30
822576,31
822576,32
822576,33
822576,34
822576,35
822576,36
822576,37
822576,45
822576,64
822576,65
822576,68
822576,70
822576,71
822576,75
822576,76
822576,112
822775,12
822775,13
822775,14
822974,26
822974,27
822974,28
822974,29
822974,33
822974,34
822974,39
822974,40
822974,76
822974,77
822974,78
822974,80
823173,6
823173,26
823173,27
823173,31
823173,32
823173,33
823173,34
823173,35
823173,36
823173,37
823173,38
823173,39
823173,40
823173,41
823173,42
823173,43
823173,44
823173,46
823173,47
823173,48
823173,66
823372,32
823372,41
823372,42
823372,43
823372,44
823372,50
823372,51
823372,56
823372,57
823372,67
823372,68
823571,7
823571,8
823571,12
823571,13
823571,34
823571,38
823571,71
823770,4
823770,31
823770,32
823770,41
823770,42
823770,43
823770,44
823770,64
823770,111
823969,38
823969,39
823969,42
824168,6
824168,7
824168,11
824168,23
824168,24
824168,27
824168,31
824168,32
824168,33
824168,57
824168,58
824168,63
824168,64
824168,69
824168,70
824168,74
824367,7
824367,14
824367,15
824367,19
824367,26
824367,65
824367,66
824566,10
824566,11
824566,17
824566,30
824566,33
824566,34
824566,38
824566,39
824566,40
824566,41
824566,42
824566,43
824566,46
824566,81
824566,98
824566,99
824566,118
824765,9
824765,29
824765,30
824765,31
824765,32
824765,33
824765,36
824765,37
824765,38
824765,39
824765,42
824765,43
824765,53
824964,13
824964,19
824964,20
824964,30
824964,31
824964,32
824964,36
824964,37
824964,38
824964,76
824964,77
824964,78
825163,21
825163,22
825163,31
825163,32
825163,33
825362,0
825362,1
825362,30
825362,55
825561,10
825561,16
825561,34
825561,35
825561,37
825561,38
825561,39
825760,26
825760,27
825760,28
825760,32
825760,33
825760,39
825760,43
825760,44
825760,45
825760,72
825959,26
825959,27
825959,29
825959,30
825959,31
825959,32
825959,33
825959,35
825959,36
825959,37
825959,38
825959,41
825959,42
825959,51
825959,56
825959,57
825959,68
826158,4
826158,5
826158,12
826158,13
826158,31
826158,32
826158,33
826158,34
826158,37
826158,38
826158,39
826158,40
826357,4
826357,13
826357,31
826357,32
826357,33
826357,34
826357,35
826357,36
826357,37
826357,39
826357,40
826357,42
826357,43
826357,44
826357,45
826556,7
826556,30
826556,31
826556,32
826556,35
826556,36
826556,38
826556,39
826556,40
826556,41
826556,42
826556,43
826556,50
826556,60
826556,96
826556,105
826755,23
826755,24
826755,25
826755,26
826755,27
826755,28
826755,33
826755,34
826755,36
826755,37
826755,38
826755,39
826755,42
826755,52
826755,53
826755,54
826755,58
826755,63
826755,64
826755,65
826755,66
826755,67
826755,69
826755,70
826755,77
826755,78
826954,8
826954,9
826954,14
826954,15
826954,26
826954,28
826954,29
826954,33
826954,34
826954,35
826954,36
826954,41
826954,42
826954,43
826954,53
826954,55
826954,65
826954,66
826954,73
826954,83
827153,9
827153,10
827153,11
827153,12
827153,13
827153,14
827153,15
827153,29
827153,37
827153,38
827153,39
827153,40
827153,43
827153,44
827153,45
827153,46
827153,47
827153,50
827153,51
827153,55
827153,63
827153,95
827153,96
827153,118
827153,119
827352,10
827352,11
827352,44
827352,82
827352,83
827352,92
827352,103
827551,13
827551,19
827551,20
827551,31
827551,36
827551,37
827551,40
827551,55
827551,56
827551,61
827551,62
827551,76
827551,77
827551,93
827750,21
827750,22
827750,32
827750,33
827750,35
827750,36
827750,37
827750,40
827750,41
827750,42
827750,43
827750,44
827750,46
827750,47
827750,81
827949,8
827949,9
827949,10
827949,17
827949,18
827949,27
827949,28
827949,29
827949,30
827949,31
827949,32
827949,33
827949,34
827949,35
827949,36
827949,37
827949,38
827949,40
827949,41
827949,42
827949,43
827949,44
827949,57
827949,61
827949,125
828148,18
828148,26
828148,27
828148,28
828148,32
828148,33
828148,35
828148,37
828148,38
828148,39
828148,40
828347,2
828347,8
828347,26
828347,27
828347,28
828347,29
828347,30
828347,31
828347,32
828347,33
828347,34
828347,35
828347,36
828347,39
828347,40
828347,41
828347,42
828347,43
828347,44
828347,46
828347,47
828347,79
828347,80
828347,81
828546,29
828546,30
828546,31
828546,36
828546,44
828546,47
828546,51
828546,52
828546,56
828546,57
828546,60
828546,61
828546,62
828546,68
828546,69
828745,7
828745,8
828745,13
828745,14
828745,29
828745,30
828745,31
828745,33
828745,34
828745,35
828745,37
828745,38
828745,41
828745,43
828745,44
828745,45
828745,46
828944,4
828944,6
828944,28
828944,29
828944,30
828944,31
828944,32
828944,34
828944,35
828944,36
828944,37
828944,38
828944,39
828944,40
828944,41
828944,42
828944,43
828944,44
828944,111
828944,112
829143,26
829143,27
829143,29
829143,30
829143,31
829143,32
829143,33
829143,34
829143,35
829143,36
829143,37
829143,38
829143,39
829143,40
829143,41
829143,42
829143,43
829143,44
829143,47
829143,54
829143,60
829342,3
829342,7
829342,11
829342,24
829342,25
829342,27
829342,28
829342,29
829342,33
829342,43
829342,44
829342,45
829342,58
829342,63
829342,64
829342,69
829342,70
829541,14
829541,15
829541,18
829541,26
829541,31
829541,32
829541,33
829541,34
829541,35
829541,36
829541,38
829541,41
829541,44
829541,47
829541,65
829541,66
829740,7
829740,10
829740,11
829740,26
829740,27
829740,28
829740,29
829740,30
829740,31
829740,32
829740,33
829740,34
829740,35
829740,36
829740,37
829740,38
829740,39
829740,42
829740,46
829740,47
829740,51
829939,14
829939,15
829939,25
829939,28
829939,31
829939,32
829939,33
829939,34
829939,35
829939,36
829939,43
829939,73
829939,74
829939,92
829939,103
829939,104
830138,19
830138,20
830138,31
830138,32
830138,33
830138,34
830138,35
830138,36
830138,37
830138,38
830138,39
830138,40
830138,41
830138,76
830138,77
830337,21
830337,22
830337,25
830337,29
830337,30
830337,31
830337,32
830337,33
830337,34
830337,35
830337,36
830337,37
830337,40
830337,41
830337,42
830337,63
830337,64
830337,65
830337,69
830337,75
830337,80
830536,5
830536,11
830536,14
830536,15
830536,16
830536,35
830735,34
830735,35
830735,37
830735,38
830735,39
830735,40
830735,41
830735,45
830735,105
830934,12
830934,13
830934,26
830934,27
830934,32
830934,33
830934,34
830934,35
830934,36
830934,37
830934,40
830934,41
830934,42
830934,43
830934,44
830934,45
830934,46
830934,47
830934,73
830934,100
830934,101
831133,43
831133,51
831133,52
831133,57
831133,68
831133,69
831133,114
831332,6
831332,13
831332,14
831332,26
831332,62
831531,4
831531,6
831531,7
831531,12
831531,13
831531,14
831531,32
831531,33
831531,43
831531,44
831730,26
831730,39
831730,40
831730,78
831929,7
831929,8
831929,24
831929,25
831929,26
831929,33
831929,34
831929,35
831929,36
831929,37
831929,58
831929,64
831929,65
831929,69
831929,70
832128,14
832128,15
832128,26
832128,27
832128,28
832128,29
832128,33
832128,34
832128,35
832128,41
832128,65
832128,66
832128,80
832327,2
832327,10
832327,11
832327,39
832327,40
832526,38
832526,42
832526,43
832526,44
832526,45
832526,93
832725,20
832725,31
832725,32
832725,37
832725,38
832725,76
832725,77
832924,21
832924,22
832924,33
832924,34
832924,35
832924,36
832924,37
832924,38
832924,43
832924,53
833123,36
833322,17
833322,28
833322,29
833322,30
833322,31
833322,32
833322,33
833322,34
833322,35
833322,36
833322,37
833322,38
833322,39
833322,40
833322,41
833322,44
833322,45
833521,27
833521,32
833521,33
833521,34
833521,35
833521,36
833521,37
833521,40
833521,41
833521,42
833521,43
833521,44
833521,45
833521,72
833720,39
833720,42
833720,43
833720,44
833720,47
833720,51
833720,52
833720,57
833720,58
833720,61
833720,68
833720,69
833919,13
833919,14
833919,26
833919,27
833919,28
833919,29
833919,30
833919,31
833919,32
833919,35
833919,39
833919,40
833919,43
833919,44
833919,45
833919,61
833919,62
833919,67
833919,68
833919,80
834118,4
834118,11
834118,12
834118,13
834118,14
834118,30
834118,31
834118,32
834118,33
834118,37
834118,43
834118,44
834118,50
834118,74
834118,75
834118,77
834118,112
834317,9
834317,39
834317,40
834516,7
834516,8
834516,24
834516,25
834516,28
834516,29
834516,33
834516,37
834516,39
834516,43
834516,58
834516,64
834516,65
834516,70
834715,14
834715,15
834715,26
834715,27
834715,38
834715,39
834715,66
834715,67
834715,71
834715,72
834715,73
834914,1
834914,7
834914,8
834914,9
834914,10
834914,11
834914,27
834914,39
834914,40
834914,64
834914,65
835113,3
835113,15
835113,16
835113,17
835113,103
835113,104
835312,20
835312,21
835312,31
835312,32
835312,37
835312,38
835312,39
835312,77
835312,78
835511,21
835511,22
835511,24
835511,25
835511,33
835511,34
835710,26
835710,28
835710,31
835710,34
835710,36
835710,37
835710,39
835909,31
835909,32
835909,37
835909,38
835909,46
835909,47
835909,63
835909,64
836108,27
836108,28
836108,32
836108,33
836108,42
836108,43
836108,44
836108,45
836108,47
836108,72
836108,73
836307,25
836307,26
836307,27
836307,30
836307,36
836307,37
836307,51
836307,52
836307,57
836307,58
836307,68
836307,69
836506,13
836506,14
836506,29
836506,38
836506,60
836705,4
836705,5
836705,11
836705,32
836705,33
836705,43
836705,44
836904,25
836904,30
836904,31
836904,32
836904,33
836904,36
836904,37
836904,38
836904,39
836904,40
836904,41
836904,42
836904,43
836904,64
836904,65
836904,67
836904,81
836904,102
837103,7
837103,8
837103,24
837103,25
837103,27
837103,33
837103,58
837103,64
837103,65
837103,70
837103,71
837302,15
837302,16
837302,25
837302,26
837302,27
837302,28
837302,64
837302,65
837302,66
837302,67
837302,79
837302,80
837501,11
837501,12
837501,39
837501,40
837501,51
837899,20
837899,21
837899,31
837899,32
837899,37
837899,38
837899,65
837899,66
837899,68
837899,69
837899,77
837899,78
838098,22
838098,23
838098,29
838098,33
838098,34
838098,38
838297,28
838496,10
838496,11
838496,30
838496,32
838496,39
838496,40
838496,61
838496,62
838695,27
838695,28
838695,31
838695,32
838695,33
838695,34
838695,44
838695,45
838894,3
838894,25
838894,51
838894,52
838894,57
838894,58
838894,69
839093,13
839093,14
839093,34
839093,35
839093,38
839093,60
839292,4
839292,5
839292,29
839292,32
839292,33
839292,44
839292,45
839292,70
839292,71
839292,78
839292,79
839292,113
839491,2
839491,31
839491,38
839491,39
839491,40
839491,41
839491,106
839690,7
839690,8
839690,24
839690,25
839690,27
839690,28
839690,29
839690,30
839690,31
839690,32
839690,33
839690,34
839690,35
839690,38
839690,62
839690,64
839690,65
839690,66
839690,67
839690,70
839690,71
839690,88
839889,7
839889,8
839889,10
839889,15
839889,16
839889,26
839889,27
839889,29
839889,30
839889,31
839889,34
839889,40
839889,41
839889,42
839889,66
839889,67
839889,76
840088,11
840088,12
840088,30
840088,31
840088,33
840088,34
840088,35
840088,39
840088,40
840088,41
840088,42
840088,44
840088,47
840287,3
840287,105
840287,124
840486,20
840486,21
840486,25
840486,28
840486,31
840486,32
840486,33
840486,34
840486,35
840486,36
840486,37
840486,38
840486,39
840486,40
840486,77
840486,78
840486,94
840486,95
840685,22
840685,23
840685,31
840685,33
840685,34
840685,35
840685,36
840685,37
840685,38
840685,41
840685,42
840685,43
840685,44
840685,46
840685,47
840685,48
840685,59
840685,60
840685,61
840685,63
840685,90
840685,91
840884,9
840884,10
840884,32
840884,34
840884,35
840884,36
840884,37
840884,39
840884,40
840884,62
840884,67
841083,37
841083,38
841282,27
841282,28
841282,31
841282,33
841282,34
841282,44
841282,45
841481,25
841481,31
841481,32
841481,33
841481,34
841481,37
841481,38
841481,39
841481,42
841481,44
841481,52
841481,53
841481,57
841481,58
841481,69
841481,70
841680,14
841680,15
841680,30
841680,60
841879,4
841879,5
841879,18
841879,19
841879,31
841879,32
841879,33
841879,44
841879,45
842078,9
842078,13
842078,14
842078,26
842078,27
842078,28
842078,40
842078,41
842277,8
842277,25
842277,26
842277,64
842277,65
842277,70
842277,71
842476,15
842476,16
842476,26
842476,27
842476,31
842476,64
842476,66
842476,67
842675,11
842675,12
842675,40
842675,42
842675,81
842675,82
842874,32
842874,33
842874,34
842874,121
842874,122
843073,20
843073,21
843073,28
843073,29
843073,30
843073,31
843073,32
843073,33
843073,34
843073,35
843073,36
843073,37
843073,38
843073,73
843073,74
843073,77
843073,78
843272,22
843272,23
843272,33
843272,34
843272,42
843272,43
843272,46
843272,63
843272,65
843272,66
843272,90
843471,1
843471,2
843471,8
843471,10
843471,34
843471,37
843471,43
843471,44
843471,68
843471,69
843670,1
843670,33
843670,35
843670,36
843670,37
843670,38
843670,71
843869,27
843869,28
843869,29
843869,30
843869,31
843869,32
843869,33
843869,34
843869,35
843869,36
843869,37
843869,44
843869,45
843869,63
844068,2
844068,31
844068,32
844068,33
844068,34
844068,35
844068,36
844068,37
844068,38
844068,39
844068,40
844068,42
844068,43
844068,44
844068,52
844068,53
844068,58
844068,69
844068,70
844267,14
844267,15
844267,33
844267,34
844267,35
844267,36
844267,37
844267,38
844267,60
844267,62
844267,63
844267,64
844267,70
844267,71
844267,72
844466,4
844466,5
844466,7
844466,8
844466,33
844466,34
844466,40
844466,41
844466,42
844466,44
844466,45
844466,95
844665,9
844665,40
844665,41
844665,86
844665,87
844665,97
844665,98
844864,8
844864,9
844864,25
844864,26
844864,65
844864,66
844864,69
844864,70
844864,71
845063,13
845063,15
845063,16
845063,27
845063,28
845063,66
845063,67
845262,11
845262,12
845262,40
845461,9
845461,44
845461,45
845660,17
845660,21
845660,30
845660,31
845660,32
845660,33
845660,38
845660,77
845660,78
845660,81
845859,22
845859,23
845859,34
845859,35
845859,37
845859,38
845859,46
845859,63
846058,8
846058,29
846257,37
846257,38
846257,75
846456,28
846456,33
846456,34
846456,45
846655,2
846655,52
846655,53
846655,58
846655,59
846655,69
846655,70
846854,14
846854,15
846854,60
846854,62
846854,63
846854,79
847053,4
847053,5
847053,33
847053,34
847053,35
847053,36
847053,44
847053,45
847252,40
847252,41
847451,8
847451,9
847451,25
847451,26
847451,33
847451,34
847451,35
847451,37
847451,38
847451,39
847451,40
847451,41
847451,44
847451,53
847451,65
847451,66
847451,71
847650,15
847650,16
847650,27
847650,28
847650,34
847650,35
847650,36
847650,37
847650,58
847650,59
847650,67
847849,3
847849,11
847849,12
847849,36
847849,37
847849,38
847849,39
847849,40
847849,42
847849,60
847849,61
847849,67
847849,79
848048,63
848247,21
848247,22
848247,32
848247,33
848247,38
848247,39
848247,78
848247,79
848446,22
848446,23
848446,25
848446,26
848446,27
848446,31
848446,32
848446,33
848446,34
848446,35
848446,36
848446,37
848446,38
848446,39
848446,41
848446,42
848446,43
848446,44
848446,46
848446,63
848645,8
848844,34
848844,35
848844,36
848844,37
848844,38
849043,9
849043,10
849043,28
849043,29
849043,30
849043,33
849043,34
849043,45
849043,70
849242,2
849242,34
849242,35
849242,36
849242,37
849242,38
849242,39
849242,52
849242,53
849242,58
849242,59
849242,69
849242,70
849441,2
849441,14
849441,15
849441,40
849441,41
849441,42
849441,60
849441,61
849640,5
849640,6
849640,33
849640,34
849640,44
849640,45
849839,41
849839,60
849839,61
850038,8
850038,9
850038,25
850038,26
850038,28
850038,65
850038,66
850038,71
850038,72
850237,12
850237,16
850237,17
850237,27
850237,28
850237,57
850237,67
850237,68
850436,12
850436,13
850436,40
850635,32
850635,33
850635,34
850635,35
850635,38
850635,39
850635,40
850635,41
850635,93
850834,21
850834,22
850834,29
850834,30
850834,31
850834,32
850834,33
850834,38
850834,39
850834,65
850834,78
850834,79
851033,23
851033,24
851033,26
851033,33
851033,34
851033,35
851033,46
851033,63
851232,8
851232,32
851232,33
851232,34
851232,35
851232,36
851232,37
851232,38
851232,39
851232,40
851232,41
851232,60
851232,61
851232,62
851232,80
851431,37
851431,38
851431,39
851431,40
851431,41
851431,42
851431,45
851431,74
851431,75
851630,28
851630,29
851630,34
851630,35
851630,45
851630,60
851630,61
851829,2
851829,26
851829,52
851829,53
851829,58
851829,59
851829,69
851829,70
851829,71
852028,11
852028,14
852028,15
852028,16
852028,60
852028,61
852227,5
852227,6
852227,25
852227,33
852227,34
852227,45
852227,46
852227,50
852426,6
852426,26
852426,27
852426,41
852426,42
852426,79
852426,99
852625,8
852625,9
852625,12
852625,13
852625,25
852625,26
852625,65
852625,66
852625,71
852625,72
852824,16
852824,17
852824,27
852824,28
852824,30
852824,31
852824,32
852824,35
852824,36
852824,37
852824,38
852824,40
852824,67
852824,68
853023,12
853023,13
853023,40
853023,43
853222,10
853222,11
853222,12
853222,13
853222,16
853222,123
853421,18
853421,19
853421,21
853421,22
853421,32
853421,33
853421,38
853421,39
853421,78
853421,79
853620,23
853620,24
853620,34
853620,35
853620,46
853620,47
853620,48
853620,49
853620,63
853620,64
853620,76
853819,8
853819,10
853819,11
853819,55
853819,80
854018,1
854018,30
854018,31
854018,37
854018,38
854018,39
854018,40
854217,27
854217,28
854217,29
854217,30
854217,31
854217,32
854217,33
854217,34
854217,35
854217,36
854217,37
854217,38
854217,39
854217,42
854217,43
854217,45
854217,55
854416,2
854416,19
854416,32
854416,53
854416,54
854416,58
854416,59
854416,60
854416,62
854416,63
854416,64
854416,67
854416,68
854416,70
854416,71
854615,15
854615,16
854615,28
854615,31
854615,34
854615,35
854615,56
854615,57
854615,60
854615,61
854814,5
854814,6
854814,31
854814,32
854814,33
854814,34
854814,35
854814,36
854814,37
854814,38
854814,39
854814,40
854814,41
854814,42
854814,43
854814,44
854814,45
854814,46
854814,64
854814,65
855013,28
855013,37
855013,40
855013,41
855013,42
855013,44
855013,45
855212,9
855212,26
855212,27
855212,65
855212,66
855212,71
855212,72
855411,16
855411,17
855411,27
855411,28
855411,67
855411,68
855610,12
855610,13
855610,15
855610,16
855610,17
855610,97
855610,98
855809,28
855809,29
855809,30
855809,33
855809,34
856008,3
856008,7
856008,8
856008,9
856008,21
856008,22
856008,33
856008,38
856008,39
856008,78
856008,79
856008,95
856008,96
856207,15
856207,16
856207,23
856207,24
856207,34
856207,35
856207,42
856207,46
856207,47
856207,63
856207,64
856207,66
856207,67
856406,8
856406,9
856406,37
856406,38
856406,39
856406,62
856406,81
856605,11
856605,12
856605,28
856605,38
856605,39
856804,28
856804,29
856804,34
856804,35
856804,37
856804,38
856804,45
857003,2
857003,3
857003,17
857003,32
857003,33
857003,34
857003,35
857003,45
857003,53
857003,54
857003,59
857003,70
857003,71
857003,78
857202,15
857202,16
857202,60
857202,61
857202,90
857401,5
857401,6
857401,8
857401,9
857401,31
857401,32
857401,33
857401,34
857401,35
857401,36
857401,37
857401,38
857401,41
857401,42
857401,45
857401,46
857600,0
857600,1
857600,37
857600,41
857600,42
857799,9
857799,10
857799,14
857799,15
857799,16
857799,26
857799,27
857799,29
857799,66
857799,67
857799,71
857799,72
857998,12
857998,13
857998,16
857998,17
857998,28
857998,29
857998,67
857998,68
858197,12
858197,13
858197,31
858197,32
858197,33
858197,34
858197,35
858197,36
858197,37
858197,38
858197,40
858197,43
858197,44
858197,45
858197,52
858197,53
858396,23
858396,34
858396,35
858396,36
858396,38
858396,39
858396,40
858396,41
858396,44
858396,76
858595,22
858595,33
858595,39
858595,42
858595,78
858595,79
858794,23
858794,24
858794,35
858794,36
858794,46
858794,47
858794,63
858794,64
858993,8
858993,9
858993,10
858993,11
858993,38
858993,56
858993,57
859192,25
859192,28
859192,38
859192,39
859192,72
859391,29
859391,34
859391,35
859391,59
859391,60
859391,81
859391,82
859590,2
859590,3
859590,10
859590,11
859590,12
859590,53
859590,54
859590,59
859590,60
859590,70
859590,71
859590,79
859789,15
859789,16
859789,18
859789,58
859789,59
859789,60
859789,61
859789,63
859789,64
859988,5
859988,6
859988,33
859988,34
859988,35
859988,36
859988,37
859988,41
859988,42
859988,45
859988,46
859988,114
860187,3
860187,41
860187,42
860187,57
860187,72
860386,9
860386,10
860386,26
860386,27
860386,33
860386,34
860386,35
860386,66
860386,67
860386,72
860585,16
860585,17
860585,28
860585,29
860585,68
860784,12
860784,13
860784,40
860784,52
860784,53
860983,16
860983,17
860983,26
860983,27
860983,28
861182,22
861182,23
861182,31
861182,33
861182,36
861182,37
861182,38
861182,39
861182,40
861182,79
861182,118
861381,11
861381,23
861381,24
861381,35
861381,36
861381,40
861381,46
861381,47
861381,63
861381,64
861580,8
861580,9
861580,21
861580,28
861580,29
861580,30
861580,32
861580,33
861580,34
861580,35
861580,36
861580,37
861580,38
861580,39
861580,40
861580,41
861779,31
861779,32
861779,33
861779,34
861779,35
861779,36
861779,37
861779,38
861779,39
861779,63
861978,29
861978,30
861978,34
861978,35
861978,37
861978,38
861978,39
861978,42
861978,43
862177,2
862177,3
862177,53
862177,54
862177,59
862177,60
862177,70
862177,71
862177,82
862177,83
862376,15
862376,16
862376,43
862376,61
862376,62
862376,89
862376,90
862575,6
862575,7
862575,13
862575,14
862575,22
862575,34
862575,35
862575,45
862575,46
862575,97
862774,42
862774,87
862774,88
862774,90
862774,91
862774,98
862774,99
862973,9
862973,10
862973,26
862973,27
862973,33
862973,66
862973,67
862973,72
862973,73
862973,77
862973,82
863172,13
863172,17
863172,18
863172,24
863172,28
863172,29
863172,30
863172,68
863172,69
863371,13
863371,14
863371,80
863570,6
863769,1
863769,3
863769,22
863769,23
863769,27
863769,30
863769,31
863769,32
863769,33
863769,35
863769,36
863769,37
863769,38
863769,39
863769,40
863769,41
863769,42
863769,43
863769,44
863769,79
863968,24
863968,25
863968,35
863968,36
863968,46
863968,47
863968,64
864167,8
864167,9
864167,22
864167,23
864167,24
864366,28
864366,29
864366,30
864366,31
864366,32
864366,33
864366,34
864366,35
864366,36
864366,37
864366,38
864366,39
864366,40
864366,41
864366,42
864366,43
864366,59
864366,72
864366,73
864565,29
864565,30
864565,31
864565,32
864565,33
864565,34
864565,35
864565,36
864565,39
864565,42
864764,2
864764,3
864764,29
864764,30
864764,33
864764,35
864764,38
864764,53
864764,54
864764,59
864764,60
864764,71
864963,9
864963,15
864963,16
864963,29
864963,30
864963,31
864963,32
864963,33
864963,34
864963,35
864963,36
864963,37
864963,38
864963,39
864963,40
864963,41
864963,42
864963,43
864963,61
864963,62
865162,6
865162,7
865162,31
865162,32
865162,33
865162,34
865162,35
865162,36
865162,37
865162,42
865162,46
865162,47
865162,56
865162,115
865361,32
865361,33
865361,34
865361,35
865361,36
865361,37
865361,38
865361,39
865361,40
865361,41
865361,42
865560,2
865560,9
865560,10
865560,26
865560,27
865560,33
865560,40
865560,41
865560,42
865560,66
865560,67
865560,72
865560,73
865759,17
865759,18
865759,25
865759,26
865759,28
865759,29
865759,31
865759,32
865759,33
865759,37
865759,68
865759,69
865759,71
865759,72
865958,13
865958,14
865958,25
865958,43
865958,44
865958,52
865958,53
865958,54
866356,1
866356,22
866356,23
866356,32
866356,33
866356,35
866356,37
866356,38
866356,39
866356,40
866356,41
866356,42
866555,9
866555,24
866555,25
866555,27
866555,28
866555,35
866555,36
866555,47
866555,48
866555,49
866555,50
866555,64
866555,65
866754,9
866754,11
866754,12
866754,16
866754,28
866754,30
866754,40
866754,54
866754,55
866754,76
866953,24
866953,28
866953,39
866953,40
866953,107
867152,26
867152,28
867152,29
867152,30
867152,35
867152,36
867152,39
867351,3
867351,15
867351,29
867351,30
867351,40
867351,44
867351,54
867351,55
867351,59
867351,60
867351,68
867351,69
867351,71
867351,72
867550,14
867550,15
867550,16
867550,17
867550,29
867550,40
867550,41
867550,43
867550,57
867550,61
867550,62
867749,6
867749,7
867749,28
867749,31
867749,32
867749,33
867749,34
867749,35
867749,37
867749,38
867749,39
867749,42
867749,46
867749,47
867948,32
867948,33
867948,34
867948,35
867948,38
867948,42
867948,67
867948,68
868147,10
868147,27
868147,28
868147,31
868147,33
868147,34
868147,35
868147,36
868147,37
868147,66
868147,67
868147,72
868147,73
868346,17
868346,18
868346,28
868346,29
868346,68
868346,69
868545,10
868545,13
868545,14
868545,72
868545,73
868744,2
868744,30
868744,31
868744,34
868744,35
868744,36
868744,37
868744,123
868943,22
868943,23
868943,36
868943,37
868943,38
868943,39
868943,40
868943,41
868943,43
868943,44
868943,68
868943,69
868943,71
868943,79
868943,97
869142,24
869142,25
869142,35
869142,36
869142,47
869142,48
869142,64
869142,65
869142,67
869142,68
869142,76
869341,6
869341,9
869341,10
869341,29
869540,28
869540,29
869540,39
869540,40
869540,78
869739,29
869739,30
869739,35
869739,36
869739,38
869739,39
869938,3
869938,4
869938,28
869938,54
869938,55
869938,60
869938,71
869938,72
869938,85
870137,12
870137,16
870137,17
870137,19
870137,24
870137,25
870137,30
870137,35
870137,41
870137,61
870137,62
870336,6
870336,7
870336,9
870336,10
870336,32
870336,33
870336,34
870336,35
870336,36
870336,46
870336,47
870336,52
870336,53
870336,76
870336,79
870535,29
870535,33
870535,34
870535,35
870535,38
870535,42
870734,10
870734,11
870734,19
870734,27
870734,28
870734,33
870734,36
870734,37
870734,40
870734,41
870734,42
870734,43
870734,67
870734,72
870734,73
870933,17
870933,18
870933,28
870933,29
870933,30
870933,31
870933,32
870933,33
870933,36
870933,37
870933,38
870933,39
870933,43
870933,44
870933,45
870933,55
870933,68
870933,69
871132,13
871132,14
871331,24
871331,34
871331,35
871331,79
871331,96
871331,106
871331,107
871530,2
871530,3
871530,7
871530,22
871530,23
871530,36
871530,37
871530,38
871530,39
871530,40
871530,41
871530,42
871530,43
871530,44
871530,47
871530,69
871530,79
871729,3
871729,24
871729,25
871729,27
871729,28
871729,29
871729,32
871729,33
871729,34
871729,35
871729,36
871729,37
871729,38
871729,39
871729,40
871729,47
871729,48
871729,60
871729,64
871729,65
871729,69
871928,1
871928,7
871928,9
871928,10
871928,36
871928,38
871928,39
871928,40
871928,41
871928,42
871928,98
872127,28
872127,29
872127,31
872127,32
872127,33
872127,35
872127,36
872127,37
872127,38
872127,39
872127,40
872127,41
872127,42
872127,73
872127,74
872326,30
872326,31
872326,32
872326,33
872326,34
872326,35
872326,36
872326,37
872326,38
872326,39
872326,40
872326,43
872326,44
872326,75
872326,76
872326,81
872525,3
872525,4
872525,28
872525,29
872525,30
872525,33
872525,39
872525,40
872525,41
872525,42
872525,45
872525,54
872525,55
872525,60
872525,61
872525,71
872525,72
872525,106
872724,16
872724,17
872724,37
872724,39
872724,40
872724,41
872724,42
872724,43
872724,44
872724,46
872724,62
872724,64
872724,65
872724,77
872923,6
872923,7
872923,25
872923,35
872923,36
872923,40
872923,46
872923,47
872923,115
873122,13
873122,36
873122,39
873122,40
873122,41
873122,42
873122,44
873122,68
873122,69
873122,70
873122,88
873321,10
873321,11
873321,24
873321,25
873321,26
873321,27
873321,28
873321,29
873321,31
873321,32
873321,33
873321,34
873321,35
873321,36
873321,41
873321,67
873321,73
873520,9
873520,17
873520,18
873520,25
873520,26
873520,29
873520,30
873520,36
873520,37
873520,65
873520,66
873520,69
873719,13
873719,14
873719,15
873719,27
873719,28
873719,33
873719,35
873719,36
873719,37
873719,38
873719,39
873719,40
873918,26
873918,35
873918,36
873918,37
873918,40
873918,41
873918,42
873918,46
873918,47
873918,95
873918,96
873918,109
874117,23
874117,24
874117,32
874117,33
874117,36
874117,37
874117,38
874117,39
874117,40
874117,41
874117,42
874117,43
874117,44
874117,50
874117,69
874117,79
874316,24
874316,25
874316,36
874316,37
874316,39
874316,40
874316,41
874316,47
874316,48
874316,64
874316,65
874515,9
874515,10
874515,28
874515,29
874515,30
874515,31
874714,27
874714,28
874714,29
874714,30
874714,31
874714,32
874714,33
874714,34
874714,39
874714,40
874714,44
874714,54
874714,55
874714,56
874913,30
874913,31
874913,32
874913,35
874913,36
875112,3
875112,4
875112,28
875112,29
875112,30
875112,31
875112,32
875112,33
875112,36
875112,40
875112,41
875112,42
875112,46
875112,47
875112,54
875112,55
875112,60
875112,61
875112,67
875112,71
875112,72
875112,119
875311,16
875311,17
875311,59
875311,62
875311,63
875311,64
875311,65
875311,66
875311,82
875311,90
875311,91
875510,7
875510,8
875510,32
875510,33
875510,34
875510,35
875510,36
875510,46
875510,47
875510,53
875709,13
875709,30
875709,33
875709,34
875709,35
875709,36
875709,37
875709,38
875709,39
875709,40
875709,41
875709,42
875709,44
875709,45
875908,10
875908,11
875908,25
875908,27
875908,28
875908,31
875908,32
875908,33
875908,34
875908,35
875908,36
875908,37
875908,38
875908,67
875908,69
875908,70
875908,73
875908,74
875908,75
876107,18
876107,19
876107,29
876107,30
876107,42
876107,43
876107,56
876107,65
876107,66
876107,69
876107,70
876107,71
876107,72
876306,5
876306,14
876306,15
876306,27
876306,28
876306,29
876306,30
876306,31
876306,33
876306,34
876306,35
876306,44
876306,53
876306,54
876306,64
876306,65
876306,66
876505,40
876505,41
876505,46
876505,47
876505,79
876505,80
876704,12
876704,23
876704,24
876704,40
876704,41
876704,71
876903,25
876903,27
876903,28
876903,29
876903,36
876903,37
876903,47
876903,48
876903,64
876903,65
876903,75
877102,2
877102,7
877102,8
877102,9
877102,10
877102,28
877102,34
877102,37
877102,39
877301,15
877301,16
877301,26
877301,27
877301,28
877301,29
877301,30
877301,31
877301,37
877301,38
877301,39
877301,40
877301,42
877301,43
877301,68
877301,69
877301,70
877301,108
877301,109
877500,30
877500,31
877500,32
877500,33
877500,34
877500,35
877500,36
877500,37
877500,38
877500,39
877500,40
877500,43
877500,44
877500,45
877500,88
877699,3
877699,4
877699,21
877699,25
877699,29
877699,30
877699,31
877699,33
877699,34
877699,35
877699,36
877699,39
877699,54
877699,55
877699,59
877699,60
877699,61
877699,62
877699,63
877699,67
877699,72
877699,75
877699,76
877898,14
877898,16
877898,17
877898,45
877898,62
877898,63
878097,7
878097,8
878097,35
878097,36
878097,37
878097,47
878097,48
878097,71
878097,72
878097,77
878296,30
878296,33
878296,36
878296,74
878296,75
878495,10
878495,11
878495,20
878495,21
878495,27
878495,28
878495,33
878495,34
878495,61
878495,67
878495,73
878495,74
878495,91
878694,18
878694,19
878694,29
878694,30
878694,32
878694,33
878694,69
878694,70
878694,71
878893,14
878893,15
878893,34
878893,35
878893,36
879092,29
879092,30
879092,31
879092,32
879092,35
879092,66
879092,69
879291,12
879291,23
879291,24
879291,31
879291,32
879291,33
879291,34
879291,40
879291,41
879291,61
879291,66
879291,67
879291,80
879291,81
879490,25
879490,34
879490,35
879490,36
879490,37
879490,38
879490,39
879490,40
879490,41
879490,48
879490,49
879490,50
879490,51
879490,65
879490,66
879689,10
879689,12
879689,13
879888,19
879888,21
879888,22
879888,28
879888,29
879888,38
879888,39
879888,40
879888,41
880087,10
880087,11
880087,12
880087,30
880087,31
880087,36
880087,37
880286,3
880286,4
880286,55
880286,56
880286,57
880286,60
880286,61
880286,67
880286,69
880286,70
880286,72
880286,73
880286,106
880286,117
880286,118
880485,17
880485,18
880485,36
880485,62
880485,63
880684,7
880684,8
880684,28
880684,35
880684,36
880684,47
880684,48
880684,53
880883,26
880883,33
880883,34
880883,100
880883,101
881082,1
881082,11
881082,28
881082,29
881082,31
881082,32
881082,33
881082,34
881082,35
881082,36
881082,37
881082,38
881082,41
881082,56
881082,57
881082,58
881082,67
881082,73
881082,74
881082,75
881082,76
881082,91
881281,18
881281,19
881281,29
881281,30
881281,31
881281,34
881281,38
881281,39
881281,40
881281,43
881281,44
881281,55
881281,56
881281,57
881281,69
881281,70
881480,2
881480,14
881480,15
881480,30
881480,34
881480,39
881679,36
881878,23
881878,24
881878,28
881878,31
881878,32
881878,33
881878,34
881878,35
881878,36
881878,37
881878,38
881878,39
881878,40
881878,41
881878,42
881878,43
881878,44
881878,45
881878,65
881878,66
881878,67
881878,69
881878,70
882077,25
882077,36
882077,37
882077,39
882077,40
882077,41
882077,44
882077,48
882077,49
882077,65
882077,66
882077,68
882077,69
882077,80
882276,10
882276,11
882276,26
882276,29
882276,34
882276,36
882276,37
882276,40
882276,41
882276,42
882276,57
882276,58
882276,60
882276,63
882276,64
882276,65
882475,28
882475,29
882475,30
882475,31
882475,32
882475,33
882475,34
882475,35
882475,36
882475,37
882475,38
882475,39
882475,40
882475,41
882475,44
882475,75
882475,76
882674,29
882674,30
882674,31
882674,35
882674,36
882674,37
882674,39
882674,40
882674,41
882873,4
882873,5
882873,21
882873,22
882873,31
882873,34
882873,35
882873,36
882873,37
882873,40
882873,41
882873,42
882873,55
882873,56
882873,57
882873,61
882873,67
882873,70
882873,72
882873,73
882873,106
882873,107
882873,117
883072,17
883072,18
883072,30
883072,31
883072,32
883072,33
883072,37
883072,38
883072,39
883072,42
883072,43
883072,44
883072,61
883072,62
883072,63
883072,70
883072,71
883271,7
883271,8
883271,10
883271,11
883271,12
883271,16
883271,17
883271,18
883271,32
883271,33
883271,34
883271,35
883271,36
883271,37
883271,40
883271,43
883271,47
883271,48
883271,79
883271,80
883271,95
883271,96
883470,22
883470,30
883470,31
883470,39
883470,41
883470,42
883470,62
883470,63
883470,64
883470,68
883470,69
883669,7
883669,11
883669,12
883669,13
883669,14
883669,19
883669,20
883669,28
883669,29
883669,30
883669,31
883669,34
883669,35
883669,36
883669,37
883669,38
883669,41
883669,42
883669,56
883669,57
883669,60
883669,61
883669,62
883669,73
883669,74
883868,9
883868,10
883868,11
883868,14
883868,18
883868,19
883868,28
883868,29
883868,30
883868,34
883868,37
883868,38
883868,39
883868,40
883868,43
883868,44
883868,69
883868,70
883868,74
884067,8
884067,11
884067,12
884067,13
884067,14
884067,15
884067,16
884067,17
884067,18
884067,19
884067,30
884067,34
884067,35
884067,39
884266,13
884266,14
884266,15
884266,31
884266,32
884266,36
884266,38
884266,39
884266,41
884465,24
884465,28
884465,34
884465,37
884465,40
884465,41
884465,42
884465,43
884465,44
884664,25
884664,28
884664,29
884664,30
884664,31
884664,33
884664,34
884664,35
884664,36
884664,37
884664,39
884664,40
884664,41
884664,48
884664,49
884664,65
884664,66
884664,67
884863,10
884863,11
884863,17
884863,26
884863,29
884863,30
884863,31
884863,32
884863,35
884863,36
884863,37
884863,40
884863,41
884863,42
884863,80
884863,81
885062,26
885062,27
885062,28
885062,29
885062,30
885062,31
885062,33
885062,36
885062,38
885062,40
885062,41
885062,42
885062,82
885062,83
885261,6
885261,27
885261,28
885261,29
885261,30
885261,31
885261,33
885261,34
885261,35
885261,36
885261,37
885261,38
885261,40
885261,41
885261,44
885261,45
885261,75
885460,4
885460,5
885460,22
885460,29
885460,34
885460,37
885460,41
885460,42
885460,55
885460,56
885460,61
885460,62
885460,67
885460,72
885460,73
885659,8
885659,9
885659,17
885659,18
885659,21
885659,30
885659,31
885659,32
885659,33
885659,38
885659,39
885659,63
885659,65
885659,66
885659,70
885659,71
885858,7
885858,8
885858,12
885858,15
885858,29
885858,34
885858,36
885858,37
885858,38
885858,39
885858,40
885858,41
885858,43
885858,44
885858,47
885858,48
885858,52
886057,19
886057,40
886057,41
886057,69
886256,11
886256,12
886256,28
886256,29
886256,30
886256,31
886256,32
886256,33
886256,34
886256,35
886256,36
886256,37
886256,38
886256,41
886256,42
886256,43
886256,44
886256,74
886256,76
886455,18
886455,19
886455,29
886455,30
886455,31
886455,32
886455,33
886455,34
886455,37
886455,39
886455,43
886455,44
886455,60
886455,61
886455,62
886455,70
886654,14
886654,15
886654,31
886654,34
886654,40
886654,41
886654,42
886654,75
886654,76
886654,77
886853,32
886853,36
886853,37
886853,38
886853,41
886853,42
887052,2
887052,24
887052,25
887052,32
887052,34
887052,37
887052,39
887052,40
887052,41
887052,42
887052,43
887052,44
887052,69
887052,76
887052,77
887052,81
887052,82
887052,83
887251,13
887251,25
887251,35
887251,36
887251,37
887251,39
887251,40
887251,41
887251,48
887251,49
887251,65
887251,66
887450,10
887450,11
887450,32
887450,35
887450,36
887450,37
887450,38
887450,41
887450,42
887450,66
887450,71
887450,72
887649,25
887649,28
887649,29
887649,30
887649,34
887649,35
887649,36
887649,37
887649,38
887649,39
887649,40
887649,41
887649,42
887848,16
887848,17
887848,30
887848,31
887848,33
887848,34
887848,35
887848,36
887848,37
887848,38
887848,39
887848,40
887848,41
887848,45
887848,75
888047,4
888047,5
888047,22
888047,33
888047,37
888047,38
888047,39
888047,40
888047,41
888047,42
888047,55
888047,56
888047,61
888047,62
888047,67
888047,68
888047,72
888047,73
888246,17
888246,18
888246,31
888246,32
888246,33
888246,36
888246,37
888246,38
888246,39
888246,42
888246,60
888246,63
888246,64
888246,83
888445,8
888445,9
888445,36
888445,37
888445,40
888445,47
888445,48
888644,29
888644,35
888843,11
888843,12
888843,28
888843,29
888843,34
888843,35
888843,36
888843,42
888843,65
888843,66
888843,67
888843,74
888843,75
889042,13
889042,19
889042,20
889042,26
889042,28
889042,29
889042,30
889042,31
889042,32
889042,34
889042,38
889042,39
889042,40
889042,43
889042,44
889042,46
889042,52
889042,53
889042,70
889042,71
889042,80
889241,8
889241,11
889241,12
889241,13
889241,14
889241,15
889241,23
889241,36
889241,55
889440,21
889440,33
889440,36
889440,37
889440,38
889440,41
889440,110
889639,1
889639,24
889639,25
889639,28
889639,31
889639,32
889639,33
889639,34
889639,37
889639,38
889639,39
889639,40
889639,41
889639,42
889639,70
889838,1
889838,28
889838,29
889838,30
889838,33
889838,36
889838,37
889838,39
889838,40
889838,41
889838,42
889838,45
889838,48
889838,49
889838,65
889838,66
890037,5
890037,10
890037,11
890037,24
890037,25
890037,26
890037,28
890037,29
890037,30
890037,31
890037,32
890037,35
890037,36
890037,37
890037,38
890037,42
890037,43
890037,57
890236,26
890236,27
890236,28
890236,29
890236,30
890236,32
890236,41
890236,43
890236,44
890435,30
890435,31
890435,33
890435,34
890435,35
890435,36
890435,37
890435,38
890435,39
890435,40
890435,41
890435,44
890435,76
890634,4
890634,5
890634,12
890634,22
890634,30
890634,32
890634,37
890634,52
890634,55
890634,56
890634,61
890634,62
890634,67
890634,68
890634,73
890833,15
890833,17
890833,18
890833,30
890833,31
890833,32
890833,33
890833,34
890833,36
890833,37
890833,43
890833,44
890833,58
890833,59
890833,62
890833,63
890833,64
890833,91
891032,8
891032,9
891032,10
891032,11
891032,30
891032,33
891032,34
891032,35
891032,36
891032,37
891032,38
891032,39
891032,48
891231,12
891231,30
891231,40
891231,41
891231,42
891231,90
891430,11
891430,12
891430,28
891430,29
891430,32
891430,33
891430,34
891430,35
891430,74
891430,75
891629,19
891629,20
891629,28
891629,29
891629,30
891629,31
891629,33
891629,34
891629,38
891629,39
891629,40
891629,55
891629,70
891629,71
891629,80
891828,15
891828,34
891828,35
891828,36
891828,37
891828,40
891828,41
891828,42
892027,39
892027,41
892027,44
892027,47
892027,108
892027,109
892226,24
892226,25
892226,26
892226,27
892226,28
892226,29
892226,31
892226,32
892226,33
892226,34
892226,35
892226,37
892226,38
892226,39
892226,41
892226,42
892226,43
892226,44
892226,45
892226,46
892226,49
892226,76
892226,77
892425,33
892425,34
892425,35
892425,36
892425,37
892425,39
892425,40
892425,41
892425,42
892425,49
892425,50
892425,51
892425,52
892425,59
892425,62
892425,66
892425,67
892624,5
892624,6
892624,11
892624,13
892624,14
892624,30
892624,31
892624,32
892624,33
892624,34
892624,35
892624,36
892624,37
892624,38
892624,39
892624,40
892624,41
892624,42
892624,43
892624,44
892624,72
892823,4
892823,29
892823,30
892823,34
892823,37
892823,38
892823,39
892823,40
892823,41
892823,42
892823,43
893022,31
893022,33
893022,34
893022,37
893022,38
893022,77
893221,4
893221,5
893221,22
893221,29
893221,30
893221,31
893221,32
893221,35
893221,36
893221,37
893221,38
893221,41
893221,42
893221,43
893221,56
893221,57
893221,61
893221,62
893221,67
893221,68
893221,70
893221,71
893221,73
893221,74
893221,108
893221,118
893420,18
893420,19
893420,28
893420,31
893420,34
893420,36
893420,37
893420,38
893420,39
893420,40
893420,42
893420,43
893420,62
893420,63
893420,64
893420,65
893420,66
893420,68
893420,69
893619,8
893619,9
893619,30
893619,36
893619,37
893619,38
893619,39
893619,40
893619,41
893619,48
893619,51
893619,52
893619,53
893619,54
893619,67
893619,77
893619,78
893619,116
893818,25
893818,26
893818,89
893818,90
894017,12
894017,25
894017,26
894017,27
894017,29
894017,30
894017,31
894017,32
894017,34
894017,35
894017,36
894017,37
894017,38
894017,39
894017,42
894017,43
894017,44
894017,45
894017,74
894017,75
894017,76
894017,77
894017,81
894017,82
894017,83
894017,92
894216,15
894216,19
894216,20
894216,27
894216,28
894216,29
894216,30
894216,31
894216,33
894216,52
894216,53
894216,70
894216,71
894415,15
894415,28
894415,29
894415,30
894415,31
894415,32
894415,33
894415,34
894415,35
894415,55
894415,75
894614,21
894614,26
894614,27
894614,32
894614,33
894614,36
894614,37
894614,38
894614,39
894614,42
894614,43
894614,44
894614,47
894813,15
894813,16
894813,17
894813,24
894813,25
894813,26
894813,27
894813,28
894813,29
894813,31
894813,32
894813,33
894813,34
894813,35
894813,38
894813,39
894813,40
894813,41
894813,42
894813,43
894813,55
894813,70
894813,71
894813,99
895012,28
895012,29
895012,30
895012,31
895012,32
895012,33
895012,34
895012,35
895012,36
895012,37
895012,39
895012,40
895012,47
895012,49
895012,50
895012,66
895012,67
895012,69
895012,70
895012,77
895211,5
895211,6
895211,11
895211,12
895211,27
895211,28
895211,29
895211,30
895211,31
895211,32
895211,33
895211,34
895211,35
895211,37
895211,38
895211,39
895211,41
895211,42
895211,43
895211,44
895211,58
895211,59
895211,70
895410,26
895410,27
895410,28
895410,29
895410,30
895410,31
895410,34
895410,35
895410,36
895410,38
895410,39
895410,40
895410,41
895410,42
895410,43
895410,44
895410,45
895410,46
895609,25
895609,28
895609,29
895609,30
895609,31
895609,34
895609,35
895609,36
895609,37
895609,38
895609,39
895609,40
895609,41
895609,42
895609,45
895609,58
895609,95
895609,97
895609,98
895808,5
895808,6
895808,8
895808,22
895808,23
895808,25
895808,26
895808,29
895808,31
895808,32
895808,33
895808,35
895808,36
895808,38
895808,41
895808,42
895808,43
895808,44
895808,48
895808,56
895808,57
895808,62
895808,67
895808,68
895808,73
895808,74
896007,18
896007,19
896007,25
896007,32
896007,33
896007,34
896007,37
896007,38
896007,39
896007,40
896007,41
896007,42
896007,63
896007,64
896206,8
896206,9
896206,11
896206,12
896206,28
896206,37
896206,38
896206,40
896206,44
896206,45
896206,47
896206,48
896206,63
896206,96
896206,97
896405,26
896405,28
896405,30
896405,31
896405,32
896405,35
896405,36
896405,37
896405,41
896405,42
896405,43
896405,46
896405,90
896405,91
896604,12
896604,13
896604,20
896604,21
896604,28
896604,29
896604,30
896604,31
896604,32
896604,33
896604,34
896604,35
896604,36
896604,37
896604,38
896604,39
896604,43
896604,56
896604,57
896604,58
896604,74
896604,75
896604,91
896803,16
896803,17
896803,19
896803,20
896803,28
896803,29
896803,30
896803,31
896803,34
896803,35
896803,38
896803,39
896803,40
896803,41
896803,44
896803,45
896803,46
896803,47
896803,58
896803,70
896803,71
896803,73
896803,74
897002,15
897002,68
897201,66
897201,67
897400,25
897400,29
897400,31
897400,32
897400,33
897400,34
897400,35
897400,38
897400,41
897400,42
897400,44
897400,45
897400,46
897400,99
897400,125
897599,2
897599,28
897599,29
897599,30
897599,31
897599,35
897599,49
897599,50
897599,56
897599,66
897599,67
897798,11
897798,12
897798,15
897798,37
897798,41
897798,42
897798,43
897798,44
897798,47
897997,26
897997,27
897997,28
897997,29
897997,30
897997,31
897997,32
897997,33
897997,34
897997,35
897997,37
897997,38
897997,39
897997,40
897997,41
897997,42
897997,43
897997,44
897997,45
898196,7
898196,8
898196,28
898196,29
898196,37
898196,38
898196,50
898196,61
898196,72
898196,73
898395,5
898395,6
898395,22
898395,23
898395,31
898395,37
898395,38
898395,41
898395,47
898395,56
898395,57
898395,62
898395,63
898395,67
898395,68
898395,73
898395,74
898594,18
898594,19
898594,27
898594,28
898594,29
898594,31
898594,34
898594,37
898594,38
898594,39
898594,40
898594,43
898594,44
898594,45
898594,64
898594,66
898594,67
898793,8
898793,9
898793,12
898793,30
898793,33
898793,34
898793,35
898793,36
898793,37
898793,38
898793,40
898793,41
898793,42
898793,44
898793,45
898793,48
898992,12
898992,13
898992,14
898992,28
898992,30
898992,42
898992,43
899191,12
899191,13
899191,19
899191,25
899191,26
899191,29
899191,30
899191,31
899191,32
899191,33
899191,34
899191,35
899191,36
899191,37
899191,38
899191,39
899191,42
899191,43
899191,48
899191,74
899191,75
899191,122
899390,19
899390,20
899390,31
899390,32
899390,38
899390,39
899390,40
899390,41
899390,44
899390,45
899390,46
899390,47
899390,62
899390,63
899390,64
899390,71
899589,9
899589,13
899589,15
899589,17
899589,18
899589,25
899589,26
899589,28
899589,29
899589,30
899589,31
899589,32
899589,33
899589,34
899589,35
899589,36
899589,37
899589,38
899589,39
899589,40
899589,41
899589,42
899589,52
899589,55
899589,80
899788,27
899788,28
899788,29
899788,30
899788,31
899788,32
899788,33
899788,37
899788,42
899788,43
899788,44
899788,45
899788,63
899788,64
899788,65
899788,108
899788,109
899987,15
899987,16
899987,25
899987,26
899987,27
899987,28
899987,29
899987,31
899987,32
899987,33
899987,34
899987,35
899987,41
899987,42
899987,43
899987,70
899987,71
899987,72
900186,31
900186,47
900186,48
900186,49
900186,50
900186,56
900186,66
900186,67
900385,1
900385,11
900385,12
900385,25
900385,26
900385,27
900385,31
900385,32
900385,33
900385,34
900385,36
900385,37
900385,38
900385,39
900385,42
900385,61
900385,64
900584,9
900584,30
900584,31
900584,32
900584,33
900584,34
900584,35
900584,38
900584,39
900584,40
900584,41
900584,42
900584,43
900584,44
900584,77
900584,78
900584,111
900783,30
900783,31
900783,34
900783,35
900783,36
900783,37
900783,38
900783,39
900783,40
900783,41
900783,42
900783,45
900783,58
900783,59
900982,5
900982,6
900982,8
900982,10
900982,22
900982,23
900982,25
900982,33
900982,35
900982,37
900982,38
900982,41
900982,43
900982,56
900982,57
900982,62
900982,63
900982,68
900982,69
900982,73
900982,74
901181,11
901181,14
901181,15
901181,17
901181,18
901181,19
901181,28
901181,29
901181,30
901181,33
901181,34
901181,36
901181,37
901181,38
901181,39
901181,40
901181,43
901181,44
901181,45
901181,59
901181,60
901181,61
901181,64
901181,65
901380,9
901380,10
901380,12
901380,27
901380,28
901380,29
901380,30
901380,31
901380,32
901380,33
901380,34
901380,35
901380,37
901380,38
901380,39
901380,40
901380,41
901380,42
901380,45
901380,47
901380,48
901380,68
901380,69
901380,79
901380,80
901380,117
901579,26
901579,31
901579,32
901579,35
901579,36
901579,37
901579,38
901579,41
901579,42
901579,43
901579,44
901579,93
901778,10
901778,11
901778,12
901778,13
901778,15
901778,16
901778,19
901778,25
901778,26
901778,29
901778,30
901778,33
901778,34
901778,35
901778,36
901778,38
901778,43
901778,44
901778,45
901778,74
901778,75
901778,76
901778,79
901778,80
901778,81
901977,20
901977,21
901977,31
901977,32
901977,34
901977,35
901977,36
901977,39
901977,40
901977,41
901977,43
901977,45
901977,47
901977,71
901977,78
901977,79
902176,7
902176,13
902176,14
902176,15
902176,18
902176,20
902176,30
902176,31
902176,59
902176,60
902375,25
902375,30
902375,31
902375,32
902375,33
902375,34
902375,37
902375,38
902375,39
902375,42
902375,43
902375,44
902375,45
902375,73
902375,74
902375,75
902375,108
902375,109
902574,24
902574,25
902574,26
902574,31
902574,33
902574,34
902574,35
902574,38
902574,39
902574,40
902574,41
902574,42
902574,43
902574,44
902574,46
902574,47
902574,70
902574,71
902574,73
902574,74
902574,82
902574,100
902773,25
902773,26
902773,29
902773,30
902773,31
902773,32
902773,35
902773,40
902773,41
902773,42
902773,43
902773,46
902773,47
902773,49
902773,50
902773,56
902773,66
902773,67
902972,11
902972,12
902972,13
902972,25
902972,26
902972,27
902972,28
902972,30
902972,31
902972,32
902972,33
902972,36
902972,37
902972,38
902972,39
902972,40
902972,41
902972,42
902972,43
902972,44
903171,15
903171,26
903171,28
903171,29
903171,30
903171,31
903171,32
903171,33
903171,34
903171,35
903171,36
903171,38
903171,39
903171,40
903171,41
903171,42
903171,44
903171,45
903171,63
903171,110
903171,111
903370,34
903370,35
903370,36
903370,37
903370,38
903370,39
903370,40
903370,42
903370,50
903370,88
903370,89
903370,90
903569,5
903569,6
903569,9
903569,14
903569,22
903569,23
903569,26
903569,27
903569,31
903569,32
903569,33
903569,36
903569,37
903569,38
903569,42
903569,43
903569,44
903569,56
903569,57
903569,58
903569,59
903569,60
903569,62
903569,63
903569,64
903569,65
903569,68
903569,69
903569,70
903569,71
903569,74
903768,11
903768,14
903768,16
903768,18
903768,19
903768,33
903768,34
903768,37
903768,38
903768,39
903768,40
903768,43
903768,56
903768,57
903768,64
903768,65
903967,9
903967,10
903967,25
903967,28
903967,29
903967,30
903967,31
903967,33
903967,34
903967,36
903967,37
903967,38
903967,39
903967,40
903967,41
903967,42
903967,45
903967,65
904166,30
904166,37
904166,38
904166,42
904166,47
904166,68
904166,69
904166,70
904365,12
904365,13
904365,19
904365,29
904365,30
904365,35
904365,36
904365,37
904365,38
904365,39
904365,40
904365,43
904365,44
904365,45
904365,75
904365,76
904564,20
904564,21
904564,27
904564,31
904564,32
904564,34
904564,35
904564,39
904564,44
904564,45
904564,47
904564,58
904564,64
904564,71
904564,89
904564,103
904564,104
904763,13
904763,14
904763,29
904763,30
904763,31
904763,32
904763,38
904763,39
904763,40
904763,41
904763,42
904763,43
904763,46
904763,47
904763,78
904763,80
904962,4
904962,5
904962,25
904962,26
904962,27
904962,28
904962,29
904962,30
904962,31
904962,32
904962,33
904962,34
904962,42
904962,45
904962,60
904962,61
904962,99
904962,100
904962,109
905161,16
905161,25
905161,26
905161,31
905161,32
905161,33
905161,34
905161,35
905161,38
905161,40
905161,42
905161,43
905161,71
905161,74
905360,29
905360,30
905360,31
905360,32
905360,34
905360,35
905360,36
905360,40
905360,41
905360,42
905360,43
905360,46
905360,50
905360,51
905360,52
905360,53
905360,56
905360,59
905360,60
905360,67
905360,68
905559,2
905559,9
905559,12
905559,14
905559,15
905559,27
905559,28
905559,29
905559,30
905559,31
905559,32
905559,33
905559,36
905559,37
905559,38
905559,39
905559,40
905559,41
905559,43
905559,44
905559,45
905559,48
905559,67
905758,12
905758,17
905758,28
905758,29
905758,30
905758,31
905758,32
905758,33
905758,34
905758,42
905758,43
905758,79
905957,28
905957,29
905957,30
905957,31
905957,34
905957,35
905957,36
905957,37
905957,38
905957,39
905957,40
905957,47
906156,5
906156,6
906156,23
906156,26
906156,27
906156,31
906156,32
906156,33
906156,37
906156,39
906156,44
906156,57
906156,58
906156,62
906156,63
906156,68
906156,69
906156,71
906156,72
906156,74
906156,77
906156,78
906156,79
906355,12
906355,14
906355,19
906355,28
906355,32
906355,35
906355,38
906355,39
906355,40
906355,43
906355,44
906355,46
906355,60
906355,64
906355,65
906355,119
906554,9
906554,10
906554,28
906554,29
906554,30
906554,31
906554,32
906554,33
906554,34
906554,35
906554,36
906554,37
906554,38
906554,41
906554,42
906554,46
906554,55
906554,117
906554,118
906753,31
906753,32
906753,33
906753,35
906753,36
906753,37
906753,38
906753,41
906753,44
906952,9
906952,13
906952,19
906952,26
906952,27
906952,30
906952,31
906952,32
906952,34
906952,35
906952,36
906952,37
906952,39
906952,40
906952,43
906952,44
906952,45
906952,46
906952,75
906952,76
907151,17
907151,20
907151,21
907151,31
907151,32
907151,33
907151,34
907151,35
907151,36
907151,39
907151,40
907151,42
907151,45
907151,46
907151,48
907151,53
907151,54
907151,55
907151,60
907151,71
907350,26
907350,29
907350,30
907350,35
907350,36
907350,37
907350,38
907350,39
907350,40
907350,41
907350,42
907350,43
907350,47
907350,54
907549,35
907549,37
907549,38
907549,40
907549,44
907549,56
907549,57
907549,58
907549,73
907549,74
907549,77
907549,110
907748,25
907748,26
907748,31
907748,32
907748,42
907748,43
907748,58
907748,62
907947,29
907947,30
907947,31
907947,32
907947,35
907947,36
907947,38
907947,41
907947,42
907947,43
907947,50
907947,51
907947,56
907947,67
907947,68
907947,70
907947,71
907947,80
907947,81
908146,12
908146,13
908146,33
908146,34
908146,36
908146,37
908146,38
908146,39
908146,41
908146,42
908146,43
908146,44
908146,45
908146,48
908146,94
908146,95
908146,96
908345,28
908345,29
908345,30
908345,31
908345,32
908345,34
908345,35
908345,38
908345,39
908345,40
908345,41
908345,42
908345,43
908345,44
908345,46
908345,47
908345,108
908345,109
908345,110
908345,111
908544,29
908544,30
908544,31
908544,34
908544,35
908544,38
908544,39
908544,41
908544,42
908544,43
908544,46
908544,84
908743,6
908743,7
908743,23
908743,24
908743,27
908743,31
908743,32
908743,33
908743,34
908743,36
908743,38
908743,39
908743,42
908743,44
908743,57
908743,58
908743,63
908743,68
908743,69
908743,70
908743,74
908942,14
908942,19
908942,26
908942,28
908942,32
908942,33
908942,34
908942,39
908942,40
908942,41
908942,43
908942,44
908942,45
908942,46
908942,64
908942,65
908942,78
908942,79
909141,9
909141,10
909141,12
909141,13
909141,14
909141,20
909141,28
909141,30
909141,31
909141,34
909141,35
909141,36
909141,37
909141,38
909141,39
909141,40
909141,41
909141,42
909141,45
909141,46
909141,47
909141,48
909141,59
909141,60
909141,61
909141,70
909141,71
909141,76
909141,77
909141,79
909340,10
909340,26
909340,27
909340,30
909340,33
909340,36
909340,37
909340,42
909340,43
909340,73
909340,75
909539,13
909539,19
909539,21
909539,22
909539,30
909539,31
909539,35
909539,36
909539,66
909539,75
909539,76
909738,20
909738,21
909738,25
909738,28
909738,29
909738,30
909738,31
909738,32
909738,33
909738,35
909738,70
909738,71
909738,76
909937,22
909937,26
909937,27
909937,28
909937,29
909937,30
909937,31
909937,32
909937,33
909937,35
909937,36
909937,37
909937,38
909937,39
909937,40
909937,41
909937,42
909937,43
909937,44
909937,83
909937,89
910136,28
910136,31
910136,32
910136,33
910136,34
910136,39
910136,40
910136,43
910136,44
910136,45
910136,56
910335,25
910335,26
910335,31
910335,32
910335,33
910335,34
910335,35
910335,36
910335,39
910335,42
910335,43
910335,44
910335,45
910335,71
910335,90
910335,99
910335,100
910534,2
910534,3
910534,29
910534,30
910534,35
910534,36
910534,37
910534,38
910534,42
910534,48
910534,50
910534,51
910534,56
910534,57
910534,60
910534,67
910534,68
910733,12
910733,13
910733,28
910733,31
910733,32
910733,33
910733,34
910733,35
910733,45
910932,22
910932,23
910932,30
910932,31
910932,32
910932,34
910932,35
910932,37
910932,38
910932,39
910932,40
910932,41
910932,42
910932,43
910932,45
910932,47
910932,62
910932,63
910932,64
910932,110
910932,111
911131,25
911131,26
911131,29
911131,31
911131,32
911131,34
911131,35
911131,36
911131,37
911131,38
911131,39
911131,40
911131,43
911131,69
911131,70
911131,74
911131,75
911131,95
911131,97
911330,3
911330,6
911330,7
911330,23
911330,24
911330,28
911330,33
911330,42
911330,57
911330,58
911330,63
911330,64
911330,68
911330,69
911330,74
911529,14
911529,15
911529,17
911529,18
911529,19
911529,26
911529,28
911529,29
911529,32
911529,33
911529,34
911529,40
911529,41
911529,42
911529,44
911529,64
911529,65
911529,67
911529,68
911728,9
911728,10
911728,30
911728,31
911728,34
911728,36
911728,37
911728,38
911728,39
911728,40
911728,41
911728,42
911728,43
911728,45
911728,46
911728,47
911728,119
911927,25
911927,26
911927,27
911927,30
911927,31
911927,32
911927,36
911927,39
911927,42
911927,43
911927,44
911927,59
911927,60
911927,61
911927,81
911927,92
912126,7
912126,11
912126,12
912126,13
912126,19
912126,20
912126,26
912126,27
912126,28
912126,29
912126,30
912126,31
912126,32
912126,33
912126,34
912126,35
912126,36
912126,37
912126,38
912126,39
912126,75
912126,76
912126,93
912325,13
912325,20
912325,21
912325,25
912325,30
912325,31
912325,32
912325,33
912325,34
912325,35
912325,36
912325,39
912325,40
912325,41
912325,42
912325,45
912325,46
912325,47
912325,48
912325,60
912325,61
912325,62
912325,80
912524,26
912524,27
912524,29
912524,30
912524,31
912524,32
912524,33
912524,35
912524,36
912524,37
912524,39
912524,40
912524,42
912524,43
912524,54
912723,27
912723,28
912723,29
912723,32
912723,33
912723,34
912922,24
912922,26
912922,27
912922,31
912922,32
912922,33
912922,34
912922,35
912922,39
912922,41
912922,42
912922,43
912922,44
912922,45
912922,100
912922,101
913121,29
913121,31
913121,32
913121,35
913121,38
913121,50
913121,51
913121,56
913121,57
913121,67
913121,68
913121,79
913121,81
913320,9
913320,12
913320,13
913320,35
913320,37
913320,38
913320,40
913320,53
913320,54
913320,55
913320,64
913320,65
913320,66
913519,31
913519,32
913519,33
913519,34
913519,35
913519,36
913519,42
913519,43
913519,111
913718,9
913718,21
913718,22
913718,38
913718,39
913718,63
913718,64
913917,3
913917,4
913917,6
913917,7
913917,23
913917,24
913917,31
913917,32
913917,33
913917,36
913917,39
913917,42
913917,55
913917,57
913917,58
913917,63
913917,64
913917,69
913917,70
913917,74
914116,14
914116,19
914116,26
914116,28
914116,29
914116,30
914116,33
914116,34
914116,36
914116,45
914116,46
914116,57
914116,58
914116,61
914116,62
914116,65
914116,66
914315,10
914315,11
914315,29
914315,30
914315,31
914315,34
914315,35
914315,38
914315,39
914315,40
914315,41
914315,42
914315,43
914315,57
914315,58
914315,59
914315,64
914315,65
914514,31
914514,32
914514,33
914514,34
914514,35
914514,36
914514,37
914514,38
914514,39
914514,42
914514,66
914514,67
914514,76
914713,13
914713,19
914713,20
914713,30
914713,31
914713,36
914713,37
914713,38
914713,39
914713,40
914713,68
914713,76
914713,77
914912,21
914912,22
914912,32
914912,33
914912,40
915111,16
915111,20
915111,31
915111,32
915111,55
915111,57
915111,71
915310,15
915310,29
915310,34
915310,43
915310,44
915310,70
915310,71
915509,26
915509,27
915509,32
915509,40
915509,43
915509,44
915509,45
915708,24
915708,25
915708,26
915708,31
915708,34
915708,35
915708,36
915708,41
915708,43
915708,50
915708,51
915708,56
915708,57
915708,67
915708,68
915907,9
915907,12
915907,13
915907,14
915907,15
915907,32
915907,38
915907,40
915907,45
915907,79
915907,80
916106,4
916106,31
916106,32
916106,35
916106,36
916106,43
916106,45
916106,46
916106,49
916106,67
916106,73
916106,74
916106,78
916305,29
916305,30
916305,31
916305,32
916305,35
916305,36
916305,37
916305,38
916305,39
916305,40
916305,41
916305,43
916305,50
916305,53
916305,84
916504,6
916504,7
916504,23
916504,24
916504,28
916504,32
916504,34
916504,37
916504,38
916504,39
916504,42
916504,43
916504,44
916504,45
916504,55
916504,57
916504,58
916504,60
916504,61
916504,62
916504,63
916504,64
916504,69
916504,70
916703,6
916703,14
916703,15
916703,17
916703,19
916703,26
916703,27
916703,28
916703,29
916703,35
916703,44
916703,65
916703,66
916902,10
916902,11
916902,32
916902,34
916902,35
916902,36
916902,37
916902,38
916902,39
916902,40
916902,42
916902,46
916902,47
916902,48
916902,49
917101,65
917101,66
917300,11
917300,13
917300,19
917300,20
917300,30
917300,31
917300,32
917300,33
917300,34
917300,36
917300,37
917300,38
917300,41
917300,76
917300,77
917499,21
917499,22
917499,28
917499,29
917499,32
917499,33
917499,34
917499,35
917499,36
917499,40
917499,61
917499,62
917698,54
917897,28
917897,29
917897,32
917897,33
917897,34
917897,35
917897,37
917897,38
917897,39
917897,57
917897,60
917897,61
917897,62
917897,63
918096,14
918096,19
918096,26
918096,27
918096,28
918096,31
918096,32
918096,33
918096,34
918096,35
918096,36
918096,37
918096,39
918096,40
918096,41
918096,42
918096,43
918096,44
918096,45
918096,79
918295,30
918295,31
918295,32
918295,41
918295,42
918295,44
918295,51
918295,52
918295,53
918295,54
918295,56
918295,57
918295,68
918295,69
918494,13
918494,15
918494,16
918494,31
918494,61
918494,66
918693,1
918693,2
918693,4
918693,13
918693,31
918693,32
918693,34
918693,36
918693,41
918693,43
918693,44
918892,30
918892,31
918892,32
918892,38
918892,39
918892,40
918892,41
918892,46
918892,61
918892,62
918892,63
919091,6
919091,7
919091,16
919091,17
919091,24
919091,31
919091,32
919091,58
919091,63
919091,64
919091,69
919091,70
919091,72
919091,73
919290,14
919290,15
919290,26
919290,27
919290,28
919290,29
919290,61
919290,62
919290,65
919290,66
919290,67
919290,68
919489,10
919489,11
919489,19
919489,25
919489,38
919489,39
919489,42
919489,43
919688,4
919688,25
919688,27
919688,28
919688,31
919688,32
919688,34
919688,36
919688,37
919688,38
919688,39
919688,91
919688,92
919688,104
919887,7
919887,19
919887,20
919887,31
919887,32
919887,36
919887,37
919887,59
919887,76
919887,77
920086,21
920086,22
920086,26
920086,29
920086,30
920086,31
920086,32
920086,33
920086,36
920086,37
920086,40
920086,41
920086,42
920086,43
920086,46
920086,47
920285,0
920285,1
920285,8
920285,9
920285,30
920285,31
920285,32
920285,36
920285,40
920285,41
920285,42
920285,43
920285,44
920285,45
920285,47
920484,32
920484,33
920484,34
920484,35
920484,37
920484,38
920484,39
920484,41
920683,26
920683,27
920683,29
920683,30
920683,31
920683,32
920683,33
920683,34
920683,35
920683,36
920683,37
920683,40
920683,41
920683,42
920683,43
920683,44
920683,46
920683,47
920683,72
920683,73
920683,100
920683,101
920882,2
920882,36
920882,38
920882,39
920882,41
920882,42
920882,43
920882,44
920882,51
920882,52
920882,56
920882,57
920882,68
920882,69
920882,70
920882,71
920882,72
920882,78
921081,7
921081,13
921081,14
921081,27
921081,32
921081,37
921081,38
921081,39
921081,40
921081,41
921081,42
921081,45
921081,52
921081,53
921280,4
921280,32
921280,33
921280,34
921280,35
921280,36
921280,38
921280,39
921280,40
921280,41
921280,42
921280,43
921280,44
921280,45
921280,46
921280,47
921280,111
921479,30
921479,31
921479,32
921479,35
921479,36
921479,37
921479,38
921479,39
921479,40
921479,42
921479,44
921479,53
921479,64
921479,65
921479,85
921479,97
921678,7
921678,8
921678,12
921678,24
921678,25
921678,28
921678,31
921678,33
921678,34
921678,37
921678,38
921678,39
921678,40
921678,43
921678,44
921678,45
921678,58
921678,64
921678,69
921678,70
921877,1
921877,14
921877,15
921877,26
921877,28
921877,34
921877,36
921877,37
921877,54
921877,65
921877,66
921877,74
921877,75
921877,76
922076,10
922076,11
922076,13
922076,14
922076,39
922076,40
922076,63
922076,64
922076,68
922076,69
922076,70
922275,10
922275,11
922275,42
922275,45
922275,72
922275,73
922474,19
922474,20
922474,22
922474,23
922474,31
922474,32
922474,36
922474,37
922474,76
922474,77
922673,9
922673,14
922673,21
922673,22
922673,24
922673,25
922673,26
922673,29
922673,33
922673,36
922673,37
922673,52
922872,25
922872,26
922872,27
922872,28
922872,35
922872,40
922872,43
922872,79
923071,27
923071,28
923071,29
923071,32
923071,33
923071,34
923071,35
923071,37
923071,38
923270,26
923270,27
923270,32
923270,33
923270,44
923469,3
923469,15
923469,32
923469,33
923469,51
923469,52
923469,57
923469,58
923469,63
923469,64
923469,68
923469,69
923668,10
923668,13
923668,14
923668,15
923668,16
923668,43
923867,4
923867,28
923867,29
923867,30
923867,32
923867,33
923867,34
923867,35
923867,41
923867,42
923867,43
923867,44
923867,58
923867,59
923867,63
923867,64
923867,65
923867,69
923867,70
923867,111
924066,11
924066,32
924066,33
924066,35
924066,36
924066,37
924066,38
924066,39
924066,40
924066,41
924066,42
924066,66
924066,67
924066,68
924265,4
924265,7
924265,8
924265,13
924265,24
924265,25
924265,26
924265,28
924265,29
924265,32
924265,33
924265,34
924265,43
924265,45
924265,46
924265,58
924265,64
924265,65
924265,69
924265,70
924464,14
924464,15
924464,26
924464,27
924464,28
924464,29
924464,30
924464,34
924464,35
924464,36
924464,40
924464,41
924464,42
924464,62
924464,63
924464,66
924464,68
924464,69
924663,10
924663,11
924663,32
924663,35
924663,36
924663,39
924663,40
924663,64
924862,28
924862,31
924862,32
924862,33
924862,34
924862,35
924862,36
924862,37
924862,56
924862,57
924862,60
924862,61
925061,20
925061,21
925061,31
925061,32
925061,33
925061,34
925061,35
925061,36
925061,37
925061,38
925061,39
925061,40
925061,41
925061,59
925061,72
925061,73
925061,74
925061,76
925061,77
925260,21
925260,22
925260,33
925260,34
925260,40
925260,41
925260,42
925260,43
925260,52
925260,53
925260,66
925459,68
925658,29
925658,33
925658,34
925658,35
925658,37
925658,39
925658,40
925658,41
925658,44
925658,45
925857,13
925857,14
925857,27
925857,28
925857,32
925857,33
925857,44
925857,45
925857,59
925857,61
925857,62
925857,63
925857,71
926056,25
926056,26
926056,32
926056,39
926056,51
926056,52
926056,57
926056,58
926056,68
926056,69
926056,76
926056,77
926255,13
926255,14
926255,26
926255,43
926255,44
926255,45
926255,60
926255,75
926255,88
926454,4
926454,32
926454,33
926454,43
926454,44
926454,58
926454,59
926454,62
926454,63
926454,64
926454,77
926454,78
926454,79
926653,30
926653,35
926653,36
926653,37
926653,38
926653,39
926653,40
926653,41
926653,43
926653,44
926653,91
926852,7
926852,8
926852,10
926852,11
926852,24
926852,25
926852,26
926852,27
926852,28
926852,29
926852,32
926852,33
926852,34
926852,37
926852,40
926852,58
926852,64
926852,65
926852,67
926852,68
926852,70
926852,71
926852,72
926852,73
926852,74
926852,124
927051,2
927051,14
927051,15
927051,26
927051,27
927051,28
927051,29
927051,30
927051,31
927051,33
927051,34
927051,35
927051,36
927051,37
927051,38
927051,39
927051,40
927051,41
927051,42
927051,45
927051,46
927051,47
927051,66
927051,67
927051,86
927051,92
927051,93
927250,11
927250,12
927250,25
927250,26
927250,27
927250,28
927250,29
927250,30
927250,31
927250,32
927250,38
927250,39
927250,40
927250,50
927250,51
927250,61
927449,11
927449,29
927449,30
927449,34
927449,37
927449,38
927449,39
927449,40
927449,43
927449,77
927449,78
927449,82
927449,83
927449,84
927449,92
927449,93
927449,95
927449,96
927648,7
927648,10
927648,20
927648,21
927648,29
927648,31
927648,32
927648,33
927648,37
927648,38
927648,58
927648,59
927648,77
927648,78
927847,9
927847,12
927847,15
927847,22
927847,23
927847,29
927847,30
927847,31
927847,32
927847,33
927847,34
927847,35
927847,37
927847,41
927847,42
927847,43
927847,72
927847,73
927847,74
928046,32
928046,33
928046,34
928046,38
928046,39
928046,42
928046,43
928046,44
928046,45
928245,4
928245,28
928245,29
928245,30
928245,33
928245,34
928245,35
928245,36
928245,37
928245,38
928245,39
928245,40
928245,41
928245,44
928245,45
928245,68
928444,1
928444,27
928444,28
928444,29
928444,30
928444,31
928444,32
928444,33
928444,34
928444,36
928444,37
928444,41
928444,42
928444,43
928444,44
928444,45
928444,47
928444,63
928444,64
928444,84
928643,25
928643,28
928643,32
928643,33
928643,36
928643,39
928643,42
928643,43
928643,51
928643,52
928643,57
928643,58
928643,62
928643,68
928643,69
928842,13
928842,14
928842,15
928842,35
928842,38
928842,40
928842,41
928842,45
928842,60
929041,4
929041,5
929041,29
929041,32
929041,33
929041,35
929041,44
929041,45
929041,46
929041,47
929240,40
929240,41
929240,72
929240,73
929240,85
929240,86
929439,7
929439,8
929439,24
929439,25
929439,34
929439,39
929439,58
929439,64
929439,65
929439,70
929439,71
929439,80
929439,109
929638,15
929638,16
929638,18
929638,26
929638,27
929638,39
929638,40
929638,45
929638,46
929638,47
929638,66
929638,67
929837,2
929837,11
929837,12
929837,27
929837,30
929837,39
929837,40
929837,81
930036,3
930036,33
930036,38
930036,39
930036,40
930235,8
930235,20
930235,21
930235,31
930235,32
930235,37
930235,38
930235,53
930235,59
930235,77
930235,78
930235,79
930434,22
930434,23
930434,33
930434,34
930434,36
930434,37
930434,44
930434,58
930434,59
930434,60
930434,70
930434,90
930434,91
930633,43
930633,44
930633,73
930633,74
930633,77
930832,2
930832,13
930832,37
930832,38
930832,57
931031,7
931031,10
931031,25
931031,26
931031,27
931031,28
931031,29
931031,31
931031,32
931031,33
931031,34
931031,35
931031,36
931031,37
931031,40
931031,41
931031,42
931031,44
931031,45
931031,46
931031,69
931031,73
931230,26
931230,32
931230,33
931230,34
931230,35
931230,36
931230,40
931230,42
931230,43
931230,52
931230,53
931230,54
931230,55
931230,57
931230,58
931230,65
931230,66
931230,69
931230,70
931429,14
931429,16
931429,17
931429,29
931429,30
931429,32
931429,33
931429,34
931429,35
931429,38
931429,39
931429,40
931429,41
931429,42
931429,43
931429,44
931429,45
931429,46
931429,47
931429,60
931429,62
931429,63
931429,64
931628,4
931628,5
931628,9
931628,23
931628,29
931628,30
931628,31
931628,32
931628,33
931628,39
931628,40
931628,41
931628,43
931628,44
931628,45
931628,46
931628,47
931827,30
931827,31
931827,32
931827,33
931827,36
931827,37
931827,40
931827,41
931827,42
931827,59
931827,61
932026,7
932026,8
932026,16
932026,22
932026,25
932026,32
932026,33
932026,34
932026,35
932026,38
932026,39
932026,46
932026,64
932026,65
932026,70
932026,71
932026,73
932026,74
932225,12
932225,15
932225,16
932225,26
932225,27
932225,34
932225,37
932225,40
932225,41
932225,42
932225,43
932225,66
932225,67
932424,11
932424,12
932424,39
932424,40
932424,51
932623,15
932623,26
932623,61
932623,62
932822,20
932822,21
932822,28
932822,29
932822,31
932822,32
932822,33
932822,35
932822,36
932822,37
932822,38
932822,39
932822,40
932822,41
932822,42
932822,62
932822,63
932822,72
932822,76
932822,77
932822,78
933021,22
933021,23
933021,30
933021,31
933021,33
933021,34
933021,36
933021,41
933021,44
933021,46
933021,63
933220,8
933220,79
933220,80
933419,10
933419,11
933419,13
933419,15
933419,36
933419,37
933419,38
933419,41
933618,27
933618,28
933618,33
933618,34
933618,44
933618,45
933817,2
933817,27
933817,28
933817,38
933817,52
933817,53
933817,57
933817,58
933817,69
933817,70
933817,72
933817,73
934016,5
934016,6
934016,14
934016,15
934016,32
934016,33
934016,34
934016,35
934016,38
934016,39
934016,41
934016,60
934215,4
934215,5
934215,6
934215,14
934215,33
934215,44
934215,45
934215,64
934414,10
934414,14
934414,16
934414,40
934414,41
934414,77
934613,8
934613,9
934613,17
934613,25
934613,26
934613,32
934613,33
934613,34
934613,39
934613,40
934613,41
934613,55
934613,65
934613,70
934613,71
934812,15
934812,16
934812,27
934812,66
934812,67
935011,11
935011,12
935011,14
935011,15
935011,40
935011,54
935011,55
935210,29
935210,33
935210,121
935409,20
935409,21
935409,23
935409,24
935409,32
935409,33
935409,34
935409,35
935409,37
935409,38
935409,39
935409,40
935409,41
935409,59
935409,62
935409,77
935409,78
935608,22
935608,23
935608,31
935608,32
935608,33
935608,34
935608,35
935608,36
935608,37
935608,38
935608,41
935608,42
935608,43
935608,44
935608,46
935608,63
935608,75
935608,76
935807,3
935807,8
935807,38
935807,39
935807,40
935807,41
935807,42
935807,43
935807,44
935807,45
935807,63
936006,6
936006,7
936006,37
936006,38
936006,46
936205,27
936205,28
936205,33
936205,34
936205,41
936205,44
936205,45
936404,2
936404,4
936404,16
936404,17
936404,31
936404,52
936404,53
936404,58
936404,59
936404,69
936404,70
936603,10
936603,12
936603,14
936603,15
936603,16
936603,51
936603,52
936603,60
936603,69
936603,70
936802,4
936802,5
936802,18
936802,19
936802,20
936802,25
936802,26
936802,33
936802,34
936802,40
936802,44
936802,45
936802,112
936802,113
937001,27
937001,28
937001,34
937001,40
937001,41
937001,48
937001,52
937001,53
937001,63
937001,97
937200,4
937200,6
937200,8
937200,9
937200,10
937200,25
937200,26
937200,35
937200,57
937200,65
937200,66
937200,70
937200,71
937399,7
937399,9
937399,15
937399,16
937399,27
937399,28
937399,37
937399,63
937399,64
937399,65
937399,66
937399,67
937399,69
937399,70
937598,11
937598,12
937598,15
937598,40
937797,9
937797,27
937797,46
937996,21
937996,22
937996,32
937996,33
937996,34
937996,35
937996,36
937996,37
937996,38
937996,39
937996,40
937996,41
937996,45
937996,70
937996,77
937996,78
938195,22
938195,23
938195,34
938195,35
938195,46
938195,63
938394,8
938394,29
938394,32
938394,33
938394,34
938394,35
938394,44
938593,37
938593,38
938593,53
938792,28
938792,29
938792,33
938792,34
938792,45
938792,61
938991,2
938991,22
938991,31
938991,32
938991,33
938991,34
938991,37
938991,38
938991,39
938991,40
938991,43
938991,44
938991,52
938991,53
938991,55
938991,58
938991,59
938991,69
938991,70
939190,14
939190,15
939190,34
939190,35
939190,36
939190,39
939190,40
939190,41
939190,60
939190,61
939389,5
939389,33
939389,34
939389,40
939389,41
939389,42
939389,43
939389,44
939389,45
939389,80
939588,28
939588,34
939588,38
939588,40
939588,41
939588,43
939787,8
939787,9
939787,25
939787,26
939787,65
939787,66
939787,71
939787,72
939986,16
939986,27
939986,28
939986,44
939986,45
939986,67
939986,68
939986,80
939986,81
940185,12
940185,13
940185,19
940185,31
940185,32
940185,40
940185,59
940185,60
940384,27
940384,28
940384,29
940384,44
940384,45
940384,75
940384,76
940384,77
940583,2
940583,21
940583,22
940583,32
940583,33
940583,38
940583,39
940583,78
940583,79
940583,95
940583,96
940782,23
940782,24
940782,34
940782,35
940782,38
940782,39
940782,46
940782,63
940981,5
940981,6
940981,8
940981,10
940981,17
940981,18
940981,40
940981,66
941180,6
941180,16
941180,17
941180,18
941180,19
941180,29
941180,30
941180,37
941180,38
941180,40
941379,20
941379,21
941379,25
941379,28
941379,29
941379,31
941379,34
941379,45
941578,1
941578,2
941578,11
941578,37
941578,51
941578,52
941578,53
941578,58
941578,59
941578,60
941578,61
941578,65
941578,66
941578,67
941578,69
941578,70
941777,5
941777,12
941777,14
941777,15
941777,28
941777,35
941777,36
941777,37
941777,38
941777,40
941777,41
941777,42
941777,43
941777,44
941777,45
941777,60
941777,61
941777,74
941777,75
941777,76
941976,5
941976,6
941976,33
941976,34
941976,45
941976,47
941976,48
941976,58
941976,59
941976,60
941976,61
942175,28
942175,31
942175,32
942175,33
942175,34
942175,37
942175,38
942175,39
942175,40
942175,41
942175,42
942175,43
942175,44
942175,71
942374,8
942374,9
942374,25
942374,26
942374,29
942374,30
942374,33
942374,34
942374,35
942374,36
942374,37
942374,38
942374,39
942374,40
942374,41
942374,44
942374,45
942374,65
942374,66
942374,71
942374,72
942374,81
942573,16
942573,17
942573,19
942573,27
942573,28
942573,35
942573,36
942573,37
942573,38
942573,67
942573,68
942772,12
942772,13
942772,31
942772,33
942772,36
942772,37
942772,38
942772,39
942772,40
942772,42
942772,43
942971,33
942971,34
942971,35
942971,37
942971,38
942971,39
942971,40
942971,46
943170,14
943170,21
943170,22
943170,25
943170,26
943170,32
943170,33
943170,34
943170,38
943170,39
943170,40
943170,42
943170,43
943170,46
943170,66
943170,67
943170,78
943170,79
943170,80
943170,95
943170,96
943369,23
943369,24
943369,34
943369,35
943369,37
943369,46
943369,63
943568,8
943568,31
943568,32
943568,33
943568,34
943568,35
943568,38
943568,41
943767,38
943767,39
943767,40
943767,41
943966,28
943966,29
943966,30
943966,31
943966,32
943966,33
943966,34
943966,35
943966,36
943966,37
943966,38
943966,41
943966,42
943966,43
943966,44
943966,45
943966,65
943966,66
944165,2
944165,33
944165,34
944165,37
944165,38
944165,39
944165,40
944165,44
944165,53
944165,54
944165,55
944165,56
944165,58
944165,59
944165,70
944165,71
944165,116
944364,15
944364,17
944364,18
944364,34
944364,39
944364,43
944364,60
944364,61
944364,62
944364,63
944364,64
944364,65
944563,5
944563,6
944563,26
944563,30
944563,31
944563,32
944563,33
944563,34
944563,36
944563,38
944563,41
944563,42
944563,44
944563,45
944563,46
944563,47
944563,50
944563,79
944563,102
944762,37
944762,41
944762,42
944762,61
944762,62
944762,63
944762,68
944961,8
944961,9
944961,26
944961,29
944961,36
944961,65
944961,66
944961,71
944961,72
944961,74
944961,75
944961,81
945160,13
945160,15
945160,16
945160,17
945160,27
945160,28
945160,30
945160,38
945160,58
945160,67
945160,68
945359,12
945359,13
945359,27
945359,28
945359,40
945558,80
945558,81
945757,21
945757,22
945757,29
945757,30
945757,31
945757,32
945757,33
945757,34
945757,36
945757,37
945757,38
945757,39
945757,40
945757,41
945757,42
945757,43
945757,47
945757,78
945757,79
945956,23
945956,24
945956,28
945956,33
945956,34
945956,35
945956,36
945956,39
945956,42
945956,43
945956,44
945956,45
945956,46
945956,47
945956,52
945956,61
945956,62
945956,63
945956,64
945956,83
946155,3
946155,8
946155,9
946155,27
946155,32
946155,33
946155,34
946155,35
946155,36
946155,37
946155,38
946155,39
946155,40
946155,41
946155,44
946155,79
946354,2
946354,26
946354,29
946354,30
946354,31
946354,32
946354,34
946354,38
946354,39
946354,40
946354,41
946354,42
946354,43
946553,28
946553,29
946553,30
946553,31
946553,32
946553,33
946553,34
946553,35
946553,37
946553,38
946553,39
946553,42
946553,43
946553,44
946553,45
946752,2
946752,3
946752,9
946752,12
946752,17
946752,27
946752,28
946752,30
946752,31
946752,32
946752,33
946752,34
946752,35
946752,37
946752,38
946752,39
946752,40
946752,43
946752,44
946752,45
946752,53
946752,54
946752,57
946752,58
946752,59
946752,66
946752,67
946752,70
946752,71
946752,73
946752,74
946752,115
946752,116
946951,13
946951,14
946951,15
946951,16
946951,28
946951,31
946951,39
946951,40
946951,41
946951,42
946951,43
946951,44
946951,45
946951,46
946951,47
946951,60
946951,61
947150,5
947150,6
947150,27
947150,30
947150,31
947150,32
947150,33
947150,34
947150,35
947150,36
947150,37
947150,38
947150,41
947150,42
947150,44
947150,45
947150,46
947150,66
947150,67
947349,26
947349,28
947349,29
947349,33
947349,34
947349,37
947349,38
947349,40
947349,41
947349,42
947349,43
947349,87
947349,104
947349,105
947548,9
947548,10
947548,13
947548,26
947548,27
947548,28
947548,29
947548,30
947548,33
947548,34
947548,35
947548,36
947548,37
947548,39
947548,40
947548,41
947548,42
947548,45
947548,46
947548,47
947548,66
947548,67
947548,68
947548,69
947548,71
947548,72
947548,73
947548,74
947548,78
947548,79
947548,80
947548,96
947747,16
947747,17
947747,28
947747,31
947747,32
947747,35
947747,36
947747,37
947747,38
947747,41
947747,42
947747,43
947747,67
947747,68
947747,71
947747,72
947946,12
947946,13
947946,15
947946,26
947946,27
947946,28
947946,29
947946,30
947946,32
947946,33
947946,34
947946,37
947946,38
947946,39
947946,40
947946,43
947946,44
948145,17
948145,28
948145,30
948145,33
948145,34
948145,35
948145,36
948145,39
948145,40
948145,41
948145,44
948145,45
948145,66
948145,67
948145,68
948145,100
948344,3
948344,21
948344,22
948344,24
948344,25
948344,29
948344,30
948344,31
948344,32
948344,33
948344,35
948344,36
948344,37
948344,38
948344,39
948344,40
948344,41
948344,42
948344,43
948344,69
948344,78
948344,79
948543,23
948543,24
948543,28
948543,31
948543,32
948543,33
948543,34
948543,35
948543,36
948543,37
948543,38
948543,39
948543,40
948543,42
948543,43
948543,44
948543,45
948543,46
948543,47
948543,63
948543,64
948742,1
948742,6
948742,8
948742,9
948742,28
948742,29
948742,30
948742,35
948742,38
948742,39
948742,40
948742,41
948742,45
948941,28
948941,29
948941,30
948941,31
948941,32
948941,33
948941,34
948941,35
948941,37
948941,38
948941,39
949140,28
949140,29
949140,30
949140,31
949140,32
949140,33
949140,34
949140,35
949140,36
949140,37
949140,38
949140,39
949140,45
949140,75
949140,76
949140,77
949140,79
949339,1
949339,2
949339,3
949339,5
949339,32
949339,33
949339,34
949339,35
949339,38
949339,39
949339,53
949339,54
949339,57
949339,58
949339,59
949339,60
949339,61
949339,63
949339,70
949339,71
949339,72
949538,10
949538,15
949538,16
949538,28
949538,29
949538,30
949538,31
949538,34
949538,35
949538,36
949538,46
949538,47
949538,60
949538,61
949538,65
949538,71
949538,72
949538,80
949538,81
949737,5
949737,6
949737,34
949737,35
949737,45
949737,46
949737,54
949737,61
949737,122
949936,28
949936,29
949936,32
949936,33
949936,34
949936,35
949936,37
949936,38
949936,41
949936,42
949936,43
949936,45
949936,49
949936,61
949936,62
949936,63
950135,2
950135,9
950135,10
950135,14
950135,26
950135,27
950135,28
950135,29
950135,30
950135,31
950135,33
950135,35
950135,36
950135,39
950135,40
950135,41
950135,42
950135,45
950135,66
950135,67
950135,71
950135,72
950334,9
950334,10
950334,16
950334,17
950334,28
950334,29
950334,38
950334,62
950334,63
950334,64
950334,67
950334,68
950334,70
950334,71
950533,12
950533,13
950533,16
950533,17
950533,28
950533,29
950533,30
950533,31
950533,32
950533,37
950533,38
950533,39
950533,40
950533,43
950533,71
950732,33
950732,34
950732,35
950732,36
950732,39
950732,40
950732,41
950732,42
950931,9
950931,22
950931,23
950931,26
950931,28
950931,29
950931,30
950931,32
950931,33
950931,34
950931,35
950931,36
950931,37
950931,38
950931,39
950931,40
950931,41
950931,42
950931,43
950931,46
950931,47
950931,78
950931,79
950931,96
951130,16
951130,17
951130,23
951130,24
951130,31
951130,32
951130,33
951130,34
951130,35
951130,36
951130,37
951130,38
951130,39
951130,42
951130,44
951130,45
951130,46
951130,47
951130,63
951130,64
951329,8
951329,9
951329,34
951329,35
951329,36
951329,38
951329,39
951329,40
951329,41
951329,57
951329,58
951528,28
951528,38
951528,39
951528,66
951727,29
951727,30
951727,31
951727,32
951727,33
951727,34
951727,35
951727,36
951727,37
951727,38
951727,39
951727,42
951727,43
951926,2
951926,3
951926,22
951926,23
951926,32
951926,33
951926,34
951926,35
951926,38
951926,39
951926,40
951926,41
951926,53
951926,54
951926,59
951926,60
951926,70
951926,71
951926,72
952125,15
952125,16
952125,24
952125,25
952125,31
952125,34
952125,35
952125,36
952125,37
952125,40
952125,41
952125,61
952125,62
952125,80
952324,6
952324,33
952324,34
952324,35
952324,36
952324,37
952324,38
952324,39
952324,42
952324,45
952324,46
952324,48
952324,49
952523,32
952523,33
952523,34
952523,35
952523,38
952523,39
952523,40
952523,41
952523,42
952523,43
952523,44
952523,46
952722,9
952722,10
952722,15
952722,16
952722,26
952722,27
952722,33
952722,34
952722,35
952722,36
952722,39
952722,42
952722,63
952722,66
952722,67
952722,72
952722,73
952921,17
952921,28
952921,29
952921,30
952921,31
952921,32
952921,33
952921,36
952921,37
952921,38
952921,41
952921,42
952921,43
952921,59
952921,60
952921,61
952921,68
952921,69
952921,76
952921,77
952921,81
953120,13
953120,14
953120,26
953120,31
953120,32
953120,33
953120,34
953120,37
953120,38
953120,39
953120,40
953120,52
953120,53
953319,28
953319,29
953319,30
953319,33
953319,35
953319,36
953319,39
953319,40
953319,41
953319,42
953319,45
953518,22
953518,23
953518,26
953518,31
953518,32
953518,33
953518,34
953518,35
953518,36
953518,37
953518,38
953518,39
953518,40
953518,41
953518,79
953717,5
953717,17
953717,24
953717,26
953717,28
953717,31
953717,32
953717,33
953717,34
953717,35
953717,36
953717,37
953717,38
953717,39
953717,40
953717,44
953717,45
953717,46
953717,47
953717,63
953717,64
953717,67
953717,68
953717,79
953916,8
953916,9
953916,10
953916,11
953916,12
953916,27
953916,33
953916,34
953916,35
953916,36
953916,39
953916,40
953916,41
954115,28
954115,30
954115,31
954115,32
954115,35
954115,36
954115,37
954115,38
954115,39
954115,40
954115,41
954115,42
954115,62
954314,5
954314,26
954314,27
954314,29
954314,30
954314,31
954314,32
954314,33
954314,34
954314,35
954314,36
954314,37
954314,38
954314,39
954314,42
954314,43
954314,44
954314,45
954314,74
954314,75
954314,77
954513,2
954513,3
954513,11
954513,12
954513,30
954513,33
954513,34
954513,35
954513,38
954513,53
954513,54
954513,59
954513,60
954513,67
954513,68
954513,69
954513,70
954513,71
954712,2
954712,15
954712,16
954712,30
954712,34
954712,35
954712,36
954712,37
954712,40
954712,41
954712,42
954712,61
954712,62
954712,71
954911,6
954911,7
954911,32
954911,33
954911,34
954911,35
954911,36
954911,37
954911,38
954911,39
954911,42
954911,46
954911,48
954911,51
954911,52
954911,59
954911,115
955110,28
955110,29
955110,32
955110,33
955110,34
955110,35
955110,38
955110,39
955110,40
955110,41
955110,42
955110,64
955110,65
955110,99
955110,104
955309,9
955309,10
955309,25
955309,26
955309,27
955309,28
955309,29
955309,31
955309,33
955309,34
955309,35
955309,36
955309,37
955309,40
955309,41
955309,42
955309,64
955309,65
955309,66
955309,67
955309,72
955309,73
955508,9
955508,11
955508,12
955508,17
955508,18
955508,19
955508,20
955508,28
955508,29
955508,30
955508,31
955508,32
955508,34
955508,36
955508,37
955508,38
955508,41
955508,42
955508,66
955508,68
955508,69
955707,13
955707,14
955707,17
955707,28
955707,29
955707,32
955707,33
955707,34
955707,35
955707,37
955707,38
955707,39
955707,40
955707,43
955707,44
955707,45
955707,46
955707,76
955707,77
955707,78
955906,25
955906,26
955906,28
955906,34
955906,35
955906,36
955906,37
955906,38
955906,39
955906,40
955906,41
955906,42
956105,22
956105,23
956105,31
956105,33
956105,34
956105,36
956105,37
956105,38
956105,39
956105,40
956105,41
956105,42
956105,43
956105,44
956105,72
956105,77
956105,78
956105,79
956304,24
956304,25
956304,31
956304,32
956304,33
956304,34
956304,35
956304,36
956304,37
956304,38
956304,39
956304,40
956304,41
956304,43
956304,44
956304,45
956304,47
956304,51
956304,64
956503,8
956503,9
956503,25
956503,28
956503,32
956503,33
956503,34
956503,35
956503,36
956503,37
956503,38
956503,39
956503,40
956503,41
956503,42
956503,45
956503,61
956503,62
956503,63
956503,67
956503,68
956503,69
956702,28
956702,31
956702,32
956702,35
956702,36
956702,37
956702,38
956702,39
956702,40
956702,41
956702,48
956702,66
956702,82
956702,89
956901,29
956901,30
956901,31
956901,32
956901,33
956901,34
956901,35
956901,36
956901,37
956901,38
956901,39
956901,42
956901,44
956901,61
956901,62
957100,2
957100,3
957100,14
957100,36
957100,38
957100,41
957100,44
957100,45
957100,54
957100,56
957100,57
957100,59
957100,60
957100,71
957100,72
957299,16
957299,18
957299,19
957299,32
957299,35
957299,36
957299,37
957299,47
957299,61
957299,62
957299,63
957299,64
957299,70
957299,71
957299,79
957299,80
957498,6
957498,7
957498,31
957498,32
957498,33
957498,34
957498,35
957498,36
957498,37
957498,38
957498,39
957498,42
957498,44
957498,45
957498,46
957498,47
957697,15
957697,29
957697,32
957697,33
957697,34
957697,35
957697,39
957697,40
957697,41
957697,42
957697,87
957697,99
957697,100
957896,6
957896,7
957896,9
957896,10
957896,25
957896,26
957896,27
957896,28
957896,29
957896,33
957896,34
957896,35
957896,36
957896,40
957896,41
957896,42
957896,43
957896,46
957896,47
957896,55
957896,56
957896,66
957896,67
957896,72
957896,73
957896,75
957896,76
957896,79
957896,80
958095,13
958095,14
958095,15
958095,17
958095,18
958095,25
958095,26
958095,27
958095,28
958095,29
958095,31
958095,32
958095,36
958095,39
958095,42
958095,43
958095,47
958095,68
958095,69
958095,76
958095,87
958095,88
958294,1
958294,13
958294,14
958294,32
958294,33
958294,34
958294,35
958294,38
958294,39
958294,40
958294,43
958294,88
958493,31
958493,34
958493,35
958493,36
958493,37
958493,39
958493,40
958493,42
958493,64
958493,65
958493,94
958493,106
958692,22
958692,23
958692,33
958692,36
958692,37
958692,38
958692,39
958692,40
958692,41
958692,42
958692,43
958692,79
958891,24
958891,25
958891,28
958891,29
958891,32
958891,33
958891,34
958891,35
958891,36
958891,37
958891,38
958891,39
958891,40
958891,43
958891,47
958891,48
958891,56
958891,64
958891,65
958891,92
958891,93
959090,7
959090,9
959090,10
959090,29
959090,31
959090,33
959090,34
959090,35
959090,39
959090,40
959090,41
959090,42
959090,45
959090,46
959090,79
959090,80
959289,28
959289,32
959289,35
959289,36
959289,37
959289,38
959289,39
959289,40
959289,41
959289,42
959289,48
959488,11
959488,19
959488,28
959488,29
959488,30
959488,32
959488,33
959488,34
959488,35
959488,36
959488,37
959488,38
959488,39
959488,40
959488,44
959687,3
959687,4
959687,6
959687,11
959687,34
959687,35
959687,36
959687,37
959687,39
959687,40
959687,41
959687,54
959687,55
959687,59
959687,60
959687,63
959687,64
959687,65
959687,67
959687,69
959687,70
959687,71
959687,72
959687,74
959687,76
959886,2
959886,3
959886,16
959886,17
959886,31
959886,32
959886,35
959886,41
959886,42
959886,58
959886,59
959886,61
959886,62
959886,76
959886,77
959886,80
960085,6
960085,7
960085,29
960085,30
960085,31
960085,32
960085,33
960085,34
960085,35
960085,37
960085,38
960085,39
960085,42
960085,43
960085,46
960085,47
960085,65
960284,29
960284,30
960284,33
960284,34
960284,35
960284,36
960284,37
960284,38
960284,39
960284,40
960284,41
960284,42
960284,67
960284,68
960483,10
960483,11
960483,27
960483,28
960483,29
960483,30
960483,31
960483,33
960483,34
960483,35
960483,36
960483,37
960483,40
960483,41
960483,42
960483,43
960483,46
960483,67
960483,72
960483,73
960682,17
960682,18
960682,28
960682,29
960682,31
960682,32
960682,33
960682,36
960682,37
960682,38
960682,39
960682,42
960682,46
960682,68
960682,69
960881,13
960881,14
960881,28
960881,29
960881,30
960881,32
960881,33
960881,34
960881,35
960881,38
960881,39
960881,40
960881,41
960881,42
960881,68
961080,34
961080,35
961080,36
961080,37
961080,40
961080,41
961080,42
961080,112
961279,22
961279,23
961279,25
961279,26
961279,31
961279,32
961279,33
961279,36
961279,37
961279,39
961279,40
961279,41
961279,42
961279,79
961279,97
961478,9
961478,10
961478,16
961478,23
961478,24
961478,25
961478,32
961478,33
961478,34
961478,35
961478,36
961478,37
961478,38
961478,39
961478,40
961478,43
961478,44
961478,45
961478,47
961478,48
961478,64
961478,65
961478,93
961677,2
961677,9
961677,10
961677,12
961677,13
961677,14
961677,17
961677,36
961677,39
961677,40
961677,41
961677,42
961677,52
961677,70
961677,72
961677,73
961677,74
961876,28
961876,29
961876,30
961876,31
961876,32
961876,35
961876,36
961876,37
961876,38
961876,39
961876,40
961876,41
961876,42
961876,43
961876,44
962075,29
962075,30
962075,31
962075,32
962075,33
962075,34
962075,35
962075,36
962075,37
962075,38
962075,39
962075,40
962075,43
962075,68
962075,69
962075,70
962075,75
962075,107
962274,3
962274,4
962274,6
962274,30
962274,34
962274,39
962274,40
962274,42
962274,54
962274,55
962274,60
962274,61
962274,71
962274,72
962473,16
962473,17
962473,31
962473,32
962473,34
962473,35
962473,36
962473,37
962473,38
962473,44
962473,45
962473,46
962473,61
962473,62
962672,6
962672,7
962672,31
962672,32
962672,33
962672,34
962672,35
962672,36
962672,37
962672,38
962672,39
962672,42
962672,46
962672,47
962871,34
962871,35
962871,36
962871,39
962871,40
962871,41
962871,42
963070,10
963070,11
963070,26
963070,27
963070,28
963070,30
963070,31
963070,32
963070,33
963070,34
963070,36
963070,37
963070,40
963070,41
963070,42
963070,43
963070,44
963070,45
963070,46
963070,61
963070,62
963070,67
963070,72
963070,73
963070,77
963070,79
963269,2
963269,17
963269,18
963269,28
963269,29
963269,30
963269,31
963269,32
963269,33
963269,36
963269,37
963269,38
963269,39
963269,42
963269,45
963269,58
963269,68
963269,69
963269,71
963468,6
963468,13
963468,14
963468,31
963468,32
963468,35
963468,36
963468,37
963468,38
963468,39
963468,40
963468,41
963468,61
963468,62
963468,67
963468,68
963468,99
963468,100
963667,31
963667,34
963667,35
963667,36
963667,37
963667,40
963667,42
963667,43
963667,82
963667,90
963866,0
963866,5
963866,8
963866,23
963866,24
963866,31
963866,32
963866,33
963866,34
963866,36
963866,37
963866,38
963866,39
963866,40
963866,41
963866,42
963866,43
963866,69
963866,79
964065,24
964065,25
964065,32
964065,33
964065,34
964065,35
964065,36
964065,37
964065,39
964065,40
964065,43
964065,44
964065,47
964065,48
964065,64
964065,65
964065,111
964264,9
964264,10
964264,25
964264,45
964264,46
964264,47
964264,48
964264,58
964264,59
964264,60
964264,70
964264,71
964264,80
964463,20
964463,28
964463,29
964463,32
964463,33
964463,36
964463,37
964463,38
964463,39
964463,40
964463,41
964463,42
964463,47
964463,73
964662,4
964662,19
964662,27
964662,30
964662,31
964662,32
964662,33
964662,34
964662,35
964662,36
964662,37
964662,38
964662,39
964662,40
964861,3
964861,4
964861,9
964861,10
964861,16
964861,20
964861,21
964861,23
964861,24
964861,25
964861,28
964861,33
964861,34
964861,35
964861,36
964861,39
964861,40
964861,41
964861,42
964861,46
964861,54
964861,55
964861,71
964861,72
965060,12
965060,13
965060,14
965060,15
965060,16
965060,17
965060,24
965060,25
965060,26
965060,32
965060,36
965060,37
965060,38
965060,41
965060,42
965060,43
965060,44
965060,59
965060,62
965060,63
965060,65
965060,83
965259,6
965259,7
965259,28
965259,29
965259,30
965259,31
965259,34
965259,35
965259,36
965259,40
965259,46
965259,47
965458,32
965458,33
965458,34
965458,35
965458,36
965458,39
965458,40
965458,41
965458,42
965458,51
965458,99
965458,100
965657,3
965657,10
965657,11
965657,27
965657,28
965657,29
965657,30
965657,31
965657,32
965657,33
965657,34
965657,35
965657,36
965657,37
965657,67
965657,69
965657,73
965657,74
965856,18
965856,29
965856,30
965856,31
965856,32
965856,33
965856,34
965856,37
965856,38
965856,39
965856,40
965856,42
965856,44
965856,69
965856,70
966055,12
966055,14
966055,15
966055,16
966055,17
966055,33
966055,34
966055,35
966055,38
966055,39
966055,40
966055,41
966055,55
966055,56
966254,9
966254,29
966254,31
966254,34
966254,35
966254,36
966254,37
966254,40
966254,41
966254,42
966254,43
966254,68
966254,69
966453,23
966453,24
966453,32
966453,33
966453,36
966453,37
966453,38
966453,39
966453,40
966453,41
966453,42
966453,43
966453,44
966453,45
966652,25
966652,29
966652,32
966652,33
966652,34
966652,35
966652,36
966652,37
966652,38
966652,39
966652,40
966652,41
966652,44
966652,47
966652,48
966652,63
966652,64
966652,65
966652,80
966851,9
966851,10
966851,11
966851,12
966851,25
966851,31
966851,34
966851,35
966851,36
966851,37
966851,40
966851,41
966851,42
967050,25
967050,28
967050,29
967050,30
967050,31
967050,32
967050,33
967050,36
967050,37
967050,38
967050,39
967050,40
967050,41
967050,42
967050,43
967050,44
967050,50
967050,51
967050,53
967050,64
967249,28
967249,29
967249,30
967249,31
967249,32
967249,33
967249,34
967249,35
967249,36
967249,37
967249,38
967249,39
967249,40
967249,45
967249,46
967249,47
967249,48
967249,76
967448,3
967448,4
967448,28
967448,31
967448,39
967448,42
967448,45
967448,54
967448,55
967448,60
967448,61
967448,67
967448,71
967448,72
967647,6
967647,16
967647,17
967647,36
967647,37
967647,38
967647,41
967647,42
967647,43
967647,44
967647,62
967647,63
967846,7
967846,8
967846,32
967846,33
967846,34
967846,35
967846,36
967846,37
967846,38
967846,39
967846,40
967846,44
967846,46
967846,47
967846,83
968045,13
968045,30
968045,33
968045,36
968045,39
968045,40
968045,41
968045,42
968045,45
968244,10
968244,11
968244,27
968244,28
968244,29
968244,30
968244,31
968244,32
968244,33
968244,34
968244,35
968244,36
968244,37
968244,38
968244,41
968244,42
968244,62
968244,67
968244,73
968244,74
968443,18
968443,19
968443,20
968443,21
968443,25
968443,26
968443,29
968443,30
968443,31
968443,32
968443,33
968443,34
968443,37
968443,38
968443,39
968443,42
968443,58
968443,59
968443,60
968443,69
968443,70
968642,13
968642,14
968642,15
968642,33
968642,34
968642,35
968642,36
968642,38
968642,39
968642,40
968642,41
968642,42
968642,43
968642,73
968642,74
968841,19
968841,29
968841,32
968841,35
968841,36
968841,37
968841,40
968841,41
968841,42
968841,43
968841,46
968841,47
968841,58
968841,72
969040,23
969040,24
969040,32
969040,33
969040,36
969040,37
969040,39
969040,40
969040,41
969040,42
969239,25
969239,29
969239,31
969239,32
969239,33
969239,34
969239,35
969239,36
969239,37
969239,38
969239,41
969239,48
969239,65
969438,9
969438,10
969438,34
969438,35
969438,36
969438,37
969438,40
969438,41
969438,42
969438,43
969438,104
969438,105
969637,28
969637,29
969637,32
969637,33
969637,36
969637,37
969637,38
969637,39
969637,40
969637,41
969637,42
969637,54
969637,55
969637,56
969836,27
969836,28
969836,29
969836,30
969836,31
969836,32
969836,34
969836,35
969836,36
969836,37
969836,38
969836,39
969836,40
970035,3
970035,4
970035,9
970035,10
970035,11
970035,31
970035,32
970035,33
970035,35
970035,36
970035,37
970035,39
970035,40
970035,41
970035,42
970035,55
970035,57
970035,58
970035,60
970035,61
970035,67
970035,72
970035,73
970035,74
970035,75
970234,17
970234,19
970234,32
970234,33
970234,36
970234,37
970234,38
970234,41
970234,42
970234,62
970234,63
970234,91
970433,7
970433,8
970433,32
970433,33
970433,34
970433,35
970433,36
970433,37
970433,38
970433,39
970433,40
970433,43
970433,47
970433,48
970433,60
970433,78
970433,115
970433,116
970632,25
970632,27
970632,30
970632,33
970632,34
970632,35
970632,36
970632,39
970632,40
970632,41
970632,42
970632,100
970632,101
970831,1
970831,10
970831,11
970831,27
970831,28
970831,29
970831,30
970831,32
970831,33
970831,34
970831,35
970831,36
970831,37
970831,38
970831,39
970831,40
970831,41
970831,42
970831,67
970831,73
970831,74
970831,76
970831,77
971030,12
971030,18
971030,19
971030,29
971030,30
971030,31
971030,32
971030,33
971030,34
971030,37
971030,40
971030,43
971030,69
971030,70
971229,14
971229,15
971229,33
971229,34
971229,35
971229,36
971229,39
971229,40
971229,41
971229,67
971229,68
971428,32
971428,35
971428,36
971428,37
971428,38
971428,40
971428,41
971428,42
971428,43
971428,46
971428,75
971627,4
971627,23
971627,24
971627,32
971627,33
971627,34
971627,37
971627,38
971627,40
971627,41
971627,42
971627,60
971627,61
971627,65
971627,66
971627,67
971627,71
971627,72
971826,8
971826,23
971826,25
971826,28
971826,29
971826,30
971826,32
971826,33
971826,34
971826,35
971826,36
971826,37
971826,38
971826,48
971826,49
971826,56
971826,57
971826,65
971826,66
971826,94
972025,8
972025,9
972025,10
972025,11
972025,29
972025,31
972025,34
972025,35
972025,36
972025,37
972025,40
972025,41
972025,45
972025,46
972025,47
972224,16
972224,29
972224,30
972224,32
972224,33
972224,36
972224,37
972224,38
972224,39
972224,40
972224,41
972224,42
972224,64
972224,65
972224,66
972423,30
972423,31
972423,32
972423,33
972423,34
972423,35
972423,36
972423,37
972423,38
972423,39
972423,40
972423,41
972423,66
972423,67
972423,76
972423,77
972423,80
972622,1
972622,4
972622,5
972622,22
972622,34
972622,35
972622,36
972622,37
972622,40
972622,41
972622,42
972622,55
972622,56
972622,60
972622,61
972622,67
972622,72
972622,73
972821,17
972821,18
972821,31
972821,32
972821,33
972821,36
972821,41
972821,42
972821,43
972821,44
972821,46
972821,47
972821,62
972821,63
972821,67
973020,7
973020,8
973020,36
973020,37
973020,38
973020,39
973020,40
973020,44
973020,47
973020,48
973219,31
973219,34
973219,35
973219,36
973219,39
973219,41
973219,42
973219,81
973219,82
973418,11
973418,12
973418,28
973418,29
973418,31
973418,32
973418,33
973418,34
973418,35
973418,36
973418,37
973418,38
973418,41
973418,42
973418,43
973418,44
973418,73
973418,74
973617,18
973617,19
973617,29
973617,30
973617,32
973617,33
973617,34
973617,37
973617,38
973617,39
973617,40
973617,43
973617,45
973617,66
973617,67
973617,69
973617,70
973617,71
973617,72
973617,76
973617,77
973617,78
973816,14
973816,15
973816,33
973816,34
973816,35
973816,36
973816,80
973816,81
974015,29
974015,30
974015,31
974015,32
974015,35
974015,36
974015,37
974015,38
974015,41
974015,42
974015,60
974214,23
974214,24
974214,26
974214,27
974214,28
974214,31
974214,32
974214,33
974214,34
974214,37
974214,38
974214,39
974214,40
974214,41
974214,42
974214,75
974214,76
974214,81
974413,6
974413,7
974413,25
974413,33
974413,35
974413,36
974413,37
974413,38
974413,39
974413,40
974413,41
974413,48
974413,49
974413,65
974413,66
974612,1
974612,7
974612,10
974612,11
974612,31
974612,32
974612,34
974612,37
974612,40
974612,41
974612,42
974612,44
974811,29
974811,30
974811,36
974811,40
974811,41
974811,45
975010,10
975010,15
975010,30
975010,31
975010,32
975010,33
975010,34
975010,35
975010,36
975010,37
975010,38
975010,39
975010,40
975010,41
975010,60
975010,64
975010,66
975209,4
975209,5
975209,7
975209,22
975209,40
975209,41
975209,47
975209,55
975209,56
975209,61
975209,62
975209,67
975209,72
975209,73
975209,84
975209,91
975408,17
975408,18
975408,31
975408,32
975408,33
975408,34
975408,35
975408,36
975408,37
975408,38
975408,39
975408,42
975408,60
975408,61
975408,62
975408,63
975607,7
975607,8
975607,19
975607,31
975607,32
975607,33
975607,34
975607,35
975607,36
975607,37
975607,38
975607,41
975607,42
975607,47
975607,48
975806,14
975806,34
975806,35
975806,36
975806,37
975806,39
975806,40
975806,41
975806,42
975806,45
975806,46
976005,11
976005,12
976005,28
976005,29
976005,30
976005,31
976005,32
976005,33
976005,34
976005,35
976005,36
976005,37
976005,38
976005,41
976005,42
976005,43
976005,44
976005,50
976005,70
976005,71
976005,72
976005,73
976005,74
976005,76
976005,77
976204,11
976204,12
976204,18
976204,19
976204,30
976204,31
976204,32
976204,33
976204,34
976204,37
976204,39
976204,43
976204,44
976204,45
976204,46
976204,47
976204,58
976204,69
976204,70
976403,14
976403,15
976403,28
976403,29
976403,30
976403,31
976403,32
976403,33
976403,36
976403,39
976403,41
976403,42
976403,43
976403,44
976403,45
976403,46
976403,47
976403,67
976403,100
976602,29
976602,30
976602,31
976602,32
976602,35
976602,36
976602,37
976602,38
976602,40
976602,41
976602,42
976602,43
976602,44
976602,73
976602,113
976602,124
976801,24
976801,25
976801,32
976801,33
976801,36
976801,39
976801,40
976801,41
976801,42
976801,43
976801,44
976801,45
976801,67
976801,80
977000,1
977000,6
977000,8
977000,9
977000,25
977000,27
977000,28
977000,29
977000,30
977000,31
977000,32
977000,33
977000,34
977000,35
977000,36
977000,37
977000,39
977000,40
977000,44
977000,48
977000,49
977000,65
977000,66
977199,10
977199,11
977199,26
977199,29
977199,30
977199,33
977199,34
977199,35
977199,36
977199,37
977199,40
977199,41
977199,43
977199,44
977199,56
977398,29
977398,30
977398,34
977398,38
977398,39
977398,40
977398,41
977398,42
977398,43
977398,44
977398,45
977398,62
977398,71
977597,16
977597,24
977597,27
977597,30
977597,31
977597,33
977597,34
977597,35
977597,36
977597,37
977597,38
977597,39
977597,40
977597,41
977597,44
977597,45
977597,64
977796,2
977796,4
977796,5
977796,22
977796,24
977796,25
977796,31
977796,34
977796,35
977796,36
977796,37
977796,55
977796,56
977796,61
977796,62
977796,67
977796,70
977796,71
977796,72
977796,73
977995,17
977995,18
977995,28
977995,30
977995,31
977995,32
977995,34
977995,35
977995,36
977995,38
977995,39
977995,42
977995,43
977995,44
977995,63
977995,64
977995,79
977995,80
977995,81
978194,8
978194,28
978194,30
978194,31
978194,32
978194,35
978194,36
978194,37
978194,38
978194,46
978194,47
978194,48
978393,2
978393,6
978393,7
978393,31
978393,34
978393,35
978393,36
978393,37
978393,40
978393,41
978393,42
978393,75
978592,1
978592,11
978592,12
978592,13
978592,14
978592,15
978592,16
978592,21
978592,26
978592,28
978592,29
978592,30
978592,33
978592,34
978592,35
978592,36
978592,37
978592,38
978592,41
978592,74
978592,75
978791,19
978791,28
978791,30
978791,31
978791,32
978791,33
978791,35
978791,38
978791,39
978791,70
978791,71
978990,15
978990,30
978990,31
978990,36
978990,39
978990,40
978990,41
978990,42
979189,3
979189,4
979189,5
979189,31
979189,32
979189,35
979189,36
979189,37
979189,38
979189,41
979388,24
979388,25
979388,28
979388,32
979388,33
979388,35
979388,37
979388,38
979388,39
979388,40
979388,41
979388,42
979388,43
979388,45
979587,34
979587,35
979587,36
979587,37
979587,39
979587,40
979587,41
979587,42
979587,48
979587,49
979587,65
979587,66
979786,10
979786,11
979786,30
979786,31
979786,32
979786,33
979786,34
979786,35
979786,36
979786,37
979786,38
979786,41
979786,42
979786,44
979786,101
979985,29
979985,30
979985,31
979985,32
979985,33
979985,34
979985,37
979985,38
979985,39
979985,40
979985,41
979985,42
979985,44
980184,31
980184,33
980184,34
980184,35
980184,36
980184,37
980184,38
980184,39
980184,40
980184,41
980184,70
980383,3
980383,4
980383,5
980383,22
980383,30
980383,31
980383,32
980383,34
980383,36
980383,37
980383,40
980383,43
980383,55
980383,56
980383,61
980383,62
980383,67
980383,68
980383,72
980383,73
980582,17
980582,18
980582,31
980582,32
980582,33
980582,36
980582,37
980582,38
980582,39
980582,42
980582,63
980582,64
980582,65
980582,66
980582,67
980582,71
980781,8
980781,9
980781,27
980781,30
980781,31
980781,33
980781,34
980781,35
980781,36
980781,37
980781,38
980781,39
980781,40
980781,41
980781,48
980980,2
980980,3
980980,31
980980,36
980980,37
980980,38
980980,39
980980,40
980980,41
980980,42
980980,43
980980,59
980980,60
980980,72
980980,73
980980,90
981179,11
981179,12
981179,13
981179,28
981179,29
981179,30
981179,31
981179,32
981179,33
981179,34
981179,35
981179,37
981179,74
981179,75
981378,19
981378,20
981378,21
981378,22
981378,23
981378,27
981378,28
981378,29
981378,30
981378,31
981378,32
981378,33
981378,34
981378,35
981378,38
981378,39
981378,40
981378,43
981378,44
981378,70
981378,71
981378,79
981378,80
981577,8
981577,13
981577,15
981577,34
981577,35
981577,36
981577,37
981577,40
981577,41
981577,42
981577,71
981577,100
981577,101
981776,30
981776,33
981776,36
981776,37
981776,38
981776,41
981776,42
981776,43
981776,59
981776,60
981776,61
981776,73
981776,74
981776,114
981975,0
981975,9
981975,10
981975,24
981975,25
981975,31
981975,32
981975,39
981975,40
981975,41
981975,42
982174,25
982174,28
982174,33
982174,34
982174,35
982174,36
982174,37
982174,39
982174,42
982174,49
982174,66
982174,79
982373,10
982373,11
982373,28
982373,31
982373,32
982373,33
982373,34
982373,35
982373,36
982373,37
982373,38
982373,41
982373,42
982373,43
982373,44
982373,45
982373,46
982373,60
982373,61
982572,8
982572,29
982572,30
982572,31
982572,32
982572,33
982572,34
982572,37
982572,38
982572,39
982572,40
982572,41
982572,42
982572,49
982771,31
982771,33
982771,34
982771,35
982771,36
982771,37
982771,38
982771,41
982771,59
982970,4
982970,5
982970,22
982970,29
982970,31
982970,32
982970,35
982970,36
982970,37
982970,38
982970,40
982970,41
982970,42
982970,43
982970,56
982970,58
982970,61
982970,62
982970,67
982970,68
982970,73
982970,108
982970,118
982970,119
983169,2
983169,18
983169,28
983169,31
983169,32
983169,33
983169,37
983169,38
983169,39
983169,43
983169,44
983169,45
983169,63
983169,64
983169,91
983169,92
983368,8
983368,9
983368,27
983368,28
983368,29
983368,31
983368,36
983368,37
983368,40
983368,42
983368,48
983368,67
983567,7
983567,29
983567,31
983567,34
983567,37
983567,40
983567,41
983567,42
983567,43
983567,47
983766,11
983766,12
983766,27
983766,28
983766,29
983766,30
983766,31
983766,32
983766,33
983766,34
983766,35
983766,42
983766,43
983766,44
983766,45
983766,74
983766,75
983766,77
983766,78
983965,19
983965,20
983965,27
983965,28
983965,29
983965,30
983965,31
983965,32
983965,33
983965,38
983965,41
983965,44
983965,45
983965,46
983965,47
983965,70
984164,15
984164,28
984164,29
984164,31
984164,32
984164,33
984164,40
984164,41
984164,81
984363,41
984363,42
984363,43
984363,71
984363,72
984363,73
984562,17
984562,24
984562,25
984562,31
984562,32
984562,33
984562,34
984562,35
984562,36
984562,37
984562,38
984562,39
984562,41
984562,42
984562,43
984562,44
984761,0
984761,5
984761,6
984761,28
984761,31
984761,32
984761,33
984761,34
984761,35
984761,36
984761,37
984761,39
984761,40
984761,41
984761,42
984761,45
984761,46
984761,49
984761,50
984761,57
984761,58
984761,66
984761,67
984761,68
984960,5
984960,6
984960,11
984960,12
984960,18
984960,30
984960,31
984960,32
984960,33
984960,34
984960,35
984960,36
984960,37
984960,38
984960,41
984960,42
984960,43
984960,44
984960,45
984960,46
984960,47
985159,3
985159,28
985159,29
985159,30
985159,31
985159,32
985159,33
985159,34
985159,37
985159,39
985159,40
985159,41
985159,42
985159,72
985159,75
985159,76
985358,31
985358,37
985358,38
985358,41
985358,42
985358,48
985358,49
985358,77
985358,78
985358,100
985557,5
985557,22
985557,23
985557,32
985557,33
985557,34
985557,35
985557,36
985557,37
985557,38
985557,41
985557,42
985557,43
985557,56
985557,57
985557,61
985557,62
985557,67
985557,68
985557,71
985557,73
985557,74
985557,108
985756,18
985756,19
985756,31
985756,32
985756,33
985756,34
985756,35
985756,36
985756,37
985756,38
985756,39
985756,43
985756,44
985756,45
985756,63
985756,64
985756,72
985756,73
985756,74
985955,8
985955,9
985955,37
985955,48
985955,80
985955,99
986154,12
986154,13
986154,66
986353,12
986353,13
986353,29
986353,30
986353,33
986353,34
986353,35
986353,64
986353,65
986353,68
986353,74
986353,75
986552,19
986552,20
986552,30
986552,31
986552,70
986751,0
986751,15
986950,17
986950,28
986950,29
986950,30
986950,31
986950,32
986950,33
986950,36
986950,37
986950,38
986950,39
986950,41
987149,24
987149,25
987149,27
987149,28
987149,31
987149,38
987149,39
987149,41
987149,42
987348,42
987348,43
987348,44
987348,45
987348,49
987348,50
987348,56
987348,66
987348,67
987547,0
987547,5
987547,6
987547,11
987547,12
987547,42
987547,44
987746,30
987746,31
987746,32
987746,33
987746,34
987746,37
987746,38
987746,39
987746,40
987746,41
987746,42
987945,31
987945,33
987945,34
987945,35
987945,36
987945,37
987945,38
987945,39
987945,41
987945,42
987945,65
987945,74
987945,75
988144,2
988144,5
988144,6
988144,8
988144,22
988144,23
988144,29
988144,32
988144,34
988144,35
988144,36
988144,37
988144,38
988144,41
988144,42
988144,43
988144,44
988144,56
988144,57
988144,62
988144,63
988144,67
988144,68
988144,73
988144,74
988343,18
988343,19
988343,28
988343,31
988343,32
988343,33
988343,34
988343,35
988343,36
988343,37
988343,38
988343,39
988343,63
988343,64
988343,67
988343,68
988343,69
988343,73
988343,74
988343,92
988542,8
988542,9
988542,37
988542,38
988542,39
988542,40
988542,41
988542,42
988542,43
988542,44
988542,45
988542,48
988542,50
988542,73
988542,74
988741,1
988741,35
988940,12
988940,13
988940,29
988940,30
988940,31
988940,32
988940,33
988940,34
988940,35
988940,36
988940,42
988940,43
988940,44
988940,45
988940,64
988940,74
988940,75
989139,14
989139,19
989139,20
989139,31
989139,32
989139,33
989139,34
989139,35
989139,38
989139,70
989139,71
989338,15
989338,31
989338,33
989338,34
989338,37
989338,40
989338,41
989338,42
989338,63
989338,64
989338,80
989537,13
989537,14
989537,15
989537,16
989537,17
989537,25
989537,26
989537,39
989736,12
989736,15
989736,16
989736,25
989736,26
989736,31
989736,32
989736,33
989736,40
989736,41
989736,42
989736,43
989736,44
989736,45
989736,67
989736,68
989736,110
989736,111
989935,36
989935,37
989935,49
989935,50
989935,56
989935,66
989935,67
990134,11
990134,12
990134,34
990134,35
990134,36
990134,37
990333,30
990333,31
990333,41
990333,42
990333,75
990333,76
990532,26
990532,37
990532,38
990532,40
990532,42
990532,60
990532,61
990532,101
990731,5
990731,6
990731,9
990731,19
990731,22
990731,23
990731,25
990731,26
990731,56
990731,57
990731,62
990731,63
990731,68
990731,73
990731,74
990731,107
990731,108
990930,18
990930,19
990930,64
990930,65
991129,9
991129,37
991129,38
991129,48
991328,29
991328,73
991328,74
991328,75
991527,4
991527,5
991527,12
991527,13
991527,19
991527,28
991527,29
991527,30
991527,31
991527,32
991527,33
991527,34
991527,35
991527,36
991527,42
991527,54
991527,56
991527,59
991527,61
991527,75
991527,76
991726,20
991726,29
991726,30
991726,31
991726,32
991726,44
991726,71
991726,72
991726,73
991726,74
991925,12
991925,13
991925,14
991925,15
991925,34
991925,35
991925,36
991925,37
991925,41
991925,42
991925,43
991925,102
992124,37
992124,42
992323,6
992323,25
992323,26
992323,31
992323,33
992323,42
992323,43
992323,100
992522,1
992522,2
992522,8
992522,29
992522,49
992522,50
992522,56
992522,66
992522,67
992721,11
992721,12
992721,16
992721,73
992721,102
992721,103
992721,114
992920,30
992920,31
992920,33
992920,34
992920,35
992920,41
992920,42
993119,8
993119,28
993119,29
993119,30
993119,36
993119,38
993119,39
993119,68
993318,5
993318,6
993318,21
993318,22
993318,23
993318,30
993318,31
993318,32
993318,52
993318,56
993318,57
993318,62
993318,63
993318,68
993318,69
993318,73
993318,74
993318,97
993318,108
993318,120
993517,14
993517,18
993517,19
993517,27
993517,28
993517,33
993517,39
993517,40
993517,63
993517,64
993517,65
993517,92
993517,93
993716,9
993716,10
993716,37
993716,38
993716,47
993716,48
993716,54
993716,78
993716,79
993915,29
993915,30
993915,31
993915,32
993915,35
993915,36
993915,37
993915,38
994114,12
994114,13
994114,19
994114,29
994114,30
994114,31
994114,32
994114,33
994114,34
994114,35
994114,36
994114,37
994114,38
994114,39
994114,40
994114,59
994114,75
994114,76
994114,77
994114,78
994114,79
994313,13
994313,17
994313,20
994313,21
994313,22
994313,23
994313,28
994313,29
994313,30
994313,31
994313,32
994313,59
994313,60
994313,71
994512,30
994512,31
994512,32
994512,36
994512,37
994512,38
994512,42
994512,43
994711,29
994711,37
994711,38
994711,40
994910,24
994910,25
994910,26
994910,28
994910,29
994910,31
994910,32
994910,42
994910,43
995109,29
995109,30
995109,31
995109,35
995109,50
995109,56
995109,67
995308,11
995308,12
995308,13
995308,31
995308,32
995308,33
995308,34
995308,35
995308,36
995308,37
995308,38
995507,30
995507,31
995507,38
995507,39
995507,40
995507,41
995507,42
995507,43
995507,44
995706,38
995706,39
995706,65
995706,66
995706,67
995706,70
995706,71
995706,72
995706,100
995706,101
995905,5
995905,6
995905,12
995905,22
995905,23
995905,26
995905,27
995905,31
995905,32
995905,33
995905,38
995905,39
995905,41
995905,42
995905,43
995905,44
995905,57
995905,62
995905,63
995905,68
995905,69
995905,74
995905,86
996104,3
996104,11
996104,12
996104,14
996104,19
996104,64
996104,65
996303,9
996303,10
996303,37
996303,38
996502,26
996502,78
996502,91
996701,11
996701,12
996701,13
996701,15
996701,16
996701,19
996701,30
996701,31
996701,35
996701,36
996701,58
996701,59
996701,75
996701,76
996701,78
996701,79
996900,20
996900,21
996900,25
996900,31
996900,32
996900,33
996900,34
996900,35
996900,36
996900,71
996900,75
997099,12
997099,15
997099,18
997099,42
997099,43
997099,91
997099,102
997298,75
997298,76
997497,10
997497,25
997497,26
997497,31
997497,32
997497,42
997497,43
997696,1
997696,31
997696,50
997696,51
997696,56
997696,58
997696,59
997696,67
997696,68
997696,74
997696,118
997895,12
997895,13
997895,79
998094,12
998094,31
998094,32
998094,33
998094,42
998094,43
998094,76
998293,1
998293,31
998293,34
998293,35
998293,36
998293,37
998293,38
998293,39
998293,40
998293,41
998293,42
998293,61
998293,62
998492,6
998492,23
998492,24
998492,57
998492,58
998492,62
998492,63
998492,68
998492,69
998492,74
998492,108
998492,109
998691,14
998691,15
998691,19
998691,23
998691,32
998691,33
998691,34
998691,35
998691,36
998691,37
998691,43
998691,44
998691,64
998691,65
998890,9
998890,10
998890,31
998890,34
998890,35
998890,36
998890,37
998890,38
998890,40
998890,41
998890,42
998890,45
999089,38
999089,41
999089,42
999089,43
999089,44
999089,49
999288,10
999288,11
999288,13
999288,19
999288,20
999288,21
999288,22
999288,23
999288,30
999288,31
999288,32
999288,33
999288,34
999288,35
999288,36
999288,38
999288,39
999288,40
999288,44
999288,75
999288,76
999487,20
999487,21
999487,31
999487,32
999487,33
999487,34
999487,35
999487,36
999487,39
999487,40
999487,60
999487,61
999487,71
999686,25
999686,37
999686,38
999686,41
999686,42
999686,43
999686,44
999686,47
999686,48
999686,76
999686,77
999686,78
999885,31
999885,32
999885,33
999885,34
999885,37
1000084,25
1000084,26
1000084,28
1000084,29
1000084,31
1000084,32
1000084,33
1000084,34
1000084,35
1000084,36
1000084,37
1000084,40
1000084,41
1000084,42
1000084,43
1000084,44
1000084,111
1000283,50
1000283,51
1000283,56
1000283,67
1000283,68
1000283,96
1000482,12
1000482,13
1000482,36
1000681,1
1000681,30
1000681,31
1000681,32
1000681,33
1000681,34
1000681,35
1000681,42
1000681,43
1000681,76
1000681,77
1000880,38
1000880,39
1000880,105
1001079,6
1001079,7
1001079,9
1001079,23
1001079,24
1001079,52
1001079,57
1001079,58
1001079,63
1001079,64
1001079,68
1001079,69
1001079,74
1001079,109
1001278,14
1001278,19
1001278,26
1001278,55
1001278,64
1001278,65
1001278,79
1001278,80
1001477,9
1001477,10
1001477,38
1001477,39
1001477,56
1001676,14
1001676,15
1001676,16
1001676,30
1001676,31
1001676,36
1001676,83
1001676,84
1001875,0
1001875,1
1001875,9
1001875,13
1001875,15
1001875,19
1001875,30
1001875,31
1001875,32
1001875,33
1001875,34
1001875,35
1001875,36
1001875,37
1001875,38
1001875,61
1001875,62
1001875,63
1001875,75
1001875,76
1002074,1
1002074,20
1002074,21
1002074,22
1002074,23
1002074,24
1002074,28
1002074,29
1002074,30
1002074,32
1002074,33
1002074,34
1002074,39
1002074,40
1002074,41
1002074,71
1002074,81
1002074,82
1002273,30
1002273,31
1002273,34
1002273,35
1002273,38
1002273,90
1002472,34
1002472,37
1002472,38
1002472,39
1002472,40
1002472,43
1002472,44
1002472,46
1002472,74
1002472,75
1002472,76
1002472,77
1002671,26
1002671,27
1002671,31
1002671,32
1002671,43
1002671,44
1002671,45
1002671,58
1002671,59
1002671,61
1002671,63
1002671,64
1002671,67
1002671,69
1002671,122
1002671,123
1002870,50
1002870,51
1002870,56
1002870,57
1002870,67
1002870,68
1002870,72
1002870,80
1002870,107
1002870,108
1003069,12
1003069,13
1003069,28
1003069,31
1003069,32
1003069,33
1003069,34
1003069,35
1003069,36
1003069,37
1003069,38
1003069,40
1003069,42
1003069,43
1003268,27
1003268,31
1003268,32
1003268,42
1003268,43
1003467,32
1003467,38
1003467,39
1003467,41
1003467,42
1003467,43
1003467,72
1003666,6
1003666,7
1003666,9
1003666,10
1003666,14
1003666,15
1003666,16
1003666,23
1003666,24
1003666,26
1003666,27
1003666,28
1003666,57
1003666,58
1003666,59
1003666,60
1003666,61
1003666,63
1003666,64
1003666,69
1003666,74
1003666,108
1003666,121
1003865,14
1003865,17
1003865,19
1003865,26
1003865,30
1003865,32
1003865,65
1003865,66
1003865,75
1004064,1
1004064,10
1004064,31
1004064,33
1004064,34
1004064,37
1004064,38
1004064,39
1004064,40
1004064,41
1004064,42
1004064,43
1004064,46
1004263,7
1004263,8
1004263,59
1004263,73
1004263,74
1004462,13
1004462,19
1004462,20
1004462,28
1004462,30
1004462,31
1004462,36
1004462,37
1004462,76
1004462,77
1004661,20
1004661,21
1004661,32
1004661,33
1004860,42
1004860,81
1004860,82
1004860,102
1004860,103
1005059,29
1005059,73
1005059,75
1005059,76
1005059,80
1005258,26
1005258,27
1005258,31
1005258,32
1005258,33
1005258,34
1005258,35
1005258,36
1005258,39
1005258,40
1005258,42
1005258,43
1005258,44
1005258,75
1005258,76
1005457,27
1005457,31
1005457,32
1005457,33
1005457,34
1005457,35
1005457,36
1005457,37
1005457,38
1005457,41
1005457,42
1005457,43
1005457,44
1005457,50
1005457,51
1005457,56
1005457,57
1005457,67
1005457,68
1005457,97
1005457,108
1005457,113
1005457,114
1005656,12
1005656,13
1005656,66
1005656,80
1005656,115
1005855,4
1005855,31
1005855,32
1005855,33
1005855,34
1005855,35
1005855,36
1005855,39
1005855,40
1005855,41
1005855,42
1005855,43
1005855,44
1005855,45
1006054,1
1006054,26
1006054,35
1006054,36
1006054,37
1006054,38
1006054,39
1006054,40
1006054,41
1006054,42
1006054,61
1006054,64
1006054,65
1006054,101
1006054,102
1006253,6
1006253,7
1006253,23
1006253,24
1006253,31
1006253,32
1006253,33
1006253,38
1006253,57
1006253,58
1006253,63
1006253,64
1006253,69
1006253,70
1006253,74
1006452,14
1006452,15
1006452,19
1006452,26
1006452,65
1006452,66
1006651,10
1006651,11
1006651,34
1006651,35
1006651,36
1006651,37
1006651,38
1006651,39
1006651,40
1006651,41
1006651,56
1006850,27
1006850,37
1006850,38
1006850,39
1006850,40
1006850,42
1006850,43
1006850,82
1006850,91
1006850,92
1006850,102
1006850,103
1007049,13
1007049,14
1007049,19
1007049,20
1007049,22
1007049,23
1007049,24
1007049,30
1007049,31
1007049,32
1007049,33
1007049,34
1007049,35
1007049,36
1007049,37
1007049,38
1007049,39
1007049,44
1007049,59
1007049,60
1007049,76
1007049,77
1007248,13
1007248,17
1007248,21
1007248,22
1007248,23
1007248,24
1007248,31
1007248,32
1007248,33
1007248,35
1007248,68
1007248,69
1007447,91
1007646,28
1007646,29
1007646,31
1007646,37
1007646,45
1007646,80
1007845,26
1007845,27
1007845,32
1007845,33
1007845,34
1007845,43
1007845,44
1008044,51
1008044,56
1008044,57
1008044,68
1008044,96
1008044,97
1008243,12
1008243,13
1008243,34
1008243,58
1008442,1
1008442,2
1008442,4
1008442,31
1008442,32
1008442,33
1008442,43
1008442,44
1008442,75
1008442,77
1008442,78
1008641,29
1008641,30
1008641,32
1008641,38
1008641,39
1008641,40
1008641,41
1008641,42
1008641,43
1008641,61
1008641,101
1008641,102
1008840,6
1008840,7
1008840,12
1008840,23
1008840,24
1008840,31
1008840,32
1008840,33
1008840,34
1008840,37
1008840,39
1008840,42
1008840,43
1008840,44
1008840,45
1008840,58
1008840,63
1008840,64
1008840,69
1008840,70
1009039,14
1009039,15
1009039,26
1009039,27
1009039,28
1009039,29
1009039,30
1009039,32
1009039,33
1009039,34
1009039,35
1009039,36
1009039,37
1009039,38
1009039,39
1009039,40
1009039,41
1009039,44
1009039,65
1009039,66
1009039,82
1009039,83
1009039,94
1009039,106
1009238,10
1009238,11
1009238,29
1009238,30
1009238,31
1009238,36
1009238,38
1009238,39
1009238,55
1009238,56
1009437,6
1009437,7
1009437,8
1009437,15
1009437,31
1009437,33
1009437,34
1009437,35
1009437,36
1009437,37
1009437,38
1009437,39
1009437,42
1009636,13
1009636,19
1009636,20
1009636,31
1009636,36
1009636,37
1009636,38
1009636,39
1009636,40
1009636,41
1009636,44
1009636,76
1009636,77
1009636,79
1009835,21
1009835,22
1009835,32
1009835,33
1009835,119
1010034,14
1010034,102
1010034,103
1010233,15
1010233,37
1010432,26
1010432,27
1010432,32
1010432,33
1010432,43
1010432,44
1010432,62
1010432,63
1010631,25
1010631,26
1010631,30
1010631,51
1010631,52
1010631,56
1010631,57
1010631,59
1010631,60
1010631,68
1010631,69
1010631,108
1010830,13
1010830,14
1010830,15
1010830,16
1010830,104
1011029,4
1011029,31
1011029,32
1011029,43
1011029,44
1011228,39
1011228,40
1011228,60
1011228,62
1011427,7
1011427,24
1011427,25
1011427,33
1011427,58
1011427,63
1011427,64
1011427,69
1011427,70
1011427,120
1011427,121
1011626,14
1011626,15
1011626,26
1011626,65
1011626,66
1011626,94
1011626,116
1011825,5
1011825,10
1011825,11
1011825,18
1011825,19
1011825,39
1011825,42
1011825,46
1011825,118
1012024,66
1012223,19
1012223,20
1012223,30
1012223,31
1012223,32
1012223,36
1012223,37
1012223,60
1012223,76
1012223,77
1012422,21
1012422,22
1012422,32
1012422,33
1012422,76
1012422,81
1012621,2
1012621,3
1012621,4
1012621,28
1012621,30
1012621,31
1012621,32
1012621,33
1012621,34
1012621,35
1012621,91
1012621,102
1012621,103
1012820,32
1012820,33
1012820,34
1012820,35
1012820,37
1012820,38
1012820,39
1012820,40
1012820,41
1013019,26
1013019,27
1013019,29
1013019,30
1013019,31
1013019,32
1013019,33
1013019,34
1013019,35
1013019,36
1013019,37
1013019,42
1013019,43
1013019,44
1013218,30
1013218,31
1013218,41
1013218,42
1013218,51
1013218,52
1013218,57
1013218,68
1013218,69
1013218,113
1013417,13
1013417,14
1013616,4
1013616,5
1013616,32
1013616,33
1013616,43
1013616,44
1013616,76
1013616,77
1013616,78
1013616,82
1013815,31
1013815,39
1013815,40
1013815,90
1013815,103
1013815,124
1013815,125
1014014,7
1014014,8
1014014,10
1014014,24
1014014,25
1014014,31
1014014,52
1014014,53
1014014,58
1014014,64
1014014,65
1014014,69
1014014,70
1014014,77
1014014,78
1014014,79
1014014,83
1014014,109
1014213,10
1014213,14
1014213,15
1014213,26
1014213,27
1014213,65
1014213,66
1014213,82
1014213,83
1014412,10
1014412,11
1014412,25
1014412,26
1014412,29
1014412,30
1014412,31
1014412,32
1014412,35
1014412,39
1014412,40
1014412,56
1014412,57
1014611,37
1014611,38
1014611,40
1014611,42
1014611,44
1014611,45
1014611,54
1014810,20
1014810,23
1014810,31
1014810,32
1014810,37
1014810,38
1014810,39
1014810,40
1014810,44
1014810,59
1014810,60
1014810,76
1014810,77
1015009,7
1015009,8
1015009,21
1015009,22
1015009,31
1015009,32
1015009,33
1015009,34
1015009,35
1015009,36
1015009,37
1015009,40
1015009,41
1015009,42
1015009,43
1015208,14
1015208,66
1015208,91
1015208,92
1015208,103
1015208,104
1015407,33
1015407,37
1015407,39
1015407,56
1015407,58
1015407,76
1015407,80
1015606,25
1015606,27
1015606,28
1015606,32
1015606,33
1015606,44
1015606,45
1015805,32
1015805,51
1015805,52
1015805,55
1015805,57
1015805,58
1015805,68
1015805,69
1015805,81
1015805,82
1016004,13
1016004,14
1016004,34
1016004,35
1016004,38
1016004,39
1016004,40
1016004,58
1016004,60
1016004,63
1016203,4
1016203,31
1016203,32
1016203,33
1016203,35
1016203,36
1016203,37
1016203,40
1016203,41
1016203,42
1016203,43
1016203,44
1016203,62
1016203,63
1016203,64
1016203,65
1016203,77
1016402,31
1016402,32
1016402,33
1016402,36
1016402,37
1016402,38
1016402,40
1016402,41
1016402,42
1016402,43
1016402,44
1016402,50
1016402,53
1016402,54
1016402,55
1016402,61
1016402,64
1016402,67
1016601,7
1016601,8
1016601,24
1016601,25
1016601,27
1016601,28
1016601,37
1016601,38
1016601,39
1016601,40
1016601,58
1016601,61
1016601,62
1016601,64
1016601,65
1016601,70
1016601,109
1016800,14
1016800,15
1016800,26
1016800,27
1016800,66
1016800,67
1016800,79
1016800,80
1016999,10
1016999,11
1016999,39
1016999,40
1017198,0
1017198,32
1017198,33
1017198,34
1017198,37
1017198,38
1017198,39
1017198,40
1017198,43
1017198,44
1017198,56
1017198,65
1017198,104
1017397,20
1017397,21
1017397,31
1017397,32
1017397,37
1017397,38
1017397,64
1017397,69
1017397,77
1017397,78
1017596,21
1017596,22
1017596,29
1017596,30
1017596,31
1017596,32
1017596,33
1017596,34
1017596,35
1017596,38
1017596,40
1017596,41
1017596,42
1017596,43
1017795,9
1017795,10
1017795,11
1017795,25
1017795,34
1017795,37
1017795,38
1017795,39
1017795,103
1017795,104
1017994,33
1017994,34
1017994,35
1017994,37
1017994,38
1017994,39
1017994,79
1018193,7
1018193,27
1018193,28
1018193,32
1018193,33
1018193,42
1018193,43
1018193,44
1018193,45
1018392,31
1018392,33
1018392,37
1018392,38
1018392,51
1018392,52
1018392,57
1018392,58
1018392,68
1018392,69
1018392,79
1018591,13
1018591,14
1018591,60
1018591,70
1018591,71
1018790,4
1018790,5
1018790,32
1018790,33
1018790,35
1018790,36
1018790,43
1018790,44
1018989,40
1019188,1
1019188,7
1019188,8
1019188,24
1019188,25
1019188,32
1019188,33
1019188,35
1019188,38
1019188,39
1019188,40
1019188,58
1019188,64
1019188,65
1019188,70
1019188,71
1019188,79
1019188,121
1019188,122
1019387,2
1019387,15
1019387,16
1019387,26
1019387,27
1019387,28
1019387,29
1019387,30
1019387,31
1019387,32
1019387,33
1019387,34
1019387,35
1019387,36
1019387,37
1019387,38
1019387,39
1019387,40
1019387,41
1019387,42
1019387,45
1019387,46
1019387,66
1019387,67
1019387,71
1019387,72
1019586,11
1019586,12
1019586,30
1019586,31
1019586,32
1019586,35
1019586,39
1019586,40
1019586,44
1019586,56
1019586,57
1019586,58
1019586,59
1019586,72
1019785,14
1019785,28
1019785,29
1019785,32
1019785,33
1019785,34
1019785,49
1019785,50
1019785,53
1019785,66
1019785,67
1019785,71
1019785,72
1019984,20
1019984,21
1019984,28
1019984,29
1019984,30
1019984,31
1019984,32
1019984,33
1019984,34
1019984,35
1019984,36
1019984,37
1019984,38
1019984,61
1019984,66
1019984,77
1019984,78
1020183,2
1020183,22
1020183,23
1020183,24
1020183,25
1020183,33
1020183,34
1020183,41
1020183,42
1020382,34
1020382,37
1020382,38
1020382,39
1020382,40
1020382,79
1020382,82
1020382,93
1020581,30
1020581,33
1020581,37
1020581,38
1020581,40
1020581,41
1020780,27
1020780,28
1020780,33
1020780,34
1020780,44
1020780,45
1020780,124
1020979,28
1020979,31
1020979,32
1020979,33
1020979,36
1020979,37
1020979,51
1020979,52
1020979,57
1020979,58
1020979,69
1020979,73
1020979,74
1020979,75
1020979,98
1020979,109
1021178,13
1021178,14
1021178,23
1021178,24
1021178,32
1021178,33
1021178,34
1021178,35
1021178,38
1021178,39
1021178,40
1021178,41
1021178,44
1021178,45
1021178,46
1021178,60
1021178,80
1021178,104
1021178,105
1021377,4
1021377,5
1021377,14
1021377,17
1021377,30
1021377,31
1021377,32
1021377,33
1021377,34
1021377,35
1021377,36
1021377,37
1021377,40
1021377,41
1021377,42
1021377,43
1021377,44
1021377,45
1021377,46
1021377,73
1021377,74
1021377,78
1021377,79
1021377,80
1021576,36
1021576,37
1021576,38
1021576,40
1021576,41
1021576,63
1021576,102
1021775,7
1021775,8
1021775,24
1021775,25
1021775,33
1021775,36
1021775,64
1021775,65
1021775,70
1021775,71
1021775,79
1021974,15
1021974,16
1021974,26
1021974,27
1021974,36
1021974,66
1021974,67
1022173,11
1022173,12
1022173,39
1022173,40
1022173,83
1022372,73
1022372,74
1022372,77
1022571,13
1022571,20
1022571,21
1022571,31
1022571,32
1022571,37
1022571,38
1022571,77
1022571,78
1022770,4
1022770,22
1022770,23
1022770,32
1022770,33
1022770,34
1022770,46
1022770,63
1022969,8
1023168,29
1023168,37
1023168,38
1023367,27
1023367,28
1023367,31
1023367,32
1023367,33
1023367,34
1023367,35
1023367,44
1023367,45
1023566,33
1023566,34
1023566,37
1023566,38
1023566,39
1023566,42
1023566,52
1023566,53
1023566,57
1023566,58
1023566,60
1023566,61
1023566,69
1023566,70
1023765,8
1023765,14
1023765,15
1023765,34
1023765,38
1023765,41
1023765,60
1023765,70
1023765,72
1023964,4
1023964,5
1023964,32
1023964,33
1023964,44
1023964,45
1023964,79
1024163,9
1024163,10
1024163,40
1024163,41
1024163,103
1024163,117
1024163,118
1024362,8
1024362,25
1024362,26
1024362,29
1024362,49
1024362,50
1024362,64
1024362,65
1024362,70
1024362,71
1024362,83
1024362,84
1024561,15
1024561,16
1024561,26
1024561,27
1024561,31
1024561,34
1024561,66
1024561,67
1024561,81
1024561,83
1024561,95
1024760,11
1024760,12
1024760,27
1024760,40
1024760,78
1024760,79
1024959,17
1024959,21
1024959,32
1024959,33
1025158,20
1025158,21
1025158,28
1025158,31
1025158,32
1025158,33
1025158,34
1025158,35
1025158,36
1025158,37
1025158,38
1025158,39
1025158,40
1025158,41
1025158,42
1025158,45
1025158,55
1025158,56
1025158,74
1025158,75
1025158,77
1025158,78
1025357,14
1025357,22
1025357,23
1025357,30
1025357,32
1025357,33
1025357,34
1025357,37
1025357,41
1025357,46
1025357,63
1025556,8
1025556,28
1025556,29
1025556,31
1025556,32
1025556,33
1025556,34
1025556,37
1025556,56
1025556,57
1025755,37
1025755,38
1025755,48
1025755,49
1025755,79
1025755,80
1025954,1
1025954,27
1025954,28
1025954,30
1025954,31
1025954,33
1025954,34
1025954,44
1025954,45
1026153,2
1026153,10
1026153,52
1026153,53
1026153,58
1026153,65
1026153,69
1026153,70
1026352,8
1026352,14
1026352,15
1026352,29
1026352,30
1026352,33
1026352,34
1026352,35
1026352,38
1026352,44
1026352,45
1026352,60
1026352,61
1026551,4
1026551,5
1026551,31
1026551,32
1026551,33
1026551,34
1026551,40
1026551,43
1026551,44
1026551,45
1026551,46
1026551,47
1026551,119
1026750,3
1026750,31
1026750,32
1026750,33
1026750,40
1026750,41
1026750,43
1026750,44
1026750,45
1026750,54
1026750,55
1026750,70
1026750,71
1026750,72
1026750,125
1026949,8
1026949,9
1026949,11
1026949,25
1026949,26
1026949,32
1026949,33
1026949,34
1026949,35
1026949,36
1026949,38
1026949,39
1026949,40
1026949,41
1026949,44
1026949,45
1026949,46
1026949,65
1026949,66
1026949,70
1026949,71
1026949,73
1026949,74
1026949,75
1027148,15
1027148,16
1027148,27
1027148,28
1027148,30
1027148,31
1027148,32
1027148,33
1027148,34
1027148,35
1027148,36
1027148,37
1027148,38
1027148,40
1027148,41
1027148,42
1027148,43
1027148,66
1027148,67
1027148,83
1027148,84
1027148,95
1027148,96
1027347,6
1027347,7
1027347,8
1027347,11
1027347,12
1027347,25
1027347,27
1027347,30
1027347,31
1027347,32
1027347,33
1027347,34
1027347,36
1027347,37
1027347,38
1027347,40
1027347,42
1027347,43
1027546,27
1027546,32
1027546,33
1027546,34
1027546,35
1027546,40
1027546,104
1027546,105
1027745,21
1027745,28
1027745,32
1027745,33
1027745,36
1027745,37
1027745,38
1027745,40
1027745,41
1027745,42
1027745,45
1027745,48
1027745,77
1027745,78
1027944,5
1027944,16
1027944,22
1027944,23
1027944,31
1027944,33
1027944,34
1027944,35
1027944,36
1027944,37
1027944,38
1027944,41
1027944,42
1027944,43
1027944,44
1027944,46
1027944,63
1027944,73
1028143,3
1028143,8
1028143,17
1028143,28
1028143,29
1028143,32
1028143,33
1028143,34
1028143,37
1028143,43
1028143,44
1028143,45
1028143,46
1028143,123
1028342,11
1028342,12
1028342,13
1028342,25
1028342,28
1028342,31
1028342,33
1028342,34
1028342,35
1028342,36
1028342,37
1028342,38
1028342,39
1028342,40
1028342,41
1028342,42
1028342,45
1028342,46
1028342,65
1028541,16
1028541,17
1028541,27
1028541,28
1028541,29
1028541,30
1028541,33
1028541,34
1028541,35
1028541,36
1028541,41
1028541,45
1028541,55
1028740,1
1028740,2
1028740,10
1028740,28
1028740,31
1028740,32
1028740,33
1028740,34
1028740,36
1028740,38
1028740,39
1028740,40
1028740,52
1028740,53
1028740,58
1028740,59
1028740,67
1028740,69
1028740,70
1028740,76
1028740,77
1028939,14
1028939,15
1028939,27
1028939,28
1028939,29
1028939,33
1028939,34
1028939,35
1028939,36
1028939,39
1028939,40
1028939,41
1028939,60
1028939,88
1029138,4
1029138,5
1029138,29
1029138,32
1029138,33
1029138,34
1029138,35
1029138,37
1029138,38
1029138,44
1029138,45
1029138,49
1029337,27
1029337,28
1029337,30
1029337,31
1029337,34
1029337,37
1029337,38
1029337,39
1029337,40
1029337,41
1029337,42
1029337,43
1029337,44
1029337,45
1029337,79
1029337,82
1029536,8
1029536,9
1029536,14
1029536,15
1029536,25
1029536,26
1029536,27
1029536,28
1029536,29
1029536,30
1029536,39
1029536,40
1029536,41
1029536,44
1029536,45
1029536,46
1029536,63
1029536,65
1029536,66
1029536,71
1029735,1
1029735,2
1029735,12
1029735,15
1029735,16
1029735,19
1029735,20
1029735,26
1029735,27
1029735,28
1029735,29
1029735,30
1029735,31
1029735,32
1029735,33
1029735,35
1029735,67
1029735,68
1029735,85
1029934,11
1029934,12
1029934,27
1029934,31
1029934,32
1029934,33
1029934,34
1029934,35
1029934,36
1029934,39
1029934,40
1029934,42
1029934,44
1029934,45
1030133,10
1030133,28
1030133,29
1030133,30
1030133,31
1030133,32
1030133,33
1030133,39
1030133,40
1030133,41
1030332,2
1030332,21
1030332,22
1030332,28
1030332,29
1030332,31
1030332,32
1030332,33
1030332,34
1030332,35
1030332,36
1030332,37
1030332,38
1030332,39
1030332,40
1030332,41
1030332,42
1030332,66
1030332,67
1030332,78
1030332,79
1030531,22
1030531,23
1030531,27
1030531,32
1030531,33
1030531,34
1030531,35
1030531,36
1030531,37
1030531,38
1030531,39
1030531,41
1030531,42
1030531,44
1030531,46
1030531,63
1030730,8
1030730,28
1030730,32
1030730,33
1030730,34
1030730,39
1030730,40
1030730,43
1030730,44
1030929,28
1030929,29
1030929,30
1030929,31
1030929,35
1030929,36
1030929,37
1030929,38
1030929,39
1030929,80
1031128,26
1031128,28
1031128,29
1031128,33
1031128,34
1031128,35
1031128,36
1031128,37
1031128,38
1031128,41
1031128,42
1031128,43
1031128,44
1031128,45
1031128,70
1031128,71
1031327,2
1031327,31
1031327,43
1031327,44
1031327,45
1031327,52
1031327,53
1031327,58
1031327,59
1031327,69
1031327,70
1031526,12
1031526,14
1031526,15
1031526,17
1031526,35
1031526,36
1031526,37
1031526,39
1031526,40
1031526,41
1031526,42
1031526,60
1031526,61
1031526,79
1031526,80
1031725,5
1031725,6
1031725,7
1031725,9
1031725,13
1031725,29
1031725,31
1031725,32
1031725,33
1031725,34
1031725,36
1031725,37
1031725,44
1031725,45
1031725,79
1031725,80
1031725,81
1031924,14
1031924,15
1031924,16
1031924,33
1031924,34
1031924,37
1031924,40
1031924,41
1031924,44
1031924,45
1031924,64
1032123,8
1032123,9
1032123,25
1032123,26
1032123,28
1032123,29
1032123,30
1032123,36
1032123,37
1032123,38
1032123,39
1032123,40
1032123,41
1032123,65
1032123,66
1032123,71
1032123,72
1032123,79
1032123,88
1032322,16
1032322,17
1032322,25
1032322,27
1032322,28
1032322,33
1032322,67
1032322,68
1032521,12
1032521,13
1032521,36
1032521,37
1032521,38
1032521,39
1032521,40
1032521,42
1032521,43
1032521,44
1032521,45
1032521,54
1032521,55
1032720,28
1032720,29
1032720,30
1032720,31
1032720,33
1032720,34
1032720,35
1032720,38
1032720,39
1032720,40
1032720,41
1032720,43
1032720,44
1032720,45
1032720,46
1032919,21
1032919,22
1032919,26
1032919,31
1032919,32
1032919,33
1032919,38
1032919,39
1032919,41
1032919,42
1032919,43
1032919,46
1032919,53
1032919,64
1032919,65
1032919,66
1032919,67
1032919,78
1032919,79
1032919,80
1033118,2
1033118,23
1033118,24
1033118,25
1033118,31
1033118,32
1033118,33
1033118,34
1033118,35
1033118,39
1033118,42
1033118,46
1033118,52
1033118,63
1033317,3
1033317,8
1033317,24
1033317,26
1033317,33
1033317,34
1033317,35
1033317,38
1033317,39
1033317,40
1033317,43
1033317,44
1033317,46
1033317,59
1033317,122
1033516,30
1033516,31
1033516,34
1033516,35
1033516,36
1033516,37
1033516,38
1033516,39
1033516,40
1033516,41
1033516,42
1033516,45
1033516,46
1033516,74
1033516,75
1033516,76
1033516,121
1033715,1
1033715,28
1033715,29
1033715,33
1033715,34
1033715,35
1033715,36
1033715,37
1033715,39
1033715,40
1033715,41
1033715,42
1033715,43
1033715,44
1033715,45
1033715,125
1033914,2
1033914,3
1033914,29
1033914,32
1033914,33
1033914,37
1033914,39
1033914,52
1033914,53
1033914,58
1033914,59
1033914,70
1033914,79
1033914,80
1034113,14
1034113,15
1034113,18
1034113,28
1034113,29
1034113,31
1034113,33
1034113,34
1034113,35
1034113,36
1034113,38
1034113,39
1034113,40
1034113,41
1034113,42
1034113,60
1034113,61
1034312,5
1034312,6
1034312,33
1034312,34
1034312,35
1034312,36
1034312,37
1034312,38
1034312,45
1034312,46
1034312,79
1034511,11
1034511,41
1034511,42
1034511,43
1034511,44
1034511,45
1034511,80
1034710,7
1034710,8
1034710,9
1034710,25
1034710,26
1034710,30
1034710,34
1034710,38
1034710,39
1034710,40
1034710,41
1034710,44
1034710,45
1034710,46
1034710,65
1034710,66
1034710,71
1034710,72
1034909,16
1034909,17
1034909,27
1034909,28
1034909,32
1034909,36
1034909,37
1034909,39
1034909,40
1034909,41
1034909,42
1034909,43
1034909,46
1034909,54
1034909,67
1034909,68
1035108,7
1035108,12
1035108,13
1035108,27
1035108,28
1035108,31
1035108,32
1035108,33
1035108,34
1035108,35
1035108,36
1035108,37
1035108,39
1035108,40
1035108,58
1035307,10
1035307,11
1035307,16
1035307,29
1035307,30
1035307,38
1035307,39
1035307,40
1035307,41
1035307,44
1035307,45
1035307,47
1035506,17
1035506,18
1035506,21
1035506,22
1035506,29
1035506,30
1035506,31
1035506,32
1035506,33
1035506,34
1035506,36
1035506,37
1035506,38
1035506,39
1035506,40
1035506,41
1035506,42
1035506,43
1035506,46
1035506,47
1035506,78
1035506,79
1035705,23
1035705,24
1035705,28
1035705,31
1035705,32
1035705,34
1035705,35
1035705,36
1035705,37
1035705,38
1035705,39
1035705,42
1035705,46
1035705,47
1035705,63
1035705,64
1035904,4
1035904,8
1035904,32
1035904,33
1035904,34
1035904,35
1035904,36
1035904,38
1035904,39
1035904,40
1035904,41
1035904,44
1035904,45
1035904,81
1036103,3
1036103,29
1036103,31
1036103,32
1036103,33
1036103,34
1036103,35
1036103,36
1036103,37
1036103,38
1036103,39
1036103,40
1036103,42
1036103,43
1036103,45
1036103,46
1036103,47
1036103,70
1036302,28
1036302,29
1036302,30
1036302,31
1036302,32
1036302,33
1036302,34
1036302,35
1036302,36
1036302,37
1036302,38
1036302,39
1036302,40
1036302,41
1036302,42
1036302,43
1036302,44
1036302,45
1036302,47
1036302,76
1036501,2
1036501,28
1036501,29
1036501,32
1036501,33
1036501,34
1036501,35
1036501,37
1036501,38
1036501,39
1036501,40
1036501,43
1036501,44
1036501,53
1036501,54
1036501,58
1036501,59
1036501,61
1036501,62
1036501,68
1036501,70
1036501,71
1036700,15
1036700,16
1036700,23
1036700,24
1036700,25
1036700,28
1036700,29
1036700,30
1036700,31
1036700,34
1036700,35
1036700,36
1036700,37
1036700,38
1036700,39
1036700,40
1036700,41
1036700,42
1036700,60
1036700,61
1036700,70
1036700,71
1036700,72
1036899,5
1036899,6
1036899,30
1036899,31
1036899,32
1036899,33
1036899,34
1036899,35
1036899,36
1036899,37
1036899,38
1036899,41
1036899,42
1036899,43
1036899,44
1036899,45
1036899,46
1036899,47
1037098,31
1037098,34
1037098,37
1037098,38
1037098,39
1037098,40
1037098,41
1037098,42
1037098,43
1037098,103
1037098,118
1037098,119
1037297,9
1037297,26
1037297,27
1037297,29
1037297,30
1037297,33
1037297,34
1037297,35
1037297,36
1037297,37
1037297,38
1037297,39
1037297,41
1037297,42
1037297,63
1037297,65
1037297,66
1037297,71
1037297,72
1037297,88
1037496,2
1037496,16
1037496,17
1037496,26
1037496,27
1037496,28
1037496,31
1037496,32
1037496,33
1037496,34
1037496,35
1037496,36
1037496,37
1037496,38
1037496,41
1037496,67
1037496,68
1037496,77
1037496,107
1037496,108
1037695,12
1037695,13
1037695,16
1037695,28
1037695,32
1037695,33
1037695,35
1037695,36
1037695,37
1037695,38
1037695,39
1037695,40
1037695,42
1037695,43
1037695,76
1037695,77
1037894,41
1037894,42
1037894,43
1037894,44
1037894,45
1037894,46
1037894,93
1037894,94
1037894,105
1037894,106
1038093,2
1038093,3
1038093,21
1038093,22
1038093,29
1038093,30
1038093,31
1038093,32
1038093,33
1038093,35
1038093,36
1038093,37
1038093,38
1038093,39
1038093,40
1038093,41
1038093,42
1038093,52
1038093,71
1038093,77
1038093,78
1038093,79
1038292,23
1038292,24
1038292,25
1038292,31
1038292,32
1038292,33
1038292,34
1038292,35
1038292,36
1038292,37
1038292,38
1038292,39
1038292,42
1038292,43
1038292,46
1038292,47
1038292,54
1038292,63
1038292,64
1038491,8
1038491,9
1038491,30
1038491,32
1038491,33
1038491,35
1038491,36
1038491,37
1038491,38
1038491,44
1038491,61
1038690,28
1038690,29
1038690,30
1038690,31
1038690,34
1038690,35
1038690,36
1038690,37
1038690,38
1038690,39
1038690,40
1038690,41
1038690,42
1038690,43
1038690,79
1038690,80
1038690,81
1038889,3
1038889,13
1038889,15
1038889,27
1038889,28
1038889,29
1038889,30
1038889,31
1038889,34
1038889,35
1038889,36
1038889,37
1038889,38
1038889,39
1038889,42
1038889,45
1038889,55
1038889,64
1039088,1
1039088,2
1039088,3
1039088,32
1039088,35
1039088,36
1039088,37
1039088,39
1039088,40
1039088,41
1039088,46
1039088,47
1039088,53
1039088,54
1039088,59
1039088,67
1039088,70
1039088,71
1039287,15
1039287,16
1039287,28
1039287,30
1039287,31
1039287,34
1039287,35
1039287,36
1039287,37
1039287,42
1039287,46
1039287,60
1039287,61
1039486,5
1039486,6
1039486,30
1039486,31
1039486,32
1039486,33
1039486,34
1039486,35
1039486,38
1039486,44
1039486,45
1039486,46
1039486,71
1039486,72
1039685,32
1039685,33
1039685,34
1039685,37
1039685,38
1039685,39
1039685,40
1039685,41
1039685,42
1039685,43
1039884,3
1039884,4
1039884,9
1039884,10
1039884,12
1039884,14
1039884,15
1039884,26
1039884,27
1039884,28
1039884,29
1039884,30
1039884,31
1039884,33
1039884,34
1039884,35
1039884,36
1039884,39
1039884,40
1039884,41
1039884,42
1039884,45
1039884,66
1039884,67
1039884,68
1039884,71
1039884,72
1040083,16
1040083,17
1040083,26
1040083,28
1040083,29
1040083,30
1040083,31
1040083,32
1040083,35
1040083,36
1040083,37
1040083,38
1040083,39
1040083,40
1040083,41
1040083,42
1040083,43
1040083,44
1040083,48
1040083,67
1040083,68
1040083,84
1040083,85
1040282,12
1040282,13
1040282,37
1040282,38
1040282,46
1040481,2
1040481,29
1040481,30
1040481,33
1040481,34
1040481,35
1040481,36
1040481,39
1040481,41
1040481,42
1040481,43
1040481,44
1040481,45
1040481,76
1040481,94
1040680,9
1040680,22
1040680,29
1040680,30
1040680,31
1040680,32
1040680,33
1040680,35
1040680,36
1040680,37
1040680,39
1040680,40
1040680,41
1040680,46
1040680,58
1040680,59
1040680,78
1040680,79
1040680,124
1040680,125
1040879,23
1040879,24
1040879,33
1040879,34
1040879,35
1040879,36
1040879,37
1040879,38
1040879,39
1040879,46
1040879,47
1040879,63
1040879,64
1040879,71
1041078,8
1041078,9
1041078,33
1041078,34
1041078,35
1041078,36
1041078,37
1041078,38
1041078,39
1041078,40
1041078,41
1041078,44
1041078,45
1041277,28
1041277,31
1041277,34
1041277,35
1041277,36
1041277,38
1041277,39
1041277,40
1041277,41
1041277,42
1041277,43
1041277,79
1041277,80
1041476,27
1041476,29
1041476,30
1041476,32
1041476,33
1041476,34
1041476,35
1041476,36
1041476,37
1041476,38
1041476,39
1041476,42
1041675,2
1041675,3
1041675,28
1041675,29
1041675,32
1041675,35
1041675,36
1041675,37
1041675,38
1041675,39
1041675,40
1041675,41
1041675,44
1041675,45
1041675,53
1041675,54
1041675,59
1041675,60
1041675,70
1041675,71
1041874,14
1041874,15
1041874,16
1041874,25
1041874,30
1041874,31
1041874,35
1041874,38
1041874,39
1041874,41
1041874,42
1041874,45
1041874,46
1041874,61
1041874,75
1042073,5
1042073,6
1042073,31
1042073,32
1042073,33
1042073,34
1042073,35
1042073,36
1042073,37
1042073,38
1042073,45
1042073,46
1042073,47
1042073,60
1042073,80
1042272,28
1042272,32
1042272,33
1042272,34
1042272,35
1042272,38
1042272,40
1042272,41
1042272,42
1042471,9
1042471,10
1042471,14
1042471,15
1042471,26
1042471,27
1042471,28
1042471,29
1042471,30
1042471,31
1042471,33
1042471,35
1042471,36
1042471,37
1042471,39
1042471,40
1042471,41
1042471,42
1042471,66
1042471,67
1042471,72
1042670,16
1042670,17
1042670,28
1042670,29
1042670,38
1042670,39
1042670,40
1042670,41
1042670,42
1042670,68
1042670,85
1042670,86
1042670,96
1042869,12
1042869,13
1042869,26
1042869,98
1043068,29
1043068,33
1043068,34
1043068,35
1043068,39
1043068,40
1043068,41
1043068,42
1043068,45
1043068,46
1043068,47
1043068,57
1043068,58
1043267,9
1043267,12
1043267,13
1043267,14
1043267,15
1043267,22
1043267,23
1043267,31
1043267,32
1043267,33
1043267,35
1043267,36
1043267,37
1043267,38
1043267,39
1043267,40
1043267,41
1043267,42
1043267,43
1043267,47
1043267,79
1043466,23
1043466,24
1043466,28
1043466,31
1043466,35
1043466,36
1043466,37
1043466,38
1043466,39
1043466,40
1043466,42
1043466,46
1043466,47
1043466,63
1043466,64
1043466,72
1043466,73
1043665,8
1043665,9
1043665,33
1043665,34
1043665,35
1043665,36
1043665,39
1043665,40
1043665,41
1043665,44
1043665,60
1043864,28
1043864,29
1043864,30
1043864,31
1043864,32
1043864,33
1043864,34
1043864,35
1043864,36
1043864,37
1043864,38
1043864,39
1043864,40
1043864,41
1043864,42
1043864,43
1043864,72
1043864,73
1044063,29
1044063,30
1044063,31
1044063,32
1044063,33
1044063,34
1044063,35
1044063,36
1044063,37
1044063,38
1044063,39
1044063,42
1044063,43
1044063,44
1044063,45
1044063,82
1044262,2
1044262,3
1044262,28
1044262,29
1044262,30
1044262,32
1044262,33
1044262,34
1044262,35
1044262,39
1044262,40
1044262,41
1044262,44
1044262,45
1044262,53
1044262,54
1044262,59
1044262,60
1044262,61
1044262,62
1044262,70
1044262,71
1044262,76
1044461,15
1044461,16
1044461,21
1044461,30
1044461,31
1044461,34
1044461,35
1044461,36
1044461,37
1044461,42
1044461,43
1044461,61
1044461,62
1044660,6
1044660,7
1044660,27
1044660,34
1044660,35
1044660,37
1044660,38
1044660,39
1044660,42
1044660,45
1044660,46
1044660,48
1044859,32
1044859,33
1044859,34
1044859,35
1044859,38
1044859,39
1044859,40
1044859,41
1044859,42
1044859,43
1044859,44
1044859,45
1044859,46
1044859,104
1044859,105
1044859,116
1045058,9
1045058,10
1045058,26
1045058,27
1045058,30
1045058,31
1045058,33
1045058,34
1045058,35
1045058,36
1045058,37
1045058,38
1045058,39
1045058,41
1045058,42
1045058,45
1045058,46
1045058,66
1045058,67
1045058,72
1045058,73
1045058,90
1045058,112
1045257,17
1045257,18
1045257,28
1045257,29
1045257,30
1045257,31
1045257,32
1045257,35
1045257,39
1045257,40
1045257,41
1045257,43
1045257,44
1045257,68
1045257,69
1045257,85
1045257,86
1045257,97
1045456,13
1045456,14
1045456,43
1045456,58
1045655,29
1045655,33
1045655,34
1045655,35
1045655,36
1045655,39
1045655,42
1045655,45
1045854,8
1045854,9
1045854,10
1045854,22
1045854,23
1045854,30
1045854,31
1045854,32
1045854,33
1045854,35
1045854,36
1045854,37
1045854,38
1045854,39
1045854,40
1045854,41
1045854,42
1045854,43
1045854,44
1045854,47
1045854,79
1046053,24
1046053,25
1046053,28
1046053,31
1046053,32
1046053,33
1046053,34
1046053,35
1046053,36
1046053,37
1046053,38
1046053,39
1046053,40
1046053,43
1046053,44
1046053,45
1046053,46
1046053,47
1046053,49
1046053,50
1046053,63
1046053,64
1046053,110
1046252,8
1046252,9
1046252,11
1046252,12
1046252,27
1046252,28
1046252,29
1046252,30
1046252,33
1046252,34
1046252,35
1046252,36
1046252,39
1046252,40
1046252,41
1046252,44
1046451,28
1046451,31
1046451,35
1046451,36
1046451,37
1046451,38
1046451,39
1046451,40
1046451,42
1046451,43
1046451,44
1046451,45
1046451,46
1046451,78
1046650,27
1046650,28
1046650,29
1046650,30
1046650,31
1046650,33
1046650,34
1046650,35
1046650,36
1046650,37
1046650,38
1046650,39
1046650,40
1046650,42
1046650,43
1046650,44
1046650,45
1046650,68
1046650,80
1046849,2
1046849,3
1046849,16
1046849,17
1046849,34
1046849,35
1046849,36
1046849,37
1046849,38
1046849,39
1046849,40
1046849,41
1046849,44
1046849,45
1046849,53
1046849,54
1046849,59
1046849,60
1046849,68
1046849,69
1046849,71
1047048,15
1047048,16
1047048,29
1047048,35
1047048,37
1047048,40
1047048,41
1047048,42
1047048,43
1047048,61
1047048,62
1047247,6
1047247,7
1047247,26
1047247,31
1047247,32
1047247,33
1047247,34
1047247,35
1047247,36
1047247,37
1047247,38
1047247,39
1047247,42
1047247,43
1047247,46
1047247,47
1047446,35
1047446,38
1047446,41
1047446,42
1047446,44
1047446,45
1047446,105
1047645,9
1047645,10
1047645,15
1047645,26
1047645,27
1047645,30
1047645,31
1047645,33
1047645,34
1047645,35
1047645,37
1047645,38
1047645,39
1047645,40
1047645,57
1047645,66
1047645,67
1047645,72
1047645,73
1047844,7
1047844,17
1047844,18
1047844,28
1047844,29
1047844,30
1047844,31
1047844,32
1047844,33
1047844,34
1047844,35
1047844,36
1047844,37
1047844,38
1047844,39
1047844,40
1047844,42
1047844,43
1047844,44
1047844,64
1047844,65
1047844,68
1047844,69
1048043,8
1048043,13
1048043,14
1048043,32
1048043,33
1048043,34
1048043,35
1048043,38
1048043,39
1048043,40
1048043,43
1048043,44
1048043,46
1048242,34
1048242,39
1048242,40
1048242,41
1048242,42
1048242,107
1048441,22
1048441,23
1048441,26
1048441,30
1048441,31
1048441,32
1048441,33
1048441,34
1048441,35
1048441,36
1048441,37
1048441,38
1048441,39
1048441,40
1048441,41
1048441,43
1048441,44
1048441,69
1048441,79
1048640,9
1048640,24
1048640,25
1048640,27
1048640,28
1048640,34
1048640,35
1048640,36
1048640,40
1048640,43
1048640,44
1048640,45
1048640,46
1048640,47
1048640,48
1048640,57
1048640,60
1048640,64
1048640,65
1048640,66
1048640,67
1048839,9
1048839,11
1048839,12
1048839,13
1048839,38
1048839,39
1048839,40
1048839,41
1048839,42
1048839,79
1049038,28
1049038,31
1049038,32
1049038,33
1049038,34
1049038,35
1049038,36
1049038,37
1049038,38
1049038,39
1049038,40
1049038,41
1049038,42
1049038,43
1049038,107
1049038,108
1049237,17
1049237,29
1049237,30
1049237,31
1049237,32
1049237,33
1049237,34
1049237,35
1049237,36
1049237,37
1049237,38
1049237,39
1049237,40
1049237,42
1049237,43
1049436,3
1049436,28
1049436,29
1049436,33
1049436,34
1049436,35
1049436,36
1049436,38
1049436,39
1049436,40
1049436,41
1049436,44
1049436,45
1049436,54
1049436,55
1049436,59
1049436,60
1049436,71
1049436,72
1049635,6
1049635,11
1049635,16
1049635,17
1049635,29
1049635,30
1049635,31
1049635,32
1049635,35
1049635,36
1049635,37
1049635,38
1049635,39
1049635,40
1049635,41
1049635,42
1049635,61
1049635,62
1049834,6
1049834,7
1049834,9
1049834,10
1049834,31
1049834,32
1049834,33
1049834,34
1049834,35
1049834,36
1049834,37
1049834,38
1049834,39
1049834,42
1049834,43
1049834,46
1049834,47
1049834,77
1050033,1
1050033,4
1050033,7
1050033,10
1050033,12
1050033,15
1050033,16
1050033,17
1050033,32
1050033,33
1050033,34
1050033,35
1050033,38
1050033,39
1050033,40
1050033,42
1050232,10
1050232,15
1050232,16
1050232,17
1050232,19
1050232,27
1050232,28
1050232,29
1050232,30
1050232,31
1050232,33
1050232,34
1050232,35
1050232,37
1050232,38
1050232,39
1050232,40
1050232,41
1050232,42
1050232,43
1050232,66
1050232,67
1050232,72
1050232,73
1050431,13
1050431,14
1050431,15
1050431,16
1050431,17
1050431,18
1050431,19
1050431,20
1050431,21
1050431,22
1050431,25
1050431,26
1050431,27
1050431,28
1050431,29
1050431,30
1050431,31
1050431,35
1050431,36
1050431,37
1050431,38
1050431,39
1050431,40
1050431,42
1050431,43
1050431,44
1050431,68
1050431,69
1050630,13
1050630,14
1050630,32
1050630,33
1050630,38
1050630,39
1050630,41
1050630,44
1050630,66
1050630,94
1050829,5
1050829,6
1050829,13
1050829,19
1050829,20
1050829,34
1050829,35
1050829,36
1050829,40
1050829,46
1051028,22
1051028,23
1051028,30
1051028,31
1051028,32
1051028,33
1051028,38
1051028,39
1051028,40
1051028,41
1051028,42
1051028,43
1051028,68
1051028,69
1051028,79
1051227,3
1051227,13
1051227,24
1051227,25
1051227,32
1051227,33
1051227,34
1051227,35
1051227,36
1051227,47
1051227,48
1051227,57
1051227,60
1051227,63
1051227,64
1051227,65
1051426,9
1051426,10
1051426,25
1051426,28
1051426,29
1051426,31
1051426,36
1051426,37
1051426,39
1051426,40
1051426,42
1051426,45
1051426,79
1051426,94
1051625,28
1051625,29
1051625,30
1051625,31
1051625,32
1051625,35
1051625,36
1051625,37
1051625,38
1051625,39
1051625,40
1051625,41
1051625,42
1051625,43
1051625,47
1051824,6
1051824,9
1051824,10
1051824,11
1051824,26
1051824,29
1051824,30
1051824,31
1051824,32
1051824,33
1051824,34
1051824,35
1051824,36
1051824,39
1051824,40
1051824,43
1051824,44
1051824,80
1052023,3
1052023,4
1052023,29
1052023,33
1052023,34
1052023,35
1052023,36
1052023,40
1052023,41
1052023,44
1052023,45
1052023,54
1052023,55
1052023,60
1052023,71
1052023,72
1052222,16
1052222,17
1052222,32
1052222,35
1052222,36
1052222,37
1052222,38
1052222,39
1052222,41
1052222,42
1052222,43
1052222,55
1052222,59
1052222,61
1052222,62
1052222,64
1052222,65
1052222,74
1052421,6
1052421,7
1052421,14
1052421,15
1052421,35
1052421,36
1052421,42
1052421,44
1052421,45
1052421,46
1052421,47
1052620,17
1052620,28
1052620,30
1052620,31
1052620,35
1052620,38
1052620,39
1052620,40
1052620,41
1052620,42
1052620,44
1052620,45
1052819,5
1052819,10
1052819,11
1052819,26
1052819,27
1052819,28
1052819,29
1052819,32
1052819,33
1052819,34
1052819,35
1052819,36
1052819,37
1052819,40
1052819,43
1052819,46
1052819,67
1052819,72
1052819,73
1052819,78
1053018,14
1053018,15
1053018,17
1053018,18
1053018,27
1053018,28
1053018,29
1053018,30
1053018,31
1053018,32
1053018,33
1053018,34
1053018,35
1053018,40
1053018,41
1053018,43
1053018,44
1053018,68
1053018,69
1053018,121
1053217,4
1053217,5
1053217,13
1053217,14
1053217,15
1053217,28
1053217,29
1053217,32
1053217,33
1053217,34
1053217,35
1053217,37
1053217,38
1053217,39
1053217,40
1053217,41
1053217,61
1053217,62
1053217,71
1053217,80
1053416,14
1053416,17
1053416,18
1053416,28
1053416,29
1053416,30
1053416,31
1053416,96
1053615,23
1053615,30
1053615,31
1053615,32
1053615,33
1053615,36
1053615,37
1053615,38
1053615,40
1053615,41
1053615,42
1053615,43
1053615,44
1053615,78
1053615,79
1053615,125
1053814,1
1053814,2
1053814,4
1053814,18
1053814,24
1053814,25
1053814,27
1053814,29
1053814,33
1053814,34
1053814,35
1053814,36
1053814,37
1053814,38
1053814,39
1053814,40
1053814,44
1053814,45
1053814,46
1053814,47
1053814,48
1053814,64
1053814,65
1053814,87
1053814,111
1054013,6
1054013,9
1054013,10
1054013,31
1054013,34
1054013,35
1054013,36
1054013,39
1054013,40
1054013,41
1054013,42
1054013,62
1054013,79
1054212,15
1054212,28
1054212,29
1054212,32
1054212,35
1054212,36
1054212,37
1054212,38
1054212,39
1054212,40
1054212,41
1054212,42
1054212,43
1054212,44
1054212,50
1054212,90
1054212,91
1054212,107
1054212,108
1054212,119
1054212,120
1054411,15
1054411,30
1054411,32
1054411,33
1054411,34
1054411,35
1054411,36
1054411,37
1054411,39
1054411,40
1054411,43
1054411,44
1054411,46
1054610,3
1054610,4
1054610,28
1054610,36
1054610,37
1054610,38
1054610,39
1054610,40
1054610,41
1054610,42
1054610,54
1054610,55
1054610,60
1054610,61
1054610,71
1054610,72
1054809,10
1054809,11
1054809,16
1054809,17
1054809,23
1054809,30
1054809,31
1054809,32
1054809,35
1054809,36
1054809,60
1054809,61
1054809,62
1055008,5
1055008,6
1055008,7
1055008,8
1055008,9
1055008,33
1055008,34
1055008,35
1055008,36
1055008,37
1055008,38
1055008,39
1055008,40
1055008,42
1055008,46
1055008,47
1055008,54
1055008,80
1055207,4
1055207,7
1055207,16
1055207,17
1055207,28
1055207,33
1055207,34
1055207,35
1055207,36
1055207,39
1055207,40
1055207,41
1055207,42
1055207,91
1055406,10
1055406,11
1055406,14
1055406,15
1055406,16
1055406,17
1055406,27
1055406,28
1055406,31
1055406,33
1055406,34
1055406,35
1055406,36
1055406,37
1055406,40
1055406,42
1055406,43
1055406,65
1055406,67
1055406,68
1055406,73
1055406,82
1055406,102
1055605,4
1055605,5
1055605,17
1055605,18
1055605,29
1055605,30
1055605,33
1055605,59
1055605,60
1055605,62
1055605,65
1055605,66
1055605,67
1055605,69
1055804,13
1055804,14
1055804,32
1055804,34
1055804,35
1055804,36
1055804,37
1056003,3
1056003,6
1056003,7
1056003,8
1056003,14
1056003,17
1056003,29
1056003,30
1056003,31
1056003,35
1056003,36
1056003,37
1056003,40
1056003,41
1056003,43
1056003,46
1056003,60
1056202,3
1056202,4
1056202,9
1056202,23
1056202,24
1056202,36
1056202,39
1056202,40
1056202,41
1056401,4
1056401,5
1056401,12
1056401,15
1056401,16
1056401,17
1056401,18
1056401,23
1056401,24
1056401,25
1056401,29
1056401,32
1056401,35
1056401,36
1056401,37
1056401,39
1056401,40
1056401,41
1056401,47
1056401,48
1056401,61
1056401,64
1056401,65
1056600,5
1056600,6
1056600,8
1056600,9
1056600,10
1056600,34
1056600,45
1056600,80
1056799,3
1056799,4
1056799,14
1056799,15
1056799,16
1056799,28
1056799,29
1056799,38
1056799,39
1056799,40
1056799,41
1056799,42
1056799,43
1056799,64
1056799,108
1056799,109
1056998,3
1056998,6
1056998,11
1056998,15
1056998,16
1056998,17
1056998,30
1056998,31
1056998,35
1056998,36
1056998,43
1057197,3
1057197,4
1057197,5
1057197,7
1057197,16
1057197,18
1057197,35
1057197,36
1057197,42
1057197,54
1057197,55
1057197,60
1057197,61
1057197,67
1057197,71
1057197,72
1057197,75
1057197,76
1057396,4
1057396,10
1057396,14
1057396,15
1057396,16
1057396,17
1057396,22
1057396,23
1057396,27
1057396,41
1057396,62
1057396,63
1057595,3
1057595,7
1057595,8
1057595,35
1057595,36
1057595,37
1057595,38
1057595,39
1057595,40
1057595,43
1057595,44
1057595,45
1057595,46
1057595,47
1057595,65
1057595,66
1057595,67
1057794,12
1057794,17
1057794,22
1057794,40
1057794,41
1057794,42
1057794,44
1057794,45
1057794,46
1057794,99
1057993,10
1057993,11
1057993,16
1057993,17
1057993,27
1057993,28
1057993,29
1057993,30
1057993,31
1057993,32
1057993,33
1057993,34
1057993,35
1057993,36
1057993,37
1057993,38
1057993,67
1057993,68
1057993,73
1057993,74
1058192,8
1058192,14
1058192,18
1058192,19
1058192,25
1058192,28
1058192,29
1058192,30
1058192,32
1058192,33
1058192,34
1058192,69
1058192,70
1058391,14
1058391,15
1058391,33
1058391,35
1058391,38
1058391,39
1058391,40
1058391,45
1058391,63
1058391,64
1058391,67
1058391,68
1058391,106
1058590,31
1058590,32
1058590,34
1058590,35
1058590,36
1058590,37
1058590,40
1058590,43
1058590,107
1058789,13
1058789,14
1058789,15
1058789,23
1058789,24
1058789,32
1058789,33
1058789,36
1058789,37
1058789,38
1058789,39
1058789,40
1058789,41
1058789,42
1058789,43
1058789,44
1058789,45
1058789,59
1058789,68
1058789,69
1058789,125
1058988,4
1058988,5
1058988,6
1058988,10
1058988,11
1058988,12
1058988,15
1058988,16
1058988,17
1058988,18
1058988,25
1058988,32
1058988,33
1058988,34
1058988,35
1058988,36
1058988,37
1058988,38
1058988,47
1058988,48
1058988,50
1058988,51
1058988,64
1058988,65
1058988,87
1059187,2
1059187,9
1059187,10
1059187,12
1059187,13
1059187,14
1059187,18
1059187,19
1059187,42
1059187,106
1059187,107
1059386,8
1059386,13
1059386,14
1059386,21
1059386,28
1059386,29
1059386,40
1059386,42
1059386,46
1059585,28
1059585,29
1059585,30
1059585,31
1059585,32
1059585,36
1059585,37
1059585,44
1059585,63
1059784,3
1059784,4
1059784,29
1059784,30
1059784,54
1059784,55
1059784,60
1059784,61
1059784,67
1059784,69
1059784,70
1059784,72
1059983,13
1059983,16
1059983,17
1059983,35
1059983,36
1059983,37
1059983,38
1059983,41
1059983,42
1059983,43
1059983,44
1059983,58
1059983,59
1059983,62
1059983,63
1060182,7
1060182,8
1060182,34
1060182,35
1060182,36
1060182,43
1060182,44
1060182,45
1060182,47
1060182,48
1060381,13
1060381,25
1060381,28
1060381,30
1060381,33
1060381,35
1060381,36
1060381,39
1060381,42
1060381,62
1060381,67
1060580,10
1060580,11
1060580,16
1060580,17
1060580,20
1060580,27
1060580,28
1060580,33
1060580,34
1060580,35
1060580,36
1060580,37
1060580,38
1060580,39
1060580,40
1060580,41
1060580,42
1060580,43
1060580,67
1060580,71
1060580,72
1060580,73
1060580,74
1060779,9
1060779,18
1060779,19
1060779,28
1060779,29
1060779,30
1060779,31
1060779,32
1060779,33
1060779,38
1060779,39
1060779,40
1060779,42
1060779,43
1060779,44
1060779,45
1060779,69
1060779,70
1060978,1
1060978,14
1060978,15
1060978,40
1060978,52
1060978,61
1061376,10
1061376,14
1061376,23
1061376,24
1061376,40
1061376,41
1061376,44
1061376,60
1061376,61
1061575,25
1061575,27
1061575,28
1061575,33
1061575,36
1061575,37
1061575,38
1061575,40
1061575,41
1061575,44
1061575,45
1061575,46
1061575,48
1061575,49
1061575,61
1061575,62
1061575,63
1061575,65
1061575,66
1061575,67
1061575,68
1061774,10
1061774,25
1061774,34
1061774,35
1061774,36
1061774,40
1061774,41
1061774,42
1061774,43
1061774,57
1061774,58
1061774,59
1061774,60
1061774,62
1061973,28
1061973,29
1061973,30
1061973,31
1061973,32
1061973,33
1061973,36
1061973,37
1061973,38
1061973,39
1061973,40
1061973,41
1061973,42
1061973,43
1061973,55
1062172,30
1062172,31
1062172,32
1062172,34
1062172,35
1062172,36
1062172,37
1062172,38
1062172,39
1062172,40
1062172,41
1062371,3
1062371,4
1062371,31
1062371,34
1062371,40
1062371,41
1062371,42
1062371,55
1062371,56
1062371,60
1062371,61
1062371,67
1062371,72
1062371,73
1062570,7
1062570,8
1062570,13
1062570,17
1062570,18
1062570,32
1062570,41
1062570,61
1062570,62
1062570,63
1062769,7
1062769,8
1062769,10
1062769,11
1062769,13
1062769,15
1062769,17
1062769,27
1062769,32
1062769,33
1062769,34
1062769,35
1062769,36
1062769,37
1062769,39
1062769,40
1062769,43
1062769,47
1062769,48
1062769,81
1062968,18
1062968,31
1062968,33
1062968,34
1062968,35
1062968,36
1062968,39
1062968,40
1062968,41
1062968,42
1062968,46
1062968,57
1062968,66
1062968,67
1062968,105
1062968,106
1062968,117
1062968,118
1063167,11
1063167,19
1063167,20
1063167,28
1063167,29
1063167,31
1063167,32
1063167,33
1063167,34
1063167,35
1063167,41
1063167,42
1063167,43
1063167,66
1063167,67
1063167,73
1063167,74
1063167,114
1063366,18
1063366,19
1063366,26
1063366,27
1063366,29
1063366,30
1063366,31
1063366,32
1063366,33
1063366,34
1063366,37
1063366,38
1063366,39
1063366,40
1063366,69
1063366,70
1063366,79
1063366,86
1063565,14
1063565,15
1063565,30
1063565,33
1063565,34
1063565,35
1063565,36
1063565,39
1063565,40
1063565,41
1063764,32
1063764,35
1063764,36
1063764,37
1063764,38
1063764,41
1063764,42
1063764,58
1063764,81
1063963,3
1063963,23
1063963,24
1063963,31
1063963,32
1063963,33
1063963,34
1063963,39
1063963,40
1063963,41
1063963,42
1063963,43
1063963,65
1063963,66
1064162,25
1064162,33
1064162,34
1064162,36
1064162,37
1064162,39
1064162,40
1064162,41
1064162,48
1064162,49
1064162,65
1064162,66
1064361,1
1064361,2
1064361,10
1064361,11
1064361,13
1064361,31
1064361,32
1064361,37
1064361,40
1064361,41
1064361,42
1064361,43
1064560,11
1064560,13
1064560,16
1064560,29
1064560,30
1064560,31
1064560,32
1064560,33
1064560,36
1064560,37
1064560,38
1064560,39
1064560,40
1064560,41
1064560,43
1064560,62
1064560,66
1064560,67
1064759,6
1064759,30
1064759,31
1064759,32
1064759,33
1064759,34
1064759,35
1064759,36
1064759,37
1064759,38
1064759,39
1064759,40
1064759,41
1064759,72
1064759,73
1064958,4
1064958,5
1064958,11
1064958,22
1064958,31
1064958,34
1064958,35
1064958,36
1064958,37
1064958,40
1064958,41
1064958,42
1064958,55
1064958,56
1064958,61
1064958,67
1064958,72
1064958,73
1065157,17
1065157,18
1065157,62
1065157,63
1065157,65
1065157,66
1065356,3
1065356,7
1065356,8
1065356,9
1065356,34
1065356,35
1065356,36
1065356,37
1065356,38
1065356,39
1065356,40
1065356,43
1065356,47
1065356,48
1065356,60
1065356,61
1065356,62
1065356,63
1065356,74
1065555,2
1065555,29
1065555,30
1065555,31
1065555,34
1065555,35
1065555,36
1065555,39
1065555,40
1065555,41
1065555,42
1065754,5
1065754,11
1065754,12
1065754,28
1065754,29
1065754,34
1065754,35
1065754,36
1065754,37
1065754,38
1065754,39
1065754,40
1065754,41
1065754,42
1065754,54
1065754,73
1065754,74
1065953,18
1065953,19
1065953,30
1065953,31
1065953,32
1065953,34
1065953,38
1065953,39
1065953,40
1065953,69
1065953,70
1066152,4
1066152,14
1066152,15
1066152,24
1066152,25
1066152,29
1066152,30
1066152,33
1066152,34
1066152,35
1066152,36
1066152,45
1066351,9
1066351,11
1066351,15
1066351,22
1066351,23
1066351,31
1066351,32
1066351,35
1066351,36
1066351,38
1066351,41
1066351,42
1066351,43
1066550,24
1066550,31
1066550,32
1066550,33
1066550,34
1066550,37
1066550,38
1066550,39
1066550,40
1066550,41
1066550,42
1066550,60
1066749,18
1066749,25
1066749,33
1066749,34
1066749,35
1066749,36
1066749,37
1066749,39
1066749,40
1066749,41
1066749,48
1066749,49
1066749,65
1066749,66
1066948,1
1066948,10
1066948,11
1066948,23
1066948,24
1066948,25
1066948,29
1066948,30
1066948,31
1066948,32
1066948,35
1066948,36
1066948,37
1066948,38
1066948,40
1066948,41
1066948,42
1066948,43
1067147,2
1067147,4
1067147,20
1067147,29
1067147,30
1067147,32
1067147,33
1067147,40
1067147,41
1067147,55
1067147,75
1067147,81
1067147,120
1067346,31
1067346,33
1067346,34
1067346,35
1067346,36
1067346,37
1067346,38
1067346,39
1067346,40
1067346,41
1067545,4
1067545,5
1067545,22
1067545,30
1067545,31
1067545,34
1067545,35
1067545,36
1067545,37
1067545,38
1067545,40
1067545,41
1067545,42
1067545,43
1067545,55
1067545,56
1067545,61
1067545,62
1067545,67
1067545,72
1067545,73
1067545,101
1067744,17
1067744,18
1067744,30
1067744,31
1067744,32
1067744,33
1067744,36
1067744,37
1067744,38
1067744,39
1067744,40
1067744,42
1067744,43
1067744,63
1067744,79
1067943,7
1067943,8
1067943,32
1067943,33
1067943,34
1067943,36
1067943,37
1067943,38
1067943,39
1067943,40
1067943,41
1067943,47
1067943,48
1068142,31
1068142,34
1068142,35
1068142,40
1068142,41
1068142,42
1068341,8
1068341,9
1068341,10
1068341,11
1068341,12
1068341,13
1068341,14
1068341,28
1068341,29
1068341,30
1068341,31
1068341,32
1068341,33
1068341,34
1068341,35
1068341,36
1068341,37
1068341,38
1068341,39
1068341,41
1068341,42
1068341,43
1068341,74
1068540,18
1068540,19
1068540,30
1068540,31
1068540,32
1068540,33
1068540,34
1068540,35
1068540,36
1068540,37
1068540,38
1068540,39
1068540,43
1068540,70
1068739,8
1068739,14
1068739,15
1068739,34
1068739,57
1068938,38
1068938,41
1068938,42
1068938,43
1068938,54
1068938,64
1068938,65
1069137,24
1069137,25
1069137,28
1069137,31
1069137,32
1069137,33
1069137,34
1069137,37
1069137,38
1069137,39
1069137,40
1069137,41
1069137,42
1069137,43
1069137,80
1069336,25
1069336,28
1069336,29
1069336,30
1069336,33
1069336,36
1069336,37
1069336,39
1069336,40
1069336,41
1069336,42
1069336,48
1069336,49
1069336,59
1069336,65
1069336,66
1069336,122
1069336,123
1069535,10
1069535,11
1069535,31
1069535,32
1069535,35
1069535,36
1069535,37
1069535,38
1069535,43
1069734,25
1069734,26
1069734,27
1069734,28
1069734,29
1069734,30
1069734,31
1069734,32
1069734,33
1069734,34
1069734,37
1069734,38
1069734,39
1069734,40
1069734,41
1069734,42
1069734,43
1069734,44
1069734,74
1069734,80
1069933,30
1069933,31
1069933,33
1069933,34
1069933,35
1069933,36
1069933,37
1069933,38
1069933,39
1069933,40
1069933,41
1069933,44
1070132,4
1070132,5
1070132,22
1070132,29
1070132,30
1070132,31
1070132,32
1070132,34
1070132,35
1070132,36
1070132,37
1070132,40
1070132,41
1070132,42
1070132,43
1070132,46
1070132,55
1070132,56
1070132,57
1070132,58
1070132,59
1070132,60
1070132,61
1070132,62
1070132,64
1070132,65
1070132,67
1070132,68
1070132,72
1070132,73
1070331,14
1070331,15
1070331,17
1070331,18
1070331,26
1070331,31
1070331,32
1070331,33
1070331,36
1070331,37
1070331,38
1070331,39
1070331,42
1070331,43
1070331,44
1070331,45
1070331,63
1070331,64
1070530,2
1070530,3
1070530,8
1070530,9
1070530,32
1070530,33
1070530,34
1070530,35
1070530,36
1070530,37
1070530,38
1070530,39
1070530,40
1070530,41
1070530,42
1070530,47
1070530,48
1070729,2
1070729,11
1070729,12
1070729,29
1070729,31
1070729,34
1070729,35
1070729,36
1070729,37
1070729,40
1070729,41
1070729,42
1070729,43
1070729,84
1070729,85
1070729,118
1070928,11
1070928,12
1070928,25
1070928,28
1070928,29
1070928,32
1070928,33
1070928,34
1070928,35
1070928,36
1070928,37
1070928,38
1070928,39
1070928,47
1070928,54
1070928,57
1070928,58
1070928,64
1070928,74
1070928,75
1071127,15
1071127,19
1071127,20
1071127,30
1071127,31
1071127,32
1071127,33
1071127,34
1071127,35
1071127,38
1071127,39
1071127,40
1071127,43
1071127,70
1071127,71
1071326,15
1071326,31
1071326,34
1071326,35
1071326,36
1071326,37
1071326,38
1071326,39
1071326,40
1071326,41
1071326,42
1071525,1
1071525,31
1071525,32
1071525,33
1071525,35
1071525,36
1071525,37
1071525,38
1071525,41
1071724,24
1071724,25
1071724,31
1071724,32
1071724,33
1071724,34
1071724,37
1071724,38
1071724,39
1071724,40
1071724,41
1071724,42
1071724,43
1071724,69
1071923,24
1071923,33
1071923,34
1071923,35
1071923,36
1071923,37
1071923,39
1071923,40
1071923,41
1071923,42
1071923,48
1071923,49
1071923,51
1071923,52
1071923,65
1071923,66
1071923,112
1072122,4
1072122,7
1072122,10
1072122,11
1072122,13
1072122,14
1072122,26
1072122,31
1072122,32
1072122,35
1072122,36
1072122,37
1072122,38
1072122,39
1072122,41
1072122,42
1072122,43
1072122,58
1072321,0
1072321,25
1072321,29
1072321,30
1072321,31
1072321,32
1072321,33
1072321,34
1072321,36
1072321,37
1072321,38
1072321,39
1072321,40
1072321,41
1072321,42
1072321,43
1072321,57
1072321,60
1072520,2
1072520,5
1072520,16
1072520,31
1072520,34
1072520,35
1072520,36
1072520,37
1072520,38
1072520,39
1072520,40
1072520,41
1072719,4
1072719,5
1072719,22
1072719,29
1072719,31
1072719,32
1072719,35
1072719,36
1072719,37
1072719,38
1072719,40
1072719,41
1072719,42
1072719,43
1072719,55
1072719,56
1072719,61
1072719,62
1072719,67
1072719,68
1072719,70
1072719,71
1072719,73
1072918,17
1072918,18
1072918,31
1072918,36
1072918,39
1072918,42
1072918,43
1072918,62
1072918,63
1072918,64
1072918,79
1072918,118
1073117,8
1073117,9
1073117,15
1073117,30
1073117,33
1073117,34
1073117,35
1073117,36
1073117,37
1073117,38
1073117,39
1073117,40
1073117,41
1073117,48
1073117,82
1073316,31
1073316,34
1073316,35
1073316,36
1073316,37
1073316,40
1073316,43
1073316,106
1073316,107
1073515,11
1073515,12
1073515,15
1073515,16
1073515,28
1073515,29
1073515,30
1073515,31
1073515,32
1073515,33
1073515,34
1073515,35
1073515,36
1073515,37
1073515,38
1073515,39
1073515,42
1073515,43
1073515,57
1073515,58
1073515,74
1073515,75
1073515,79
1073515,115
1073714,19
1073714,20
1073714,30
1073714,31
1073714,32
1073714,33
1073714,34
1073714,35
1073714,36
1073714,38
1073714,39
1073714,40
1073714,41
1073714,70
1073714,71
1073913,8
1073913,15
1073913,25
1073913,30
1073913,31
1073913,34
1073913,35
1073913,36
1073913,37
1073913,40
1073913,41
1073913,45
1073913,60
1073913,61
1073913,79
1073913,80
1073913,81
1074112,27
1074112,31
1074112,32
1074112,33
1074112,36
1074112,37
1074112,38
1074112,41
1074112,42
1074311,24
1074311,25
1074311,31
1074311,32
1074311,33
1074311,34
1074311,37
1074311,38
1074311,39
1074311,40
1074311,41
1074311,42
1074510,25
1074510,37
1074510,49
1074510,50
1074510,66
1074510,67
1074510,68
1074510,69
1074709,11
1074709,32
1074709,35
1074709,36
1074709,37
1074709,38
1074709,41
1074709,42
1074709,43
1074709,53
1074908,11
1074908,27
1074908,28
1074908,29
1074908,30
1074908,31
1074908,32
1074908,33
1074908,34
1074908,36
1074908,37
1074908,38
1074908,39
1074908,40
1074908,41
1074908,42
1074908,43
1075107,13
1075107,31
1075107,33
1075107,34
1075107,35
1075107,36
1075107,37
1075107,38
1075107,39
1075107,40
1075107,41
1075107,42
1075107,45
1075107,46
1075107,62
1075107,63
1075107,64
1075107,80
1075306,4
1075306,5
1075306,9
1075306,22
1075306,29
1075306,35
1075306,36
1075306,37
1075306,38
1075306,41
1075306,42
1075306,43
1075306,56
1075306,57
1075306,61
1075306,62
1075306,67
1075306,68
1075306,73
1075306,74
1075505,18
1075505,19
1075505,24
1075505,28
1075505,31
1075505,32
1075505,33
1075505,34
1075505,37
1075505,38
1075505,39
1075505,42
1075505,43
1075505,63
1075505,64
1075704,8
1075704,9
1075704,11
1075704,12
1075704,28
1075704,29
1075704,30
1075704,33
1075704,34
1075704,36
1075704,37
1075704,38
1075704,39
1075704,40
1075704,41
1075704,44
1075704,45
1075704,46
1075704,48
1075903,31
1075903,32
1075903,34
1075903,35
1075903,36
1075903,37
1075903,40
1075903,41
1075903,42
1075903,43
1075903,44
1075903,60
1075903,63
1075903,67
1075903,68
1075903,80
1075903,119
1076102,12
1076102,13
1076102,14
1076102,20
1076102,21
1076102,29
1076102,30
1076102,31
1076102,32
1076102,33
1076102,34
1076102,35
1076102,36
1076102,37
1076102,38
1076102,39
1076102,42
1076102,43
1076102,44
1076102,74
1076102,75
1076102,115
1076301,1
1076301,4
1076301,17
1076301,19
1076301,20
1076301,30
1076301,31
1076301,33
1076301,34
1076301,35
1076301,39
1076301,40
1076301,44
1076301,45
1076301,46
1076301,70
1076301,71
1076500,6
1076500,15
1076500,25
1076500,31
1076500,34
1076500,35
1076500,36
1076500,37
1076500,41
1076500,42
1076500,65
1076699,31
1076699,32
1076699,33
1076699,34
1076699,35
1076699,36
1076699,37
1076699,38
1076699,39
1076699,42
1076699,44
1076898,3
1076898,9
1076898,10
1076898,11
1076898,15
1076898,24
1076898,25
1076898,31
1076898,32
1076898,33
1076898,34
1076898,35
1076898,40
1076898,41
1076898,42
1076898,43
1076898,44
1077097,12
1077097,14
1077097,31
1077097,34
1077097,35
1077097,36
1077097,37
1077097,39
1077097,40
1077097,41
1077097,42
1077097,49
1077097,50
1077097,59
1077097,62
1077097,63
1077097,66
1077097,67
1077097,111
1077097,112
1077296,8
1077296,11
1077296,12
1077296,14
1077296,15
1077296,19
1077296,24
1077296,30
1077296,31
1077296,32
1077296,33
1077296,35
1077296,36
1077296,37
1077296,38
1077296,41
1077296,42
1077296,44
1077495,30
1077495,31
1077495,32
1077495,33
1077495,34
1077495,35
1077495,36
1077495,37
1077495,38
1077495,39
1077495,40
1077495,41
1077495,42
1077495,43
1077495,47
1077495,48
1077495,109
1077495,110
1077694,16
1077694,28
1077694,29
1077694,30
1077694,31
1077694,33
1077694,34
1077694,35
1077694,36
1077694,37
1077694,38
1077694,39
1077694,40
1077694,41
1077694,42
1077694,45
1077694,46
1077893,5
1077893,6
1077893,9
1077893,14
1077893,22
1077893,23
1077893,32
1077893,35
1077893,36
1077893,37
1077893,39
1077893,40
1077893,41
1077893,42
1077893,51
1077893,56
1077893,57
1077893,62
1077893,68
1077893,73
1077893,74
1078092,15
1078092,18
1078092,19
1078092,26
1078092,28
1078092,31
1078092,32
1078092,33
1078092,34
1078092,37
1078092,38
1078092,39
1078092,40
1078092,43
1078092,44
1078092,45
1078092,63
1078092,64
1078092,66
1078092,67
1078291,6
1078291,8
1078291,9
1078291,30
1078291,33
1078291,34
1078291,35
1078291,36
1078291,37
1078291,38
1078291,40
1078291,41
1078291,48
1078291,49
1078490,29
1078490,30
1078490,31
1078490,32
1078490,35
1078490,36
1078689,8
1078689,9
1078689,10
1078689,12
1078689,13
1078689,14
1078689,26
1078689,29
1078689,30
1078689,34
1078689,35
1078689,36
1078689,37
1078689,38
1078689,39
1078689,40
1078689,41
1078689,65
1078689,66
1078689,67
1078689,74
1078689,75
1078689,115
1078888,19
1078888,20
1078888,27
1078888,28
1078888,29
1078888,30
1078888,31
1078888,32
1078888,33
1078888,34
1078888,35
1078888,36
1078888,37
1078888,38
1078888,39
1078888,40
1078888,41
1078888,42
1078888,43
1078888,44
1078888,45
1078888,46
1078888,70
1078888,71
1079087,15
1079087,17
1079087,31
1079087,34
1079087,35
1079087,36
1079087,37
1079087,38
1079087,39
1079087,40
1079087,41
1079087,42
1079087,58
1079087,59
1079087,63
1079087,64
1079286,10
1079286,11
1079286,12
1079286,13
1079286,14
1079286,16
1079286,20
1079286,33
1079286,42
1079286,53
1079286,54
1079286,64
1079485,4
1079485,5
1079485,11
1079485,15
1079485,16
1079485,17
1079485,18
1079485,25
1079485,31
1079485,32
1079485,33
1079485,34
1079485,35
1079485,39
1079485,40
1079485,41
1079485,42
1079485,58
1079485,63
1079485,70
1079485,71
1079684,8
1079684,13
1079684,17
1079684,31
1079684,34
1079684,35
1079684,36
1079684,37
1079684,40
1079684,49
1079684,50
1079684,56
1079684,66
1079684,67
1079684,69
1079684,123
1079684,124
1079883,11
1079883,12
1079883,13
1079883,15
1079883,42
1079883,43
1079883,59
1080082,6
1080082,30
1080082,31
1080082,41
1080082,42
1080082,75
1080082,76
1080281,28
1080281,29
1080281,30
1080281,31
1080281,34
1080281,37
1080281,38
1080281,39
1080281,40
1080281,41
1080281,42
1080281,80
1080281,81
1080281,82
1080480,5
1080480,6
1080480,22
1080480,23
1080480,30
1080480,31
1080480,32
1080480,35
1080480,38
1080480,41
1080480,42
1080480,43
1080480,44
1080480,56
1080480,57
1080480,62
1080480,63
1080480,64
1080480,65
1080480,66
1080480,67
1080480,68
1080480,73
1080480,74
1080679,4
1080679,5
1080679,6
1080679,9
1080679,10
1080679,11
1080679,14
1080679,15
1080679,16
1080679,17
1080679,18
1080679,19
1080679,31
1080679,32
1080679,33
1080679,34
1080679,37
1080679,38
1080679,39
1080679,40
1080679,63
1080679,64
1080878,8
1080878,9
1080878,23
1080878,24
1080878,27
1080878,28
1080878,30
1080878,33
1080878,34
1080878,35
1080878,36
1080878,37
1080878,38
1080878,39
1080878,40
1080878,41
1080878,42
1080878,44
1080878,48
1081077,9
1081077,10
1081077,11
1081077,12
1081077,13
1081077,14
1081077,15
1081077,18
1081077,30
1081077,31
1081077,32
1081077,35
1081077,36
1081077,37
1081077,38
1081077,41
1081077,42
1081077,67
1081077,68
1081077,107
1081276,5
1081276,12
1081276,13
1081276,14
1081276,15
1081276,19
1081276,28
1081276,29
1081276,30
1081276,31
1081276,32
1081276,33
1081276,34
1081276,35
1081276,36
1081276,38
1081276,39
1081276,42
1081276,43
1081276,44
1081276,74
1081276,75
1081475,5
1081475,6
1081475,7
1081475,13
1081475,19
1081475,20
1081475,30
1081475,31
1081475,32
1081475,34
1081475,35
1081475,38
1081475,39
1081475,40
1081475,41
1081475,44
1081475,45
1081475,71
1081475,99
1081475,100
1081475,102
1081674,3
1081674,6
1081674,7
1081674,8
1081674,9
1081674,13
1081674,15
1081674,17
1081674,32
1081674,34
1081674,35
1081674,36
1081674,37
1081674,40
1081674,41
1081674,42
1081873,3
1081873,4
1081873,5
1081873,10
1081873,11
1081873,13
1081873,14
1081873,15
1081873,32
1081873,33
1081873,36
1081873,37
1081873,38
1081873,39
1082072,25
1082072,26
1082072,27
1082072,29
1082072,31
1082072,32
1082072,33
1082072,34
1082072,35
1082072,38
1082072,40
1082072,41
1082072,42
1082072,43
1082072,44
1082072,61
1082271,14
1082271,15
1082271,31
1082271,34
1082271,37
1082271,40
1082271,41
1082271,42
1082271,49
1082271,50
1082271,55
1082271,56
1082271,66
1082271,67
1082271,79
1082271,80
1082271,81
1082271,112
1082271,113
1082271,124
1082470,5
1082470,6
1082470,8
1082470,11
1082470,12
1082470,109
1082669,13
1082669,15
1082669,30
1082669,31
1082669,32
1082669,33
1082669,34
1082669,35
1082669,36
1082669,38
1082669,39
1082669,40
1082669,41
1082669,42
1082669,44
1082669,45
1082669,82
1082669,111
1082868,12
1082868,13
1082868,14
1082868,31
1082868,34
1082868,35
1082868,36
1082868,37
1082868,38
1082868,39
1082868,40
1082868,41
1082868,42
1082868,53
1082868,60
1082868,63
1082868,83
1082868,84
